Airline,Source,Destination,Total_Stops,DurHrs_Mins,D_Day,D_Month,D_Year,D_Hour,D_Minute,A_Hour,A_Minute,A_Day,A_Month,A_Year
Jet Airways,Banglore,New Delhi,1,435,3,6,2019,8,55,16,10,28,9,2026
Jet Airways,Delhi,Cochin,1,1235,24,6,2019,16,0,12,35,25,6,2026
IndiGo,Mumbai,Hyderabad,0,90,21,5,2019,2,35,4,5,28,9,2026
Jet Airways,Kolkata,Banglore,1,365,24,5,2019,16,30,22,35,28,9,2026
IndiGo,Delhi,Cochin,1,300,27,3,2019,5,5,10,5,28,9,2026
Air India,Banglore,New Delhi,1,385,15,3,2019,8,50,15,15,28,9,2026
SpiceJet,Delhi,Cochin,1,380,24,4,2019,15,45,22,5,28,9,2026
Jet Airways,Delhi,Cochin,1,705,3,9,2019,8,0,19,45,28,9,2026
Jet Airways,Banglore,New Delhi,1,760,15,3,2019,5,45,18,25,28,9,2026
Jet Airways,Delhi,Cochin,1,1100,27,6,2019,18,15,12,35,28,6,2026
Vistara,Banglore,Delhi,0,170,4,3,2019,9,45,12,35,28,9,2026
Jet Airways,Kolkata,Banglore,1,1410,24,3,2019,21,10,20,40,25,3,2026
IndiGo,Delhi,Cochin,1,345,15,5,2019,21,50,3,35,16,5,2026
Jet Airways,Delhi,Cochin,2,1375,15,6,2019,5,30,4,25,16,6,2026
IndiGo,Banglore,New Delhi,0,165,3,3,2019,1,30,4,15,28,9,2026
Air India,Kolkata,Banglore,1,625,6,6,2019,10,0,20,25,28,9,2026
Jet Airways,Delhi,Cochin,2,1925,21,3,2019,10,45,18,50,22,3,2026
IndiGo,Delhi,Cochin,1,570,6,3,2019,16,0,1,30,6,4,2026
SpiceJet,Kolkata,Banglore,0,140,6,9,2019,22,20,0,40,6,10,2026
Multiple carriers,Delhi,Cochin,1,630,4,9,2019,8,45,19,15,28,9,2026
SpiceJet,Kolkata,Banglore,0,150,27,4,2019,17,10,19,40,28,9,2026
Air Asia,Kolkata,Banglore,0,155,6,1,2019,10,20,12,55,28,9,2026
Jet Airways,Kolkata,Banglore,1,1545,21,5,2019,6,30,8,15,22,5,2026
Vistara,Kolkata,Banglore,1,975,4,1,2019,7,10,23,25,28,9,2026
Jet Airways,Delhi,Cochin,1,365,3,6,2019,22,20,4,25,3,7,2026
Multiple carriers,Delhi,Cochin,1,780,15,5,2019,6,0,19,0,28,9,2026
Jet Airways,Delhi,Cochin,2,1390,27,5,2019,13,25,12,35,28,5,2026
Air India,Kolkata,Banglore,0,150,24,5,2019,14,15,16,45,28,9,2026
Air Asia,Delhi,Cochin,1,870,18,5,2019,7,55,22,25,28,9,2026
Jet Airways,Kolkata,Banglore,1,570,5,12,2019,14,5,23,35,28,9,2026
Jet Airways,Delhi,Cochin,2,910,6,12,2019,21,25,12,35,13,6,2026
IndiGo,Mumbai,Hyderabad,0,85,15,3,2019,19,5,20,30,28,9,2026
Multiple carriers,Delhi,Cochin,1,480,18,5,2019,13,0,21,0,28,9,2026
Air India,Banglore,New Delhi,2,1600,3,1,2019,6,45,9,25,3,2,2026
Jet Airways,Delhi,Cochin,2,810,6,12,2019,5,30,19,0,28,9,2026
Air India,Delhi,Cochin,2,1380,21,5,2019,20,15,19,15,22,5,2026
Air India,Delhi,Cochin,1,765,6,6,2019,20,40,9,25,6,7,2026
IndiGo,Delhi,Cochin,1,325,6,1,2019,2,0,7,25,28,9,2026
IndiGo,Kolkata,Banglore,0,155,6,9,2019,17,15,19,50,28,9,2026
Jet Airways,Delhi,Cochin,2,1460,6,12,2019,12,15,12,35,13,6,2026
Air India,Banglore,Delhi,0,165,4,3,2019,6,10,8,55,28,9,2026
IndiGo,Kolkata,Banglore,0,160,18,4,2019,21,25,0,5,19,4,2026
Multiple carriers,Delhi,Cochin,1,690,6,9,2019,14,0,1,30,6,10,2026
IndiGo,Delhi,Cochin,1,810,15,6,2019,7,30,21,0,28,9,2026
Jet Airways,Mumbai,Hyderabad,0,85,6,9,2019,7,5,8,30,28,9,2026
SpiceJet,Mumbai,Hyderabad,0,90,6,3,2019,5,45,7,15,28,9,2026
IndiGo,Delhi,Cochin,1,305,6,6,2019,23,30,4,35,6,7,2026
Jet Airways,Kolkata,Banglore,1,1405,24,3,2019,16,55,16,20,25,3,2026
IndiGo,Delhi,Cochin,0,195,24,6,2019,14,20,17,35,28,9,2026
Jet Airways,Mumbai,Hyderabad,0,90,27,3,2019,19,35,21,5,28,9,2026
Jet Airways,Delhi,Cochin,2,425,24,6,2019,5,30,12,35,28,9,2026
Jet Airways,Delhi,Cochin,2,810,6,6,2019,5,30,19,0,28,9,2026
Jet Airways,Mumbai,Hyderabad,0,90,5,6,2019,19,35,21,5,28,9,2026
Jet Airways,Kolkata,Banglore,1,1330,5,9,2019,6,30,4,40,5,10,2026
IndiGo,Kolkata,Banglore,0,150,5,3,2019,14,25,16,55,28,9,2026
Jet Airways,Delhi,Cochin,1,550,5,9,2019,19,15,4,25,5,10,2026
Jet Airways,Delhi,Cochin,2,1375,6,1,2019,5,30,4,25,6,2,2026
Jet Airways,Mumbai,Hyderabad,0,90,24,6,2019,19,35,21,5,28,9,2026
Jet Airways,Delhi,Cochin,1,1105,27,5,2019,10,0,4,25,28,5,2026
Air Asia,Kolkata,Banglore,1,710,18,5,2019,7,35,19,25,28,9,2026
SpiceJet,Chennai,Kolkata,0,135,5,3,2019,8,20,10,35,28,9,2026
IndiGo,Chennai,Kolkata,0,140,27,5,2019,14,45,17,5,28,9,2026
IndiGo,Chennai,Kolkata,0,145,5,9,2019,11,35,14,0,28,9,2026
SpiceJet,Mumbai,Hyderabad,0,90,5,12,2019,5,45,7,15,28,9,2026
IndiGo,Kolkata,Banglore,0,155,6,6,2019,11,30,14,5,28,9,2026
Vistara,Delhi,Cochin,0,190,27,5,2019,6,0,9,10,28,9,2026
Multiple carriers,Delhi,Cochin,1,390,6,12,2019,19,0,1,30,13,6,2026
Air India,Kolkata,Banglore,2,970,6,12,2019,16,45,8,55,13,6,2026
Jet Airways,Kolkata,Banglore,1,875,6,12,2019,14,5,4,40,13,6,2026
Jet Airways,Delhi,Cochin,0,195,24,6,2019,11,0,14,15,28,9,2026
Jet Airways,Delhi,Cochin,2,1475,27,3,2019,19,10,19,45,28,3,2026
Jet Airways,Kolkata,Banglore,1,395,21,5,2019,17,0,23,35,28,9,2026
Jet Airways,Kolkata,Banglore,1,1215,6,6,2019,8,25,4,40,6,7,2026
IndiGo,Kolkata,Banglore,0,155,18,4,2019,4,40,7,15,28,9,2026
Jet Airways,Delhi,Cochin,2,1760,15,6,2019,23,5,4,25,17,6,2026
Jet Airways,Delhi,Cochin,2,810,27,6,2019,23,5,12,35,28,6,2026
IndiGo,Delhi,Cochin,1,835,27,5,2019,8,35,22,30,28,9,2026
Multiple carriers,Delhi,Cochin,1,920,15,6,2019,7,10,22,30,28,9,2026
Air India,Banglore,New Delhi,2,920,3,3,2019,17,25,8,45,3,7,2026
Multiple carriers,Delhi,Cochin,1,900,3,9,2019,6,0,21,0,28,9,2026
Jet Airways,Delhi,Cochin,1,385,21,3,2019,22,0,4,25,22,3,2026
Air India,Kolkata,Banglore,2,1385,6,12,2019,9,50,8,55,13,6,2026
Jet Airways,Delhi,Cochin,1,1530,18,5,2019,17,30,19,0,19,5,2026
IndiGo,Kolkata,Banglore,0,155,3,1,2019,15,20,17,55,28,9,2026
Vistara,Kolkata,Banglore,1,700,15,5,2019,7,10,18,50,28,9,2026
IndiGo,Banglore,New Delhi,0,170,3,9,2019,22,20,1,10,13,3,2026
IndiGo,Mumbai,Hyderabad,0,90,18,6,2019,21,20,22,50,28,9,2026
Multiple carriers,Delhi,Cochin,1,730,21,3,2019,7,5,19,15,28,9,2026
Multiple carriers,Delhi,Cochin,1,545,6,6,2019,7,5,16,10,28,9,2026
IndiGo,Delhi,Cochin,1,295,24,6,2019,5,10,10,5,28,9,2026
Jet Airways,Delhi,Cochin,1,1485,6,1,2019,18,15,19,0,6,2,2026
Jet Airways,Banglore,New Delhi,1,885,3,12,2019,9,45,0,30,13,3,2026
Air India,Delhi,Cochin,1,1360,3,6,2019,9,0,7,40,3,7,2026
Air India,Banglore,New Delhi,1,1520,15,3,2019,22,0,23,20,16,3,2026
Multiple carriers,Delhi,Cochin,1,575,21,5,2019,2,15,11,50,28,9,2026
Air India,Banglore,Delhi,0,165,4,1,2019,6,10,8,55,28,9,2026
SpiceJet,Banglore,Delhi,0,175,24,5,2019,21,10,0,5,25,5,2026
IndiGo,Delhi,Cochin,1,940,6,6,2019,6,50,22,30,28,9,2026
Jet Airways,Mumbai,Hyderabad,0,90,27,5,2019,19,35,21,5,28,9,2026
Multiple carriers,Delhi,Cochin,1,615,21,5,2019,9,0,19,15,28,9,2026
GoAir,Delhi,Cochin,1,310,5,9,2019,14,25,19,35,28,9,2026
Jet Airways,Delhi,Cochin,1,1050,3,9,2019,2,15,19,45,28,9,2026
SpiceJet,Delhi,Cochin,1,380,15,5,2019,15,45,22,5,28,9,2026
Multiple carriers,Delhi,Cochin,1,395,21,3,2019,19,0,1,35,22,3,2026
IndiGo,Delhi,Cochin,1,625,3,6,2019,11,55,22,20,28,9,2026
Jet Airways,Banglore,New Delhi,1,580,3,1,2019,11,40,21,20,28,9,2026
Jet Airways,Kolkata,Banglore,1,665,6,9,2019,21,10,8,15,6,10,2026
IndiGo,Mumbai,Hyderabad,0,95,18,6,2019,20,5,21,40,28,9,2026
IndiGo,Banglore,Delhi,0,180,21,6,2019,16,55,19,55,28,9,2026
Jet Airways,Delhi,Cochin,2,1620,6,3,2019,9,35,12,35,6,4,2026
IndiGo,Delhi,Cochin,1,665,15,4,2019,5,5,16,10,28,9,2026
IndiGo,Kolkata,Banglore,1,290,5,1,2019,8,10,13,0,28,9,2026
Air India,Delhi,Cochin,2,1560,24,6,2019,17,15,19,15,25,6,2026
Jet Airways,Delhi,Cochin,2,810,6,1,2019,5,30,19,0,28,9,2026
Jet Airways,Kolkata,Banglore,1,1430,4,1,2019,16,30,16,20,4,2,2026
Multiple carriers,Delhi,Cochin,1,725,3,6,2019,8,55,21,0,28,9,2026
GoAir,Banglore,Delhi,0,175,5,3,2019,7,45,10,40,28,9,2026
SpiceJet,Kolkata,Banglore,0,150,24,4,2019,17,10,19,40,28,9,2026
Jet Airways,Banglore,New Delhi,1,520,18,3,2019,11,40,20,20,28,9,2026
Air Asia,Banglore,Delhi,0,165,6,1,2019,11,10,13,55,28,9,2026
Jet Airways,Delhi,Cochin,2,1195,27,6,2019,23,5,19,0,28,6,2026
Air India,Delhi,Cochin,2,1410,6,9,2019,19,45,19,15,6,10,2026
Jet Airways,Kolkata,Banglore,1,1570,5,6,2019,17,0,19,10,5,7,2026
Air Asia,Delhi,Cochin,1,625,27,4,2019,20,45,7,10,28,4,2026
SpiceJet,Kolkata,Banglore,0,150,27,5,2019,17,10,19,40,28,9,2026
IndiGo,Kolkata,Banglore,1,290,24,5,2019,15,15,20,5,28,9,2026
Jet Airways,Mumbai,Hyderabad,0,90,6,6,2019,19,35,21,5,28,9,2026
Air India,Kolkata,Banglore,2,1170,15,5,2019,9,10,4,40,16,5,2026
Jet Airways,Delhi,Cochin,2,810,27,5,2019,5,30,19,0,28,9,2026
Jet Airways,Mumbai,Hyderabad,0,90,27,3,2019,2,55,4,25,28,9,2026
SpiceJet,Kolkata,Banglore,1,435,24,5,2019,11,35,18,50,28,9,2026
Air India,Kolkata,Banglore,0,155,21,3,2019,20,45,23,20,28,9,2026
Multiple carriers,Delhi,Cochin,1,660,15,5,2019,8,0,19,0,28,9,2026
Air India,Kolkata,Banglore,0,155,21,5,2019,20,45,23,20,28,9,2026
Jet Airways,Delhi,Cochin,1,620,15,5,2019,2,15,12,35,28,9,2026
Air India,Delhi,Cochin,1,555,5,9,2019,10,0,19,15,28,9,2026
Air India,Delhi,Cochin,0,185,21,3,2019,18,5,21,10,28,9,2026
Air India,Delhi,Cochin,2,800,6,6,2019,5,55,19,15,28,9,2026
Jet Airways,Banglore,Delhi,0,185,6,1,2019,18,55,22,0,28,9,2026
Multiple carriers,Delhi,Cochin,1,780,21,3,2019,8,0,21,0,28,9,2026
Air India,Delhi,Cochin,2,1420,15,6,2019,9,45,9,25,16,6,2026
Jet Airways,Kolkata,Banglore,1,1630,5,9,2019,20,25,23,35,5,10,2026
IndiGo,Delhi,Cochin,1,300,27,6,2019,16,0,21,0,28,9,2026
IndiGo,Banglore,Delhi,0,170,6,3,2019,13,0,15,50,28,9,2026
Vistara,Kolkata,Banglore,1,945,6,9,2019,7,10,22,55,28,9,2026
SpiceJet,Banglore,Delhi,0,175,15,4,2019,21,10,0,5,16,4,2026
Jet Airways,Delhi,Cochin,1,1240,27,3,2019,23,5,19,45,28,3,2026
Air India,Kolkata,Banglore,1,675,5,6,2019,9,50,21,5,28,9,2026
Air India,Kolkata,Banglore,2,610,6,6,2019,8,20,18,30,28,9,2026
Jet Airways,Banglore,New Delhi,1,640,3,6,2019,22,50,9,30,3,7,2026
IndiGo,Banglore,New Delhi,0,175,3,9,2019,21,20,0,15,3,10,2026
Jet Airways,Kolkata,Banglore,1,635,18,5,2019,5,45,16,20,28,9,2026
Jet Airways,Kolkata,Banglore,1,910,5,6,2019,18,55,10,5,5,7,2026
Multiple carriers,Delhi,Cochin,1,450,3,6,2019,8,0,15,30,28,9,2026
IndiGo,Kolkata,Banglore,0,155,5,12,2019,20,20,22,55,28,9,2026
Air India,Banglore,New Delhi,2,630,3,1,2019,5,50,16,20,28,9,2026
Air India,Delhi,Cochin,2,1420,3,9,2019,9,45,9,25,3,10,2026
Air India,Kolkata,Banglore,1,965,4,3,2019,19,0,11,5,4,4,2026
IndiGo,Banglore,Delhi,0,165,5,12,2019,1,30,4,15,28,9,2026
Jet Airways,Delhi,Cochin,2,1380,27,6,2019,20,0,19,0,28,6,2026
Air Asia,Kolkata,Banglore,1,220,18,5,2019,6,50,10,30,28,9,2026
Jet Airways,Kolkata,Banglore,1,1220,21,5,2019,20,0,16,20,22,5,2026
Multiple carriers,Delhi,Cochin,1,840,21,3,2019,7,0,21,0,28,9,2026
IndiGo,Kolkata,Banglore,0,155,27,5,2019,17,15,19,50,28,9,2026
Air India,Mumbai,Hyderabad,0,80,24,3,2019,21,5,22,25,28,9,2026
Jet Airways,Banglore,Delhi,0,180,15,6,2019,19,50,22,50,28,9,2026
Jet Airways,Kolkata,Banglore,1,1520,6,12,2019,9,35,10,55,13,6,2026
IndiGo,Delhi,Cochin,1,705,15,6,2019,9,15,21,0,28,9,2026
Air India,Kolkata,Banglore,2,1385,24,5,2019,9,50,8,55,25,5,2026
IndiGo,Kolkata,Banglore,0,150,21,4,2019,14,25,16,55,28,9,2026
Multiple carriers,Delhi,Cochin,1,600,5,9,2019,9,0,19,0,28,9,2026
Jet Airways,Delhi,Cochin,1,1040,27,5,2019,19,15,12,35,28,5,2026
Air India,Kolkata,Banglore,0,155,6,6,2019,20,45,23,20,28,9,2026
IndiGo,Kolkata,Banglore,0,170,27,3,2019,5,30,8,20,28,9,2026
Jet Airways,Delhi,Cochin,1,1015,6,9,2019,11,30,4,25,6,10,2026
Air India,Kolkata,Banglore,2,1610,18,5,2019,8,20,11,10,19,5,2026
Air India,Banglore,New Delhi,1,1520,21,3,2019,22,0,23,20,19,3,2026
Jet Airways,Banglore,New Delhi,1,1035,3,12,2019,5,45,23,0,28,9,2026
Air India,Delhi,Cochin,2,1410,15,5,2019,19,45,19,15,16,5,2026
Multiple carriers,Delhi,Cochin,1,470,15,5,2019,11,25,19,15,28,9,2026
Jet Airways,Delhi,Cochin,1,1005,6,3,2019,2,15,19,0,28,9,2026
Air India,Delhi,Cochin,1,1215,21,3,2019,23,0,19,15,22,3,2026
Air India,Delhi,Cochin,2,1275,15,5,2019,22,0,19,15,16,5,2026
Jet Airways,Banglore,Delhi,0,165,27,6,2019,6,0,8,45,28,9,2026
IndiGo,Kolkata,Banglore,1,325,24,5,2019,18,5,23,30,28,9,2026
Jet Airways,Delhi,Cochin,2,1375,15,6,2019,5,30,4,25,16,6,2026
Air India,Kolkata,Banglore,0,150,21,3,2019,14,15,16,45,28,9,2026
SpiceJet,Mumbai,Hyderabad,0,85,3,9,2019,8,50,10,15,28,9,2026
Jet Airways,Kolkata,Banglore,1,1295,5,1,2019,20,25,18,0,5,2,2026
Jet Airways,Banglore,New Delhi,1,1365,3,1,2019,11,40,10,25,3,2,2026
Jet Airways,Kolkata,Banglore,1,1730,21,5,2019,9,35,14,25,22,5,2026
Jet Airways,Kolkata,Banglore,1,1200,21,5,2019,14,5,10,5,22,5,2026
Air India,Kolkata,Banglore,2,1390,6,6,2019,12,0,11,10,6,7,2026
Multiple carriers,Delhi,Cochin,1,755,3,6,2019,9,45,22,20,28,9,2026
Air India,Delhi,Cochin,2,1380,3,9,2019,20,15,19,15,3,10,2026
IndiGo,Banglore,New Delhi,0,170,24,3,2019,10,10,13,0,28,9,2026
Air India,Kolkata,Banglore,1,745,18,5,2019,9,25,21,50,28,9,2026
Jet Airways,Delhi,Cochin,1,535,27,3,2019,9,55,18,50,28,9,2026
Air India,Banglore,Delhi,0,170,6,12,2019,21,5,23,55,28,9,2026
Jet Airways,Banglore,New Delhi,1,780,18,3,2019,18,40,7,40,16,3,2026
Jet Airways,Kolkata,Banglore,1,1500,6,12,2019,17,0,18,0,13,6,2026
Jet Airways,Mumbai,Hyderabad,0,85,4,3,2019,7,5,8,30,28,9,2026
Multiple carriers,Delhi,Cochin,1,385,3,6,2019,9,45,16,10,28,9,2026
Jet Airways,Delhi,Cochin,2,1380,6,12,2019,20,0,19,0,13,6,2026
IndiGo,Delhi,Cochin,2,565,3,6,2019,11,55,21,20,28,9,2026
Jet Airways,Delhi,Cochin,1,1005,4,3,2019,2,15,19,0,28,9,2026
Multiple carriers,Delhi,Cochin,2,460,24,6,2019,17,50,1,30,25,6,2026
Air India,Delhi,Cochin,1,675,3,3,2019,8,0,19,15,28,9,2026
Jet Airways,Delhi,Cochin,2,810,6,3,2019,5,30,19,0,28,9,2026
Jet Airways,Delhi,Cochin,2,1375,18,5,2019,5,30,4,25,19,5,2026
GoAir,Delhi,Cochin,1,310,3,6,2019,14,10,19,20,28,9,2026
Air India,Banglore,New Delhi,1,495,18,3,2019,0,30,8,45,28,9,2026
SpiceJet,Mumbai,Hyderabad,0,80,3,1,2019,5,45,7,5,28,9,2026
Vistara,Kolkata,Banglore,1,975,6,9,2019,7,10,23,25,28,9,2026
SpiceJet,Kolkata,Banglore,0,140,5,9,2019,22,20,0,40,5,10,2026
Jet Airways,Banglore,New Delhi,1,740,21,3,2019,8,0,20,20,28,9,2026
SpiceJet,Mumbai,Hyderabad,0,90,6,9,2019,13,15,14,45,28,9,2026
Multiple carriers,Delhi,Cochin,1,810,27,3,2019,7,30,21,0,28,9,2026
Jet Airways,Delhi,Cochin,1,300,21,5,2019,14,0,19,0,28,9,2026
Multiple carriers,Delhi,Cochin,1,480,21,5,2019,17,30,1,30,22,5,2026
IndiGo,Chennai,Kolkata,0,140,5,6,2019,7,55,10,15,28,9,2026
Jet Airways,Kolkata,Banglore,1,1010,24,5,2019,16,30,9,20,25,5,2026
IndiGo,Kolkata,Banglore,0,155,4,12,2019,20,20,22,55,28,9,2026
Jet Airways,Kolkata,Banglore,1,435,5,12,2019,10,20,17,35,28,9,2026
IndiGo,Mumbai,Hyderabad,0,90,4,3,2019,2,35,4,5,28,9,2026
IndiGo,Delhi,Cochin,0,195,3,9,2019,5,35,8,50,28,9,2026
Jet Airways,Delhi,Cochin,2,1195,27,6,2019,23,5,19,0,28,6,2026
IndiGo,Delhi,Cochin,1,755,27,3,2019,8,25,21,0,28,9,2026
Multiple carriers,Delhi,Cochin,1,560,27,3,2019,4,0,13,20,28,9,2026
Air India,Kolkata,Banglore,0,150,5,3,2019,14,15,16,45,28,9,2026
Multiple carriers,Delhi,Cochin,1,390,5,6,2019,19,0,1,30,5,7,2026
Jet Airways,Delhi,Cochin,1,335,21,5,2019,22,50,4,25,22,5,2026
IndiGo,Mumbai,Hyderabad,0,90,5,12,2019,6,25,7,55,28,9,2026
Jet Airways,Delhi,Cochin,1,1680,6,6,2019,15,0,19,0,6,7,2026
Jet Airways,Banglore,New Delhi,1,1200,18,3,2019,11,40,7,40,16,3,2026
IndiGo,Banglore,Delhi,0,175,6,9,2019,18,55,21,50,28,9,2026
Jet Airways,Kolkata,Banglore,1,1075,5,9,2019,17,0,10,55,5,10,2026
Jet Airways,Delhi,Cochin,2,1390,5,9,2019,13,25,12,35,5,10,2026
Vistara,Kolkata,Banglore,1,1065,5,12,2019,17,0,10,45,13,5,2026
IndiGo,Delhi,Cochin,0,195,21,6,2019,14,25,17,40,28,9,2026
IndiGo,Mumbai,Hyderabad,0,90,5,6,2019,9,10,10,40,28,9,2026
IndiGo,Banglore,Delhi,0,170,18,5,2019,10,10,13,0,28,9,2026
Multiple carriers,Delhi,Cochin,1,650,27,3,2019,8,25,19,15,28,9,2026
Jet Airways,Delhi,Cochin,1,655,27,3,2019,17,30,4,25,28,3,2026
Jet Airways,Kolkata,Banglore,1,1520,15,5,2019,9,35,10,55,16,5,2026
Multiple carriers,Delhi,Cochin,1,555,27,5,2019,10,0,19,15,28,9,2026
Jet Airways,Delhi,Cochin,2,1390,5,9,2019,13,25,12,35,5,10,2026
Jet Airways,Delhi,Cochin,2,1375,24,5,2019,5,30,4,25,25,5,2026
IndiGo,Delhi,Cochin,1,320,6,3,2019,17,5,22,25,28,9,2026
Multiple carriers,Delhi,Cochin,1,765,27,6,2019,9,45,22,30,28,9,2026
IndiGo,Banglore,Delhi,0,170,15,4,2019,8,30,11,20,28,9,2026
IndiGo,Delhi,Cochin,1,835,6,12,2019,8,35,22,30,28,9,2026
Jet Airways,Banglore,Delhi,0,180,4,1,2019,19,50,22,50,28,9,2026
Jet Airways,Delhi,Cochin,1,610,6,3,2019,18,15,4,25,6,4,2026
IndiGo,Delhi,Cochin,1,325,18,5,2019,2,0,7,25,28,9,2026
Jet Airways,Kolkata,Banglore,1,1500,6,6,2019,17,0,18,0,6,7,2026
IndiGo,Banglore,Delhi,0,170,15,4,2019,20,0,22,50,28,9,2026
IndiGo,Mumbai,Hyderabad,0,90,6,9,2019,9,10,10,40,28,9,2026
IndiGo,Delhi,Cochin,1,485,27,3,2019,17,30,1,35,28,3,2026
Multiple carriers,Delhi,Cochin,1,705,18,5,2019,7,30,19,15,28,9,2026
Jet Airways,Delhi,Cochin,1,1475,3,9,2019,18,15,18,50,3,10,2026
Jet Airways,Kolkata,Banglore,1,1730,5,1,2019,9,35,14,25,5,2,2026
Air India,Kolkata,Banglore,0,155,4,6,2019,20,45,23,20,28,9,2026
Jet Airways,Kolkata,Banglore,1,960,6,12,2019,20,0,12,0,13,6,2026
SpiceJet,Kolkata,Banglore,0,150,24,5,2019,17,10,19,40,28,9,2026
Jet Airways,Delhi,Cochin,1,550,3,6,2019,19,15,4,25,3,7,2026
Jet Airways,Kolkata,Banglore,1,1150,21,5,2019,21,10,16,20,22,5,2026
Jet Airways,Banglore,Delhi,0,180,5,1,2019,17,45,20,45,28,9,2026
Air Asia,Kolkata,Banglore,0,155,24,3,2019,10,20,12,55,28,9,2026
Multiple carriers,Delhi,Cochin,1,615,27,6,2019,15,15,1,30,28,6,2026
Air Asia,Delhi,Cochin,1,870,6,6,2019,7,55,22,25,28,9,2026
Multiple carriers,Delhi,Cochin,1,465,5,9,2019,11,30,19,15,28,9,2026
Air India,Kolkata,Banglore,1,965,5,9,2019,19,0,11,5,5,10,2026
IndiGo,Banglore,Delhi,0,170,4,6,2019,13,0,15,50,28,9,2026
Jet Airways,Banglore,Delhi,0,175,6,9,2019,11,10,14,5,28,9,2026
Air India,Banglore,Delhi,0,165,6,1,2019,17,0,19,45,28,9,2026
Jet Airways,Delhi,Cochin,2,810,21,5,2019,23,5,12,35,22,5,2026
SpiceJet,Mumbai,Hyderabad,0,90,18,6,2019,5,45,7,15,28,9,2026
IndiGo,Kolkata,Banglore,0,150,4,12,2019,15,15,17,45,28,9,2026
Multiple carriers,Delhi,Cochin,1,480,5,6,2019,13,0,21,0,28,9,2026
Jet Airways,Delhi,Cochin,1,1210,6,1,2019,22,50,19,0,6,2,2026
Jet Airways,Banglore,Delhi,0,180,27,6,2019,8,20,11,20,28,9,2026
Multiple carriers,Delhi,Cochin,1,600,15,5,2019,9,0,19,0,28,9,2026
Air India,Banglore,Delhi,0,165,18,6,2019,10,0,12,45,28,9,2026
Jet Airways,Banglore,Delhi,0,165,4,1,2019,6,0,8,45,28,9,2026
Air India,Banglore,New Delhi,1,1520,3,9,2019,22,0,23,20,13,3,2026
Multiple carriers,Delhi,Cochin,1,795,3,6,2019,6,0,19,15,28,9,2026
IndiGo,Mumbai,Hyderabad,0,90,15,3,2019,16,55,18,25,28,9,2026
Air Asia,Delhi,Cochin,1,660,3,9,2019,20,10,7,10,3,10,2026
Jet Airways,Delhi,Cochin,1,1015,6,6,2019,11,30,4,25,6,7,2026
Multiple carriers,Delhi,Cochin,1,890,27,3,2019,4,0,18,50,28,9,2026
Air India,Banglore,New Delhi,1,495,3,3,2019,0,30,8,45,28,9,2026
IndiGo,Banglore,Delhi,0,170,15,5,2019,20,0,22,50,28,9,2026
GoAir,Banglore,Delhi,0,175,5,12,2019,7,45,10,40,28,9,2026
Multiple carriers,Delhi,Cochin,1,455,6,1,2019,14,55,22,30,28,9,2026
Air India,Delhi,Cochin,2,2240,3,3,2019,5,55,19,15,3,4,2026
IndiGo,Banglore,Delhi,0,170,4,1,2019,8,30,11,20,28,9,2026
Vistara,Delhi,Cochin,0,190,6,6,2019,6,0,9,10,28,9,2026
Jet Airways,Banglore,Delhi,0,165,6,9,2019,6,0,8,45,28,9,2026
Air India,Delhi,Cochin,2,2295,5,9,2019,5,0,19,15,5,10,2026
Jet Airways,Banglore,Delhi,0,180,6,1,2019,7,10,10,10,28,9,2026
Air India,Delhi,Cochin,1,615,6,12,2019,9,0,19,15,28,9,2026
Jet Airways,Banglore,Delhi,0,175,5,9,2019,15,15,18,10,28,9,2026
Air India,Delhi,Cochin,1,1590,21,3,2019,20,30,23,0,22,3,2026
IndiGo,Delhi,Cochin,0,195,5,12,2019,5,35,8,50,28,9,2026
Jet Airways,Kolkata,Banglore,1,685,4,1,2019,8,25,19,50,28,9,2026
Jet Airways,Kolkata,Banglore,1,450,5,1,2019,21,10,4,40,5,2,2026
Jet Airways,Banglore,New Delhi,1,380,21,3,2019,8,55,15,15,28,9,2026
Vistara,Banglore,New Delhi,0,175,3,3,2019,21,10,0,5,3,4,2026
Jet Airways,Delhi,Cochin,1,300,15,6,2019,14,0,19,0,28,9,2026
SpiceJet,Delhi,Cochin,1,295,27,5,2019,17,55,22,50,28,9,2026
Jet Airways,Banglore,New Delhi,1,615,21,3,2019,8,55,19,10,28,9,2026
Jet Airways,Delhi,Cochin,2,535,6,3,2019,19,30,4,25,6,4,2026
Vistara,Kolkata,Banglore,1,1550,5,12,2019,17,0,18,50,13,5,2026
Multiple carriers,Delhi,Cochin,1,910,6,1,2019,10,20,1,30,6,2,2026
IndiGo,Banglore,Delhi,0,165,24,6,2019,6,5,8,50,28,9,2026
IndiGo,Delhi,Cochin,1,570,3,3,2019,11,30,21,0,28,9,2026
Air India,Delhi,Cochin,1,1535,6,9,2019,5,15,6,50,6,10,2026
Air India,Delhi,Cochin,0,185,27,6,2019,18,5,21,10,28,9,2026
Multiple carriers,Delhi,Cochin,1,840,27,6,2019,11,30,1,30,28,6,2026
Air India,Delhi,Cochin,1,555,15,6,2019,10,0,19,15,28,9,2026
Air India,Kolkata,Banglore,1,745,21,5,2019,9,25,21,50,28,9,2026
Jet Airways,Banglore,Delhi,0,175,21,4,2019,15,15,18,10,28,9,2026
Jet Airways,Banglore,New Delhi,1,615,3,12,2019,21,25,7,40,13,3,2026
IndiGo,Kolkata,Banglore,0,155,27,4,2019,22,15,0,50,28,4,2026
SpiceJet,Kolkata,Banglore,0,140,3,9,2019,22,20,0,40,3,10,2026
Jet Airways,Banglore,Delhi,0,180,15,6,2019,17,45,20,45,28,9,2026
Jet Airways,Kolkata,Banglore,1,730,24,5,2019,16,30,4,40,25,5,2026
Jet Airways,Banglore,New Delhi,1,730,3,6,2019,7,0,19,10,28,9,2026
Jet Airways,Delhi,Cochin,2,1195,27,6,2019,23,5,19,0,28,6,2026
Jet Airways,Banglore,New Delhi,1,950,3,12,2019,18,55,10,45,13,3,2026
IndiGo,Delhi,Cochin,1,940,27,6,2019,6,50,22,30,28,9,2026
Jet Airways,Kolkata,Banglore,1,585,6,12,2019,18,55,4,40,13,6,2026
Jet Airways,Delhi,Cochin,2,1320,6,9,2019,14,35,12,35,6,10,2026
Air India,Delhi,Cochin,3,2280,21,3,2019,5,15,19,15,22,3,2026
IndiGo,Chennai,Kolkata,0,135,27,3,2019,13,20,15,35,28,9,2026
Air Asia,Delhi,Cochin,1,330,15,6,2019,7,55,13,25,28,9,2026
Vistara,Mumbai,Hyderabad,1,1505,3,6,2019,15,40,16,45,3,7,2026
Jet Airways,Banglore,Delhi,0,180,18,6,2019,8,20,11,20,28,9,2026
Air India,Delhi,Cochin,2,1580,21,5,2019,7,5,9,25,22,5,2026
Air India,Kolkata,Banglore,1,270,24,3,2019,9,10,13,40,28,9,2026
Vistara,Kolkata,Banglore,1,1655,6,12,2019,7,10,10,45,13,6,2026
Jet Airways,Mumbai,Hyderabad,0,90,21,3,2019,15,50,17,20,28,9,2026
Jet Airways,Delhi,Cochin,2,1395,27,3,2019,5,10,4,25,28,3,2026
IndiGo,Delhi,Cochin,1,295,5,9,2019,5,10,10,5,28,9,2026
Air India,Kolkata,Banglore,2,760,5,1,2019,9,10,21,50,28,9,2026
Jet Airways,Kolkata,Banglore,1,510,24,5,2019,14,5,22,35,28,9,2026
Jet Airways,Delhi,Cochin,1,660,21,5,2019,8,0,19,0,28,9,2026
SpiceJet,Kolkata,Banglore,0,155,27,6,2019,6,55,9,30,28,9,2026
IndiGo,Banglore,Delhi,0,165,4,6,2019,6,5,8,50,28,9,2026
Vistara,Banglore,Delhi,0,170,4,9,2019,11,30,14,20,28,9,2026
Multiple carriers,Delhi,Cochin,1,395,3,6,2019,8,55,15,30,28,9,2026
IndiGo,Mumbai,Hyderabad,0,90,21,6,2019,6,25,7,55,28,9,2026
SpiceJet,Kolkata,Banglore,0,150,5,1,2019,17,10,19,40,28,9,2026
Multiple carriers Premium economy,Delhi,Cochin,1,680,21,3,2019,7,30,18,50,28,9,2026
Jet Airways,Kolkata,Banglore,1,1005,5,9,2019,17,0,9,45,5,10,2026
IndiGo,Delhi,Cochin,1,705,6,6,2019,9,15,21,0,28,9,2026
Jet Airways,Banglore,Delhi,0,180,18,4,2019,8,20,11,20,28,9,2026
IndiGo,Delhi,Cochin,1,275,24,4,2019,7,35,12,10,28,9,2026
Air India,Delhi,Cochin,2,1730,6,9,2019,14,25,19,15,6,10,2026
IndiGo,Banglore,Delhi,0,170,18,6,2019,4,0,6,50,28,9,2026
Jet Airways,Kolkata,Banglore,1,740,4,1,2019,8,25,20,45,28,9,2026
Multiple carriers,Delhi,Cochin,1,455,6,3,2019,11,40,19,15,28,9,2026
SpiceJet,Delhi,Cochin,1,315,6,6,2019,6,5,11,20,28,9,2026
Jet Airways,Delhi,Cochin,1,1655,6,3,2019,9,0,12,35,6,4,2026
Jet Airways,Delhi,Cochin,1,1015,3,3,2019,11,30,4,25,3,4,2026
Air India,Kolkata,Banglore,2,1105,5,9,2019,14,30,8,55,5,10,2026
Jet Airways,Banglore,New Delhi,1,1090,3,6,2019,14,5,8,15,3,7,2026
Air India,Kolkata,Banglore,1,905,4,1,2019,16,50,7,55,4,2,2026
IndiGo,Delhi,Cochin,1,575,3,6,2019,16,0,1,35,3,7,2026
Jet Airways,Kolkata,Banglore,1,585,4,1,2019,18,55,4,40,4,2,2026
Jet Airways,Banglore,New Delhi,1,1090,18,3,2019,14,5,8,15,16,3,2026
Multiple carriers,Delhi,Cochin,1,510,4,9,2019,17,0,1,30,4,10,2026
Jet Airways,Delhi,Cochin,1,1010,21,5,2019,19,45,12,35,22,5,2026
Jet Airways,Delhi,Cochin,1,440,3,6,2019,11,30,18,50,28,9,2026
Jet Airways,Delhi,Cochin,1,745,6,9,2019,16,0,4,25,6,10,2026
Air Asia,Delhi,Cochin,1,660,27,3,2019,20,10,7,10,28,3,2026
Vistara,Mumbai,Hyderabad,1,745,3,6,2019,7,30,19,55,28,9,2026
SpiceJet,Banglore,Delhi,0,175,24,4,2019,21,10,0,5,25,4,2026
IndiGo,Delhi,Cochin,1,975,5,9,2019,9,15,1,30,5,10,2026
Multiple carriers,Delhi,Cochin,1,780,15,6,2019,6,0,19,0,28,9,2026
Air India,Chennai,Kolkata,0,135,24,6,2019,11,40,13,55,28,9,2026
Jet Airways,Banglore,New Delhi,1,935,3,1,2019,5,45,21,20,28,9,2026
IndiGo,Banglore,New Delhi,1,290,3,1,2019,7,30,12,20,28,9,2026
Air India,Delhi,Cochin,2,2240,6,9,2019,5,55,19,15,6,10,2026
IndiGo,Delhi,Cochin,1,425,27,4,2019,5,5,12,10,28,9,2026
GoAir,Banglore,Delhi,0,170,18,4,2019,11,40,14,30,28,9,2026
Air Asia,Banglore,Delhi,0,165,21,4,2019,11,10,13,55,28,9,2026
IndiGo,Kolkata,Banglore,1,295,18,5,2019,9,20,14,15,28,9,2026
Jet Airways,Mumbai,Hyderabad,0,90,15,3,2019,19,35,21,5,28,9,2026
GoAir,Delhi,Cochin,1,370,27,6,2019,7,25,13,35,28,9,2026
Jet Airways,Kolkata,Banglore,1,1335,24,5,2019,20,0,18,15,25,5,2026
Air India,Kolkata,Banglore,0,150,18,5,2019,14,15,16,45,28,9,2026
Air India,Banglore,New Delhi,1,525,3,1,2019,11,5,19,50,28,9,2026
IndiGo,Banglore,Delhi,0,170,6,9,2019,16,55,19,45,28,9,2026
Jet Airways,Delhi,Cochin,1,1165,6,9,2019,9,0,4,25,6,10,2026
IndiGo,Banglore,Delhi,0,175,27,6,2019,7,10,10,5,28,9,2026
Jet Airways,Delhi,Cochin,1,885,6,9,2019,21,50,12,35,6,10,2026
Jet Airways,Delhi,Cochin,1,1015,27,3,2019,11,30,4,25,28,3,2026
Jet Airways,Banglore,Delhi,0,175,4,6,2019,15,15,18,10,28,9,2026
IndiGo,Kolkata,Banglore,0,155,27,6,2019,11,30,14,5,28,9,2026
Vistara,Kolkata,Banglore,1,1580,6,12,2019,20,20,22,40,13,6,2026
Jet Airways,Banglore,New Delhi,1,745,3,9,2019,8,55,21,20,28,9,2026
Jet Airways,Delhi,Cochin,2,1000,15,6,2019,11,45,4,25,16,6,2026
GoAir,Kolkata,Banglore,1,455,24,5,2019,16,40,0,15,25,5,2026
Multiple carriers,Delhi,Cochin,1,835,3,6,2019,7,5,21,0,28,9,2026
SpiceJet,Kolkata,Banglore,1,315,5,1,2019,15,5,20,20,28,9,2026
IndiGo,Kolkata,Banglore,1,220,6,6,2019,19,35,23,15,28,9,2026
Jet Airways,Kolkata,Banglore,1,575,21,5,2019,9,35,19,10,28,9,2026
SpiceJet,Kolkata,Banglore,0,155,27,5,2019,6,55,9,30,28,9,2026
Jet Airways,Delhi,Cochin,1,1040,15,6,2019,19,15,12,35,16,6,2026
Air India,Mumbai,Hyderabad,0,80,18,3,2019,6,20,7,40,28,9,2026
Jet Airways,Mumbai,Hyderabad,0,85,27,5,2019,7,5,8,30,28,9,2026
Jet Airways,Delhi,Cochin,2,1390,27,6,2019,13,25,12,35,28,6,2026
Jet Airways,Delhi,Cochin,1,865,24,6,2019,14,0,4,25,25,6,2026
Multiple carriers,Delhi,Cochin,1,615,15,5,2019,15,15,1,30,16,5,2026
Jet Airways,Delhi,Cochin,1,620,24,6,2019,2,15,12,35,28,9,2026
Jet Airways,Kolkata,Banglore,1,1235,24,3,2019,19,45,16,20,25,3,2026
Air India,Banglore,New Delhi,2,1010,3,12,2019,17,25,10,15,13,3,2026
Multiple carriers,Delhi,Cochin,1,630,15,6,2019,15,0,1,30,16,6,2026
IndiGo,Delhi,Cochin,1,500,6,9,2019,17,10,1,30,6,10,2026
Jet Airways,Kolkata,Banglore,1,590,24,5,2019,8,25,18,15,28,9,2026
Jet Airways,Banglore,New Delhi,1,1375,3,6,2019,21,25,20,20,3,7,2026
IndiGo,Banglore,Delhi,0,170,15,5,2019,22,10,1,0,16,5,2026
Jet Airways,Delhi,Cochin,1,1015,6,6,2019,11,30,4,25,6,7,2026
Vistara,Kolkata,Banglore,1,1070,24,3,2019,17,0,10,50,25,3,2026
Jet Airways,Kolkata,Banglore,1,505,4,1,2019,9,35,18,0,28,9,2026
SpiceJet,Kolkata,Banglore,0,140,21,3,2019,22,20,0,40,22,3,2026
Multiple carriers,Delhi,Cochin,1,830,4,9,2019,11,40,1,30,4,10,2026
Air India,Kolkata,Banglore,2,1625,15,5,2019,5,50,8,55,16,5,2026
Jet Airways,Mumbai,Hyderabad,0,90,18,6,2019,10,20,11,50,28,9,2026
IndiGo,Kolkata,Banglore,1,315,15,4,2019,15,15,20,30,28,9,2026
Multiple carriers,Delhi,Cochin,1,440,3,6,2019,11,30,18,50,28,9,2026
Vistara,Kolkata,Banglore,1,1655,21,5,2019,7,10,10,45,22,5,2026
IndiGo,Chennai,Kolkata,0,140,3,6,2019,7,55,10,15,28,9,2026
IndiGo,Delhi,Cochin,0,185,3,3,2019,14,30,17,35,28,9,2026
Air India,Kolkata,Banglore,1,245,5,12,2019,9,10,13,15,28,9,2026
Jet Airways,Kolkata,Banglore,1,585,4,1,2019,18,55,4,40,4,2,2026
Jet Airways,Delhi,Cochin,1,540,27,5,2019,10,0,19,0,28,9,2026
Jet Airways,Delhi,Cochin,2,830,24,6,2019,14,35,4,25,25,6,2026
IndiGo,Mumbai,Hyderabad,0,90,6,6,2019,6,25,7,55,28,9,2026
IndiGo,Delhi,Cochin,1,975,4,9,2019,9,15,1,30,4,10,2026
Jet Airways,Kolkata,Banglore,1,800,6,6,2019,18,55,8,15,6,7,2026
IndiGo,Kolkata,Banglore,1,240,24,5,2019,6,20,10,20,28,9,2026
Jet Airways,Kolkata,Banglore,1,585,24,5,2019,18,55,4,40,25,5,2026
GoAir,Banglore,Delhi,0,175,27,6,2019,7,45,10,40,28,9,2026
SpiceJet,Kolkata,Banglore,0,160,27,3,2019,6,55,9,35,28,9,2026
Multiple carriers,Delhi,Cochin,1,900,18,5,2019,6,0,21,0,28,9,2026
SpiceJet,Delhi,Cochin,1,315,6,9,2019,6,5,11,20,28,9,2026
Multiple carriers,Delhi,Cochin,1,660,4,9,2019,8,0,19,0,28,9,2026
Air India,Banglore,Delhi,0,170,18,6,2019,21,5,23,55,28,9,2026
SpiceJet,Delhi,Cochin,1,270,27,3,2019,8,45,13,15,28,9,2026
IndiGo,Delhi,Cochin,1,305,24,6,2019,20,25,1,30,25,6,2026
Jet Airways,Delhi,Cochin,1,330,6,1,2019,7,5,12,35,28,9,2026
SpiceJet,Mumbai,Hyderabad,0,90,5,6,2019,22,45,0,15,5,7,2026
Air India,Banglore,Delhi,0,165,21,4,2019,17,0,19,45,28,9,2026
Jet Airways,Banglore,New Delhi,1,300,18,3,2019,5,45,10,45,28,9,2026
SpiceJet,Banglore,Delhi,0,175,6,3,2019,21,10,0,5,6,4,2026
IndiGo,Delhi,Cochin,1,665,27,6,2019,5,5,16,10,28,9,2026
IndiGo,Mumbai,Hyderabad,0,90,6,1,2019,21,20,22,50,28,9,2026
Jet Airways,Kolkata,Banglore,1,1605,24,3,2019,16,55,19,40,25,3,2026
Air India,Delhi,Cochin,2,2295,21,5,2019,5,0,19,15,22,5,2026
Jet Airways,Kolkata,Banglore,1,1365,15,5,2019,20,25,19,10,16,5,2026
SpiceJet,Chennai,Kolkata,0,140,15,5,2019,17,45,20,5,28,9,2026
IndiGo,Mumbai,Hyderabad,0,90,18,3,2019,16,55,18,25,28,9,2026
SpiceJet,Kolkata,Banglore,0,140,5,1,2019,22,20,0,40,5,2,2026
Air India,Kolkata,Banglore,2,1830,5,12,2019,12,0,18,30,13,5,2026
IndiGo,Kolkata,Banglore,0,160,3,1,2019,17,15,19,55,28,9,2026
Multiple carriers,Delhi,Cochin,1,555,6,1,2019,13,15,22,30,28,9,2026
Air India,Delhi,Cochin,2,1420,6,9,2019,9,45,9,25,6,10,2026
SpiceJet,Kolkata,Banglore,0,140,24,3,2019,22,20,0,40,25,3,2026
Jet Airways,Delhi,Cochin,2,555,27,3,2019,19,10,4,25,28,3,2026
Jet Airways,Kolkata,Banglore,1,865,24,5,2019,18,55,9,20,25,5,2026
Multiple carriers,Delhi,Cochin,1,930,6,6,2019,10,0,1,30,6,7,2026
Jet Airways,Delhi,Cochin,1,1425,18,5,2019,19,15,19,0,19,5,2026
IndiGo,Kolkata,Banglore,0,165,21,3,2019,10,10,12,55,28,9,2026
Jet Airways,Delhi,Cochin,2,810,24,6,2019,5,30,19,0,28,9,2026
IndiGo,Chennai,Kolkata,0,140,21,5,2019,7,55,10,15,28,9,2026
Air India,Delhi,Cochin,1,1420,4,1,2019,9,45,9,25,4,2,2026
SpiceJet,Mumbai,Hyderabad,0,90,18,5,2019,22,45,0,15,19,5,2026
SpiceJet,Mumbai,Hyderabad,0,90,6,6,2019,13,15,14,45,28,9,2026
Jet Airways,Kolkata,Banglore,1,960,21,5,2019,20,0,12,0,22,5,2026
IndiGo,Banglore,Delhi,0,175,24,5,2019,7,10,10,5,28,9,2026
Air India,Delhi,Cochin,2,1580,6,1,2019,16,55,19,15,6,2,2026
SpiceJet,Chennai,Kolkata,0,135,21,5,2019,8,20,10,35,28,9,2026
Multiple carriers,Delhi,Cochin,1,845,27,6,2019,4,55,19,0,28,9,2026
Jet Airways,Kolkata,Banglore,1,590,6,12,2019,8,25,18,15,28,9,2026
IndiGo,Delhi,Cochin,1,635,6,3,2019,11,55,22,30,28,9,2026
Jet Airways,Delhi,Cochin,1,1570,6,9,2019,2,15,4,25,6,10,2026
Air India,Mumbai,Hyderabad,0,80,4,1,2019,6,20,7,40,28,9,2026
Jet Airways,Banglore,Delhi,0,165,4,9,2019,6,0,8,45,28,9,2026
Multiple carriers,Delhi,Cochin,1,925,5,9,2019,7,5,22,30,28,9,2026
IndiGo,Kolkata,Banglore,1,255,4,3,2019,6,15,10,30,28,9,2026
Jet Airways,Kolkata,Banglore,1,570,5,9,2019,14,5,23,35,28,9,2026
SpiceJet,Mumbai,Hyderabad,0,90,24,5,2019,5,45,7,15,28,9,2026
IndiGo,Mumbai,Hyderabad,0,90,5,1,2019,19,5,20,35,28,9,2026
Jet Airways,Banglore,Delhi,0,180,4,6,2019,8,20,11,20,28,9,2026
Multiple carriers,Delhi,Cochin,1,465,21,3,2019,11,30,19,15,28,9,2026
Jet Airways,Delhi,Cochin,2,1195,21,5,2019,23,5,19,0,22,5,2026
Jet Airways,Delhi,Cochin,1,1005,6,9,2019,2,15,19,0,28,9,2026
IndiGo,Mumbai,Hyderabad,0,90,4,1,2019,2,35,4,5,28,9,2026
Air India,Delhi,Cochin,0,180,24,5,2019,14,10,17,10,28,9,2026
SpiceJet,Chennai,Kolkata,0,140,5,9,2019,17,45,20,5,28,9,2026
SpiceJet,Kolkata,Banglore,0,155,6,6,2019,6,55,9,30,28,9,2026
Jet Airways,Delhi,Cochin,1,590,27,3,2019,9,0,18,50,28,9,2026
Vistara,Kolkata,Banglore,1,1750,24,3,2019,17,0,22,10,25,3,2026
Jet Airways,Delhi,Cochin,2,820,27,3,2019,5,10,18,50,28,9,2026
IndiGo,Delhi,Cochin,1,325,15,5,2019,2,0,7,25,28,9,2026
Multiple carriers,Delhi,Cochin,1,560,6,12,2019,11,40,21,0,28,9,2026
Jet Airways,Kolkata,Banglore,1,1660,18,5,2019,18,55,22,35,19,5,2026
Air India,Kolkata,Banglore,2,1045,6,9,2019,5,50,23,15,28,9,2026
Air India,Mumbai,Hyderabad,3,1175,3,12,2019,16,50,12,25,13,3,2026
IndiGo,Delhi,Cochin,0,195,18,5,2019,5,35,8,50,28,9,2026
Jet Airways,Kolkata,Banglore,1,665,5,9,2019,21,10,8,15,5,10,2026
Jet Airways,Banglore,New Delhi,1,375,3,12,2019,9,45,16,0,28,9,2026
Air India,Delhi,Cochin,1,1480,3,6,2019,7,0,7,40,3,7,2026
Air India,Delhi,Cochin,1,965,21,5,2019,17,20,9,25,22,5,2026
Jet Airways,Banglore,Delhi,0,180,5,3,2019,19,50,22,50,28,9,2026
Jet Airways,Banglore,New Delhi,1,1355,3,12,2019,20,35,19,10,13,3,2026
Air India,Delhi,Cochin,1,925,27,5,2019,3,50,19,15,28,9,2026
Jet Airways,Banglore,Delhi,0,185,15,4,2019,18,55,22,0,28,9,2026
IndiGo,Chennai,Kolkata,0,140,24,5,2019,14,45,17,5,28,9,2026
IndiGo,Banglore,Delhi,0,175,24,6,2019,7,10,10,5,28,9,2026
Multiple carriers,Delhi,Cochin,1,640,3,6,2019,10,20,21,0,28,9,2026
Air Asia,Kolkata,Banglore,0,150,21,5,2019,22,50,1,20,22,5,2026
Air Asia,Kolkata,Banglore,0,150,6,6,2019,19,55,22,25,28,9,2026
IndiGo,Kolkata,Banglore,0,150,18,6,2019,15,15,17,45,28,9,2026
Air India,Chennai,Kolkata,0,135,5,6,2019,11,40,13,55,28,9,2026
Air India,Delhi,Cochin,2,1275,6,6,2019,22,0,19,15,6,7,2026
Jet Airways,Banglore,New Delhi,1,390,3,1,2019,5,50,12,20,28,9,2026
IndiGo,Delhi,Cochin,1,320,15,5,2019,6,50,12,10,28,9,2026
SpiceJet,Chennai,Kolkata,0,135,21,6,2019,9,45,12,0,28,9,2026
Jet Airways,Kolkata,Banglore,1,1550,6,6,2019,18,55,20,45,6,7,2026
Multiple carriers,Delhi,Cochin,1,385,6,9,2019,9,45,16,10,28,9,2026
Jet Airways,Mumbai,Hyderabad,0,85,15,3,2019,7,10,8,35,28,9,2026
IndiGo,Banglore,Delhi,0,170,21,6,2019,0,25,3,15,28,9,2026
Multiple carriers,Delhi,Cochin,1,465,27,6,2019,17,45,1,30,28,6,2026
GoAir,Banglore,Delhi,0,175,4,9,2019,7,45,10,40,28,9,2026
IndiGo,Delhi,Cochin,1,300,27,5,2019,16,0,21,0,28,9,2026
IndiGo,Delhi,Cochin,1,705,24,6,2019,9,15,21,0,28,9,2026
Air Asia,Banglore,Delhi,0,170,6,9,2019,4,55,7,45,28,9,2026
Jet Airways,Delhi,Cochin,1,330,24,6,2019,7,5,12,35,28,9,2026
Jet Airways,Banglore,Delhi,0,180,6,9,2019,8,20,11,20,28,9,2026
Jet Airways,Delhi,Cochin,2,1025,24,6,2019,19,30,12,35,25,6,2026
Jet Airways,Delhi,Cochin,1,1355,6,12,2019,14,0,12,35,13,6,2026
Multiple carriers,Delhi,Cochin,1,795,5,9,2019,6,0,19,15,28,9,2026
Jet Airways,Kolkata,Banglore,1,1485,4,1,2019,20,0,20,45,4,2,2026
IndiGo,Delhi,Cochin,1,940,6,9,2019,6,50,22,30,28,9,2026
Jet Airways,Banglore,Delhi,0,180,24,5,2019,19,50,22,50,28,9,2026
Jet Airways,Delhi,Cochin,2,1325,27,3,2019,6,20,4,25,28,3,2026
Vistara,Delhi,Cochin,0,190,5,12,2019,14,40,17,50,28,9,2026
Multiple carriers,Delhi,Cochin,1,590,21,3,2019,9,0,18,50,28,9,2026
Air India,Delhi,Cochin,2,1275,5,9,2019,22,0,19,15,5,10,2026
Air India,Delhi,Cochin,1,735,5,9,2019,7,0,19,15,28,9,2026
Jet Airways,Kolkata,Banglore,1,1415,6,9,2019,21,10,20,45,6,10,2026
Multiple carriers,Delhi,Cochin,1,455,6,3,2019,11,25,19,0,28,9,2026
IndiGo,Mumbai,Hyderabad,0,90,18,3,2019,9,10,10,40,28,9,2026
GoAir,Banglore,Delhi,0,175,21,5,2019,7,45,10,40,28,9,2026
Jet Airways,Delhi,Cochin,1,300,27,5,2019,14,0,19,0,28,9,2026
Air India,Kolkata,Banglore,2,1045,4,1,2019,5,50,23,15,28,9,2026
Vistara,Banglore,New Delhi,0,175,24,3,2019,21,10,0,5,28,3,2026
Jet Airways,Delhi,Cochin,1,300,24,6,2019,14,0,19,0,28,9,2026
Jet Airways,Delhi,Cochin,1,550,27,3,2019,19,15,4,25,28,3,2026
Jet Airways,Banglore,New Delhi,1,390,21,3,2019,5,50,12,20,28,9,2026
Jet Airways,Delhi,Cochin,2,535,6,12,2019,19,30,4,25,13,6,2026
Jet Airways,Banglore,New Delhi,1,375,15,3,2019,7,0,13,15,28,9,2026
Air India,Banglore,Delhi,0,165,5,6,2019,10,0,12,45,28,9,2026
Jet Airways,Banglore,New Delhi,1,860,21,3,2019,7,0,21,20,28,9,2026
Jet Airways,Delhi,Cochin,1,1415,6,1,2019,13,0,12,35,6,2,2026
IndiGo,Chennai,Kolkata,0,140,21,6,2019,19,35,21,55,28,9,2026
IndiGo,Delhi,Cochin,1,425,21,5,2019,5,5,12,10,28,9,2026
Multiple carriers,Delhi,Cochin,1,480,27,6,2019,13,0,21,0,28,9,2026
Air India,Delhi,Cochin,2,1560,18,5,2019,17,15,19,15,19,5,2026
Multiple carriers,Delhi,Cochin,1,515,3,3,2019,17,0,1,35,3,4,2026
IndiGo,Delhi,Cochin,1,305,18,5,2019,20,25,1,30,19,5,2026
Multiple carriers,Delhi,Cochin,1,640,3,9,2019,2,15,12,55,28,9,2026
Multiple carriers,Delhi,Cochin,1,460,6,12,2019,4,55,12,35,28,9,2026
IndiGo,Kolkata,Banglore,0,150,27,4,2019,15,15,17,45,28,9,2026
Jet Airways,Delhi,Cochin,1,1325,27,6,2019,20,55,19,0,28,6,2026
Multiple carriers,Delhi,Cochin,1,490,6,1,2019,12,50,21,0,28,9,2026
IndiGo,Kolkata,Banglore,1,315,6,9,2019,21,0,2,15,6,10,2026
Jet Airways,Kolkata,Banglore,1,450,5,12,2019,21,10,4,40,13,5,2026
Multiple carriers,Delhi,Cochin,1,615,27,6,2019,9,0,19,15,28,9,2026
Air India,Mumbai,Hyderabad,0,80,27,5,2019,6,20,7,40,28,9,2026
Air India,Delhi,Cochin,1,1660,3,9,2019,4,0,7,40,3,10,2026
Jet Airways,Delhi,Cochin,2,1600,21,3,2019,16,10,18,50,22,3,2026
Air India,Banglore,New Delhi,2,965,3,12,2019,6,50,22,55,28,9,2026
Jet Airways,Delhi,Cochin,2,1490,6,12,2019,11,45,12,35,13,6,2026
Jet Airways,Kolkata,Banglore,1,725,24,3,2019,21,10,9,15,25,3,2026
SpiceJet,Chennai,Kolkata,0,135,5,1,2019,8,20,10,35,28,9,2026
Vistara,Banglore,Delhi,0,170,15,4,2019,9,45,12,35,28,9,2026
Multiple carriers,Delhi,Cochin,1,455,6,12,2019,11,40,19,15,28,9,2026
Jet Airways,Delhi,Cochin,2,1615,5,9,2019,9,40,12,35,5,10,2026
Jet Airways,Delhi,Cochin,2,485,21,3,2019,10,45,18,50,28,9,2026
IndiGo,Kolkata,Banglore,0,150,4,9,2019,15,15,17,45,28,9,2026
Air India,Mumbai,Hyderabad,0,80,5,9,2019,21,5,22,25,28,9,2026
Air India,Delhi,Cochin,1,570,15,6,2019,13,30,23,0,28,9,2026
Jet Airways,Kolkata,Banglore,1,1495,4,1,2019,18,55,19,50,4,2,2026
Jet Airways,Banglore,New Delhi,1,780,3,6,2019,21,25,10,25,3,7,2026
Air India,Kolkata,Banglore,2,1215,5,1,2019,17,30,13,45,5,2,2026
Air India,Delhi,Cochin,2,1245,15,5,2019,10,55,7,40,16,5,2026
Jet Airways,Delhi,Cochin,2,830,18,5,2019,14,35,4,25,19,5,2026
Multiple carriers,Delhi,Cochin,1,570,6,9,2019,16,0,1,30,6,10,2026
Air India,Banglore,Delhi,0,170,24,4,2019,21,5,23,55,28,9,2026
Air India,Banglore,Delhi,0,170,24,4,2019,13,20,16,10,28,9,2026
IndiGo,Banglore,Delhi,0,175,5,12,2019,18,25,21,20,28,9,2026
IndiGo,Banglore,New Delhi,0,165,21,3,2019,6,0,8,45,28,9,2026
Jet Airways,Kolkata,Banglore,1,1495,18,5,2019,8,25,9,20,19,5,2026
Jet Airways,Kolkata,Banglore,1,665,5,6,2019,21,10,8,15,5,7,2026
Vistara,Banglore,Delhi,0,170,18,4,2019,21,0,23,50,28,9,2026
IndiGo,Mumbai,Hyderabad,0,90,27,3,2019,9,10,10,40,28,9,2026
IndiGo,Mumbai,Hyderabad,0,90,6,12,2019,1,40,3,10,28,9,2026
Jet Airways,Banglore,New Delhi,1,280,21,3,2019,9,45,14,25,28,9,2026
Jet Airways,Banglore,New Delhi,1,405,3,6,2019,11,40,18,25,28,9,2026
Jet Airways,Kolkata,Banglore,1,705,5,9,2019,6,30,18,15,28,9,2026
Jet Airways,Delhi,Cochin,2,1430,27,5,2019,19,10,19,0,28,5,2026
SpiceJet,Delhi,Cochin,1,315,27,6,2019,6,5,11,20,28,9,2026
SpiceJet,Delhi,Cochin,1,310,21,3,2019,6,10,11,20,28,9,2026
Vistara,Chennai,Kolkata,0,135,3,6,2019,7,5,9,20,28,9,2026
Jet Airways,Kolkata,Banglore,1,965,24,3,2019,6,30,22,35,28,9,2026
Jet Airways,Kolkata,Banglore,1,1005,5,1,2019,17,0,9,45,5,2,2026
SpiceJet,Kolkata,Banglore,0,150,21,5,2019,17,10,19,40,28,9,2026
Multiple carriers,Delhi,Cochin,1,720,6,6,2019,9,0,21,0,28,9,2026
Jet Airways,Delhi,Cochin,1,520,6,1,2019,19,45,4,25,6,2,2026
IndiGo,Banglore,Delhi,0,170,27,5,2019,4,0,6,50,28,9,2026
Vistara,Chennai,Kolkata,0,135,18,6,2019,7,5,9,20,28,9,2026
Air India,Delhi,Cochin,2,1730,27,6,2019,14,25,19,15,28,6,2026
Air India,Delhi,Cochin,1,1640,6,6,2019,6,5,9,25,6,7,2026
Air India,Delhi,Cochin,3,2280,6,6,2019,5,15,19,15,6,7,2026
Jet Airways,Banglore,New Delhi,1,810,3,12,2019,22,55,12,25,13,3,2026
Air India,Banglore,New Delhi,3,1825,3,1,2019,5,50,12,15,3,2,2026
Air India,Mumbai,Hyderabad,0,75,18,3,2019,19,30,20,45,28,9,2026
Jet Airways,Banglore,Delhi,0,165,18,5,2019,6,0,8,45,28,9,2026
IndiGo,Delhi,Cochin,1,530,27,3,2019,6,40,15,30,28,9,2026
SpiceJet,Mumbai,Hyderabad,0,80,24,3,2019,5,45,7,5,28,9,2026
Air India,Banglore,Delhi,0,170,21,5,2019,21,5,23,55,28,9,2026
IndiGo,Kolkata,Banglore,1,315,5,9,2019,21,0,2,15,5,10,2026
Jet Airways,Kolkata,Banglore,1,1265,5,12,2019,21,10,18,15,13,5,2026
Jet Airways,Delhi,Cochin,2,440,6,3,2019,11,40,19,0,28,9,2026
Vistara,Kolkata,Banglore,1,1580,5,6,2019,20,20,22,40,5,7,2026
Air India,Banglore,New Delhi,0,170,24,3,2019,21,5,23,55,28,9,2026
Air India,Delhi,Cochin,2,1420,27,3,2019,9,45,9,25,28,3,2026
SpiceJet,Chennai,Kolkata,0,140,27,3,2019,17,45,20,5,28,9,2026
Multiple carriers,Delhi,Cochin,1,930,15,6,2019,10,0,1,30,16,6,2026
Air Asia,Kolkata,Banglore,0,150,15,5,2019,19,55,22,25,28,9,2026
Jet Airways,Delhi,Cochin,2,425,6,1,2019,5,30,12,35,28,9,2026
IndiGo,Chennai,Kolkata,0,140,3,9,2019,7,55,10,15,28,9,2026
Jet Airways,Delhi,Cochin,1,365,3,6,2019,22,20,4,25,3,7,2026
Jet Airways,Delhi,Cochin,2,1320,15,6,2019,14,35,12,35,16,6,2026
Air India,Kolkata,Banglore,3,1470,4,1,2019,10,0,10,30,4,2,2026
IndiGo,Banglore,New Delhi,0,175,21,3,2019,7,10,10,5,28,9,2026
Air India,Delhi,Cochin,0,170,21,5,2019,5,10,8,0,28,9,2026
Air India,Delhi,Cochin,2,1580,15,5,2019,7,5,9,25,16,5,2026
Jet Airways,Delhi,Cochin,1,1210,6,12,2019,22,50,19,0,13,6,2026
Jet Airways,Kolkata,Banglore,1,705,6,6,2019,6,30,18,15,28,9,2026
Air India,Banglore,Delhi,0,165,21,5,2019,10,0,12,45,28,9,2026
Jet Airways,Delhi,Cochin,1,1395,6,9,2019,19,45,19,0,6,10,2026
Multiple carriers,Delhi,Cochin,1,575,27,3,2019,16,0,1,35,28,3,2026
Jet Airways,Delhi,Cochin,1,1425,6,3,2019,19,15,19,0,6,4,2026
Jet Airways,Kolkata,Banglore,1,1655,18,5,2019,5,45,9,20,19,5,2026
Jet Airways,Banglore,Delhi,0,180,6,3,2019,7,10,10,10,28,9,2026
Vistara,Kolkata,Banglore,1,865,4,1,2019,20,20,10,45,4,2,2026
IndiGo,Delhi,Cochin,1,490,15,5,2019,14,20,22,30,28,9,2026
IndiGo,Chennai,Kolkata,0,140,5,12,2019,7,55,10,15,28,9,2026
Air Asia,Kolkata,Banglore,0,150,21,4,2019,22,50,1,20,22,4,2026
IndiGo,Mumbai,Hyderabad,0,90,27,6,2019,21,20,22,50,28,9,2026
GoAir,Delhi,Cochin,1,310,6,12,2019,14,25,19,35,28,9,2026
Multiple carriers,Delhi,Cochin,1,765,27,5,2019,9,45,22,30,28,9,2026
Jet Airways,Delhi,Cochin,1,600,6,1,2019,9,0,19,0,28,9,2026
IndiGo,Banglore,Delhi,0,175,4,12,2019,18,55,21,50,28,9,2026
Air India,Kolkata,Banglore,1,965,4,6,2019,19,0,11,5,4,7,2026
Jet Airways,Delhi,Cochin,2,560,18,5,2019,9,40,19,0,28,9,2026
Multiple carriers,Delhi,Cochin,1,915,3,6,2019,7,5,22,20,28,9,2026
IndiGo,Banglore,New Delhi,0,170,21,3,2019,16,55,19,45,28,9,2026
Jet Airways,Delhi,Cochin,2,810,18,5,2019,5,30,19,0,28,9,2026
IndiGo,Chennai,Kolkata,0,140,21,3,2019,7,55,10,15,28,9,2026
IndiGo,Banglore,Delhi,0,165,4,1,2019,1,30,4,15,28,9,2026
IndiGo,Kolkata,Banglore,0,155,15,3,2019,15,20,17,55,28,9,2026
IndiGo,Delhi,Cochin,1,275,4,3,2019,7,35,12,10,28,9,2026
Jet Airways,Delhi,Cochin,1,610,5,9,2019,18,15,4,25,5,10,2026
Jet Airways,Kolkata,Banglore,1,330,4,1,2019,6,30,12,0,28,9,2026
Jet Airways,Kolkata,Banglore,1,1025,24,5,2019,18,55,12,0,25,5,2026
Vistara,Chennai,Kolkata,0,140,18,5,2019,17,45,20,5,28,9,2026
SpiceJet,Kolkata,Banglore,0,140,27,5,2019,22,20,0,40,28,5,2026
Jet Airways,Kolkata,Banglore,1,1075,5,9,2019,17,0,10,55,5,10,2026
IndiGo,Banglore,New Delhi,0,165,15,3,2019,1,30,4,15,28,9,2026
Air India,Delhi,Cochin,0,180,6,3,2019,14,10,17,10,28,9,2026
SpiceJet,Kolkata,Banglore,0,145,4,1,2019,9,0,11,25,28,9,2026
SpiceJet,Kolkata,Banglore,1,420,24,3,2019,11,15,18,15,28,9,2026
Jet Airways,Kolkata,Banglore,1,705,6,12,2019,6,30,18,15,28,9,2026
SpiceJet,Mumbai,Hyderabad,0,90,5,1,2019,22,45,0,15,5,2,2026
IndiGo,Mumbai,Hyderabad,0,90,3,3,2019,2,30,4,0,28,9,2026
Jet Airways,Kolkata,Banglore,1,585,6,12,2019,18,55,4,40,13,6,2026
Vistara,Banglore,Delhi,0,170,5,1,2019,11,30,14,20,28,9,2026
Air India,Delhi,Cochin,1,675,21,5,2019,8,0,19,15,28,9,2026
Jet Airways,Delhi,Cochin,1,995,21,3,2019,2,15,18,50,28,9,2026
Air Asia,Delhi,Cochin,1,865,18,5,2019,16,45,7,10,19,5,2026
IndiGo,Delhi,Cochin,1,895,27,6,2019,10,35,1,30,28,6,2026
SpiceJet,Chennai,Kolkata,0,135,6,6,2019,8,20,10,35,28,9,2026
Air Asia,Kolkata,Banglore,1,955,6,6,2019,7,35,23,30,28,9,2026
Jet Airways,Delhi,Cochin,2,995,6,12,2019,20,0,12,35,13,6,2026
SpiceJet,Chennai,Kolkata,0,135,5,9,2019,9,45,12,0,28,9,2026
Jet Airways,Banglore,New Delhi,1,1365,3,6,2019,8,55,7,40,3,7,2026
SpiceJet,Kolkata,Banglore,0,160,24,3,2019,6,55,9,35,28,9,2026
Jet Airways,Kolkata,Banglore,1,730,18,5,2019,16,30,4,40,19,5,2026
Vistara,Chennai,Kolkata,0,135,6,1,2019,7,5,9,20,28,9,2026
Multiple carriers,Delhi,Cochin,1,545,15,5,2019,7,5,16,10,28,9,2026
IndiGo,Delhi,Cochin,1,895,21,5,2019,10,35,1,30,22,5,2026
GoAir,Banglore,New Delhi,0,175,15,3,2019,7,45,10,40,28,9,2026
Air India,Delhi,Cochin,2,1545,15,5,2019,5,55,7,40,16,5,2026
Jet Airways,Banglore,Delhi,0,175,24,6,2019,11,10,14,5,28,9,2026
SpiceJet,Banglore,Delhi,0,160,24,4,2019,5,55,8,35,28,9,2026
Jet Airways,Banglore,New Delhi,1,390,3,9,2019,5,50,12,20,28,9,2026
Jet Airways,Banglore,Delhi,0,185,5,1,2019,18,55,22,0,28,9,2026
IndiGo,Kolkata,Banglore,1,280,18,5,2019,17,35,22,15,28,9,2026
IndiGo,Kolkata,Banglore,1,330,5,9,2019,7,10,12,40,28,9,2026
Jet Airways,Banglore,Delhi,0,175,4,12,2019,15,15,18,10,28,9,2026
IndiGo,Delhi,Cochin,1,415,24,5,2019,18,35,1,30,25,5,2026
IndiGo,Chennai,Kolkata,0,145,3,12,2019,11,35,14,0,28,9,2026
Air Asia,Delhi,Cochin,1,330,6,9,2019,7,55,13,25,28,9,2026
IndiGo,Banglore,New Delhi,1,285,15,3,2019,5,25,10,10,28,9,2026
Jet Airways,Mumbai,Hyderabad,0,90,27,6,2019,8,45,10,15,28,9,2026
IndiGo,Kolkata,Banglore,0,160,15,5,2019,21,25,0,5,16,5,2026
Jet Airways,Kolkata,Banglore,1,510,21,5,2019,14,5,22,35,28,9,2026
Jet Airways,Banglore,Delhi,0,165,5,9,2019,6,0,8,45,28,9,2026
Air India,Delhi,Cochin,1,795,5,9,2019,9,45,23,0,28,9,2026
Air India,Mumbai,Hyderabad,0,80,18,6,2019,6,20,7,40,28,9,2026
Air India,Banglore,New Delhi,0,170,24,3,2019,13,20,16,10,28,9,2026
Vistara,Delhi,Cochin,0,190,21,6,2019,6,0,9,10,28,9,2026
Multiple carriers,Delhi,Cochin,1,705,27,5,2019,7,30,19,15,28,9,2026
Air India,Kolkata,Banglore,2,1780,5,6,2019,9,25,15,5,5,7,2026
Multiple carriers,Delhi,Cochin,1,755,21,3,2019,13,0,1,35,22,3,2026
Air Asia,Kolkata,Banglore,0,150,24,6,2019,22,50,1,20,25,6,2026
Jet Airways,Banglore,New Delhi,1,365,18,3,2019,16,55,23,0,28,9,2026
IndiGo,Mumbai,Hyderabad,0,85,21,3,2019,9,10,10,35,28,9,2026
Air India,Mumbai,Hyderabad,0,90,21,6,2019,13,55,15,25,28,9,2026
Jet Airways,Delhi,Cochin,2,1130,24,6,2019,9,35,4,25,25,6,2026
Jet Airways,Mumbai,Hyderabad,0,85,6,1,2019,2,55,4,20,28,9,2026
Air India,Delhi,Cochin,2,435,5,9,2019,12,0,19,15,28,9,2026
SpiceJet,Kolkata,Banglore,0,150,15,4,2019,17,10,19,40,28,9,2026
Air Asia,Kolkata,Banglore,0,155,18,5,2019,10,20,12,55,28,9,2026
Jet Airways,Delhi,Cochin,2,1395,27,3,2019,5,10,4,25,28,3,2026
Air Asia,Kolkata,Banglore,0,150,4,6,2019,19,55,22,25,28,9,2026
SpiceJet,Banglore,Delhi,0,175,24,5,2019,21,10,0,5,25,5,2026
IndiGo,Chennai,Kolkata,0,165,18,5,2019,15,40,18,25,28,9,2026
SpiceJet,Chennai,Kolkata,0,135,15,6,2019,8,20,10,35,28,9,2026
Jet Airways,Delhi,Cochin,2,1615,24,6,2019,9,40,12,35,25,6,2026
Jet Airways,Delhi,Cochin,2,1090,6,1,2019,18,25,12,35,6,2,2026
IndiGo,Mumbai,Hyderabad,0,90,6,9,2019,2,35,4,5,28,9,2026
Multiple carriers,Delhi,Cochin,1,465,6,3,2019,17,45,1,30,6,4,2026
Multiple carriers,Delhi,Cochin,1,930,21,5,2019,10,0,1,30,22,5,2026
Air India,Banglore,Delhi,0,170,18,5,2019,13,20,16,10,28,9,2026
SpiceJet,Chennai,Kolkata,0,135,3,1,2019,8,20,10,35,28,9,2026
Jet Airways,Delhi,Cochin,1,1105,6,1,2019,10,0,4,25,6,2,2026
IndiGo,Delhi,Cochin,1,515,15,4,2019,7,35,16,10,28,9,2026
Vistara,Banglore,New Delhi,0,160,3,1,2019,7,0,9,40,28,9,2026
Vistara,Banglore,New Delhi,0,160,3,3,2019,19,40,22,20,28,9,2026
IndiGo,Mumbai,Hyderabad,0,90,6,6,2019,12,0,13,30,28,9,2026
IndiGo,Chennai,Kolkata,0,145,6,6,2019,11,35,14,0,28,9,2026
Vistara,Kolkata,Banglore,1,1065,5,6,2019,17,0,10,45,5,7,2026
Jet Airways,Delhi,Cochin,1,1570,3,3,2019,2,15,4,25,3,4,2026
Air India,Kolkata,Banglore,2,1195,6,9,2019,12,0,7,55,6,10,2026
Air India,Delhi,Cochin,1,640,21,3,2019,21,0,7,40,22,3,2026
Air Asia,Banglore,Delhi,0,170,5,3,2019,4,55,7,45,28,9,2026
Air India,Banglore,New Delhi,2,1030,18,3,2019,17,25,10,35,16,3,2026
Jet Airways,Banglore,Delhi,0,180,4,12,2019,7,10,10,10,28,9,2026
Multiple carriers,Delhi,Cochin,1,510,21,5,2019,17,0,1,30,22,5,2026
Jet Airways,Delhi,Cochin,1,805,21,3,2019,15,0,4,25,22,3,2026
Air Asia,Kolkata,Banglore,2,500,5,1,2019,15,10,23,30,28,9,2026
IndiGo,Delhi,Cochin,1,275,6,1,2019,7,35,12,10,28,9,2026
SpiceJet,Banglore,Delhi,0,170,15,4,2019,9,30,12,20,28,9,2026
Multiple carriers,Delhi,Cochin,1,385,4,9,2019,12,50,19,15,28,9,2026
Air India,Delhi,Cochin,2,1275,27,5,2019,22,0,19,15,28,5,2026
Air India,Mumbai,Hyderabad,0,75,27,3,2019,19,30,20,45,28,9,2026
Multiple carriers,Delhi,Cochin,1,750,27,5,2019,13,0,1,30,28,5,2026
IndiGo,Delhi,Cochin,1,275,27,5,2019,7,35,12,10,28,9,2026
Jet Airways,Delhi,Cochin,1,1525,3,9,2019,17,25,18,50,3,10,2026
Jet Airways,Kolkata,Banglore,1,1400,4,1,2019,18,55,18,15,4,2,2026
IndiGo,Mumbai,Hyderabad,0,90,15,5,2019,21,20,22,50,28,9,2026
Jet Airways,Delhi,Cochin,1,540,27,6,2019,10,0,19,0,28,9,2026
IndiGo,Delhi,Cochin,1,560,27,6,2019,6,50,16,10,28,9,2026
SpiceJet,Kolkata,Banglore,0,145,15,6,2019,9,0,11,25,28,9,2026
Jet Airways,Kolkata,Banglore,1,705,6,12,2019,6,30,18,15,28,9,2026
Vistara,Banglore,Delhi,0,155,6,12,2019,17,0,19,35,28,9,2026
Jet Airways,Banglore,New Delhi,1,920,18,3,2019,16,55,8,15,16,3,2026
Jet Airways,Banglore,New Delhi,1,920,3,1,2019,16,55,8,15,3,2,2026
Jet Airways,Mumbai,Hyderabad,0,90,24,3,2019,15,50,17,20,28,9,2026
Air India,Kolkata,Banglore,0,150,3,12,2019,14,15,16,45,28,9,2026
Jet Airways,Banglore,New Delhi,1,845,3,6,2019,8,55,23,0,28,9,2026
Jet Airways,Banglore,New Delhi,1,965,3,6,2019,16,55,9,0,3,7,2026
IndiGo,Mumbai,Hyderabad,0,90,4,3,2019,19,5,20,35,28,9,2026
Air India,Mumbai,Hyderabad,0,80,6,6,2019,6,20,7,40,28,9,2026
Jet Airways,Delhi,Cochin,1,300,4,6,2019,14,0,19,0,28,9,2026
Vistara,Mumbai,Hyderabad,1,1450,3,12,2019,19,45,19,55,13,3,2026
GoAir,Delhi,Cochin,1,355,4,6,2019,7,0,12,55,28,9,2026
Jet Airways,Banglore,Delhi,0,185,5,9,2019,18,55,22,0,28,9,2026
IndiGo,Banglore,New Delhi,0,175,24,3,2019,7,10,10,5,28,9,2026
SpiceJet,Kolkata,Banglore,1,315,6,6,2019,15,5,20,20,28,9,2026
Multiple carriers,Delhi,Cochin,1,615,27,6,2019,8,45,19,0,28,9,2026
SpiceJet,Delhi,Cochin,1,360,3,6,2019,15,55,21,55,28,9,2026
Air India,Kolkata,Banglore,1,905,5,9,2019,16,50,7,55,5,10,2026
Air India,Kolkata,Banglore,2,590,18,5,2019,12,0,21,50,28,9,2026
Air India,Delhi,Cochin,1,925,24,6,2019,3,50,19,15,28,9,2026
Air India,Kolkata,Banglore,2,1555,15,5,2019,9,10,11,5,16,5,2026
Air India,Mumbai,Hyderabad,0,75,3,6,2019,19,30,20,45,28,9,2026
Jet Airways,Kolkata,Banglore,1,435,5,1,2019,10,20,17,35,28,9,2026
IndiGo,Banglore,Delhi,0,170,4,9,2019,22,10,1,0,4,10,2026
Multiple carriers,Delhi,Cochin,1,470,5,9,2019,11,25,19,15,28,9,2026
Jet Airways,Delhi,Cochin,2,810,6,12,2019,5,30,19,0,28,9,2026
Multiple carriers,Delhi,Cochin,1,455,15,6,2019,11,40,19,15,28,9,2026
Air India,Kolkata,Banglore,2,805,24,5,2019,9,50,23,15,28,9,2026
Jet Airways,Banglore,New Delhi,1,525,3,12,2019,22,55,7,40,13,3,2026
Multiple carriers,Delhi,Cochin,2,855,3,6,2019,7,5,21,20,28,9,2026
Jet Airways,Delhi,Cochin,0,195,3,9,2019,11,0,14,15,28,9,2026
Multiple carriers,Delhi,Cochin,1,455,15,5,2019,14,55,22,30,28,9,2026
SpiceJet,Kolkata,Banglore,1,435,24,3,2019,11,35,18,50,28,9,2026
IndiGo,Banglore,Delhi,0,170,5,1,2019,13,0,15,50,28,9,2026
Jet Airways,Delhi,Cochin,2,1430,5,9,2019,19,10,19,0,5,10,2026
Air Asia,Delhi,Cochin,1,345,21,5,2019,16,45,22,30,28,9,2026
SpiceJet,Delhi,Cochin,1,315,4,1,2019,6,5,11,20,28,9,2026
Multiple carriers,Delhi,Cochin,1,485,3,6,2019,17,30,1,35,3,7,2026
Jet Airways,Delhi,Cochin,2,1125,5,9,2019,9,40,4,25,5,10,2026
Jet Airways,Delhi,Cochin,0,195,18,6,2019,9,50,13,5,28,9,2026
Jet Airways,Kolkata,Banglore,1,345,5,6,2019,14,5,19,50,28,9,2026
Jet Airways,Banglore,Delhi,0,180,6,12,2019,19,50,22,50,28,9,2026
IndiGo,Chennai,Kolkata,0,140,3,3,2019,19,35,21,55,28,9,2026
Air India,Mumbai,Hyderabad,0,85,18,6,2019,15,0,16,25,28,9,2026
IndiGo,Kolkata,Banglore,0,165,27,3,2019,22,10,0,55,28,3,2026
Air Asia,Kolkata,Banglore,1,220,6,12,2019,6,50,10,30,28,9,2026
IndiGo,Kolkata,Banglore,1,240,6,12,2019,6,20,10,20,28,9,2026
IndiGo,Banglore,New Delhi,1,300,21,3,2019,19,35,0,35,19,3,2026
SpiceJet,Banglore,New Delhi,0,170,24,3,2019,5,45,8,35,28,9,2026
SpiceJet,Banglore,New Delhi,0,170,24,3,2019,5,45,8,35,28,9,2026
Jet Airways,Delhi,Cochin,1,655,6,3,2019,17,30,4,25,6,4,2026
Jet Airways,Kolkata,Banglore,1,730,6,6,2019,16,30,4,40,6,7,2026
IndiGo,Delhi,Cochin,1,895,15,5,2019,10,35,1,30,16,5,2026
SpiceJet,Kolkata,Banglore,0,155,21,5,2019,6,55,9,30,28,9,2026
IndiGo,Chennai,Kolkata,0,140,27,6,2019,19,35,21,55,28,9,2026
Multiple carriers,Delhi,Cochin,1,720,6,6,2019,7,0,19,0,28,9,2026
Air India,Kolkata,Banglore,1,1100,6,12,2019,16,50,11,10,13,6,2026
Jet Airways,Delhi,Cochin,1,1530,6,3,2019,17,30,19,0,6,4,2026
Jet Airways,Delhi,Cochin,2,1060,21,3,2019,10,45,4,25,22,3,2026
SpiceJet,Delhi,Cochin,1,270,5,9,2019,8,45,13,15,28,9,2026
Jet Airways,Kolkata,Banglore,1,1690,5,9,2019,14,5,18,15,5,10,2026
Jet Airways,Delhi,Cochin,1,1210,6,12,2019,22,50,19,0,13,6,2026
Jet Airways,Kolkata,Banglore,1,980,24,3,2019,16,55,9,15,25,3,2026
GoAir,Kolkata,Banglore,1,495,15,5,2019,23,30,7,45,16,5,2026
Air India,Kolkata,Banglore,2,1100,24,5,2019,7,0,1,20,25,5,2026
SpiceJet,Mumbai,Hyderabad,0,80,27,3,2019,13,10,14,30,28,9,2026
Multiple carriers,Delhi,Cochin,1,385,21,5,2019,12,50,19,15,28,9,2026
Multiple carriers,Delhi,Cochin,1,900,6,12,2019,6,0,21,0,28,9,2026
Jet Airways,Delhi,Cochin,1,660,5,9,2019,8,0,19,0,28,9,2026
Air India,Banglore,New Delhi,1,700,3,9,2019,11,5,22,45,28,9,2026
Jet Airways,Delhi,Cochin,2,1925,21,3,2019,10,45,18,50,22,3,2026
Jet Airways,Kolkata,Banglore,1,1745,6,9,2019,17,0,22,5,6,10,2026
Air India,Kolkata,Banglore,2,810,6,6,2019,8,20,21,50,28,9,2026
Air Asia,Kolkata,Banglore,2,500,6,12,2019,15,10,23,30,28,9,2026
Jet Airways,Banglore,New Delhi,1,860,3,1,2019,18,40,9,0,3,2,2026
Multiple carriers,Delhi,Cochin,1,570,6,3,2019,16,0,1,30,6,4,2026
Jet Airways,Delhi,Cochin,2,505,6,1,2019,20,0,4,25,6,2,2026
Air Asia,Banglore,Delhi,0,165,24,4,2019,11,10,13,55,28,9,2026
Jet Airways,Banglore,New Delhi,1,1050,18,3,2019,16,55,10,25,16,3,2026
Jet Airways,Banglore,Delhi,0,180,5,1,2019,8,20,11,20,28,9,2026
Multiple carriers,Delhi,Cochin,1,735,6,3,2019,8,45,21,0,28,9,2026
Jet Airways,Delhi,Cochin,1,330,27,5,2019,7,5,12,35,28,9,2026
IndiGo,Kolkata,Banglore,0,155,4,3,2019,4,40,7,15,28,9,2026
SpiceJet,Chennai,Kolkata,0,135,24,6,2019,8,20,10,35,28,9,2026
Jet Airways,Delhi,Cochin,1,1005,27,5,2019,2,15,19,0,28,9,2026
Air India,Delhi,Cochin,2,1275,6,12,2019,22,0,19,15,13,6,2026
Jet Airways,Delhi,Cochin,2,2045,3,3,2019,18,20,4,25,3,5,2026
Jet Airways,Delhi,Cochin,1,1415,21,5,2019,13,0,12,35,22,5,2026
IndiGo,Kolkata,Banglore,1,290,18,5,2019,8,10,13,0,28,9,2026
Jet Airways,Kolkata,Banglore,1,740,21,5,2019,8,25,20,45,28,9,2026
Multiple carriers,Delhi,Cochin,1,760,6,9,2019,12,50,1,30,6,10,2026
GoAir,Banglore,New Delhi,0,175,3,3,2019,20,55,23,50,28,9,2026
Jet Airways,Banglore,New Delhi,1,280,24,3,2019,5,45,10,25,28,9,2026
IndiGo,Banglore,New Delhi,0,180,3,3,2019,8,30,11,30,28,9,2026
IndiGo,Delhi,Cochin,1,635,3,3,2019,15,0,1,35,3,4,2026
Jet Airways,Kolkata,Banglore,1,1655,4,1,2019,20,0,23,35,4,2,2026
Jet Airways,Delhi,Cochin,1,1040,6,3,2019,19,15,12,35,6,4,2026
Air India,Kolkata,Banglore,2,1335,5,6,2019,16,50,15,5,5,7,2026
IndiGo,Delhi,Cochin,1,370,21,3,2019,16,10,22,20,28,9,2026
Vistara,Banglore,Delhi,0,155,24,4,2019,17,0,19,35,28,9,2026
Air India,Delhi,Cochin,0,170,21,6,2019,5,10,8,0,28,9,2026
Jet Airways,Kolkata,Banglore,1,1400,24,5,2019,18,55,18,15,25,5,2026
Multiple carriers,Delhi,Cochin,1,840,6,6,2019,11,30,1,30,6,7,2026
Jet Airways,Mumbai,Hyderabad,0,85,24,6,2019,2,55,4,20,28,9,2026
IndiGo,Banglore,Delhi,0,175,18,6,2019,18,55,21,50,28,9,2026
Jet Airways,Banglore,New Delhi,1,980,3,12,2019,22,55,15,15,13,3,2026
Air Asia,Banglore,Delhi,0,165,27,5,2019,11,10,13,55,28,9,2026
Multiple carriers,Delhi,Cochin,1,525,6,1,2019,3,50,12,35,28,9,2026
Jet Airways,Kolkata,Banglore,1,1025,6,12,2019,18,55,12,0,13,6,2026
Jet Airways,Delhi,Cochin,1,655,27,3,2019,17,30,4,25,28,3,2026
Multiple carriers,Delhi,Cochin,1,750,21,5,2019,13,0,1,30,22,5,2026
Jet Airways,Delhi,Cochin,2,810,18,5,2019,23,5,12,35,19,5,2026
IndiGo,Kolkata,Banglore,0,160,6,9,2019,21,25,0,5,6,10,2026
IndiGo,Kolkata,Banglore,0,155,6,12,2019,11,30,14,5,28,9,2026
Jet Airways,Kolkata,Banglore,1,1610,24,5,2019,6,30,9,20,25,5,2026
IndiGo,Kolkata,Banglore,0,155,3,1,2019,14,20,16,55,28,9,2026
IndiGo,Kolkata,Banglore,0,160,3,9,2019,20,25,23,5,28,9,2026
IndiGo,Banglore,Delhi,0,165,5,1,2019,6,5,8,50,28,9,2026
Multiple carriers,Delhi,Cochin,1,765,21,3,2019,12,50,1,35,22,3,2026
Air India,Mumbai,Hyderabad,2,795,3,12,2019,1,35,14,50,28,9,2026
Jet Airways,Delhi,Cochin,1,705,3,6,2019,7,5,18,50,28,9,2026
Jet Airways,Delhi,Cochin,2,830,6,1,2019,14,35,4,25,6,2,2026
GoAir,Kolkata,Banglore,1,455,15,5,2019,16,40,0,15,16,5,2026
IndiGo,Banglore,Delhi,0,175,4,1,2019,7,10,10,5,28,9,2026
IndiGo,Kolkata,Banglore,0,155,3,3,2019,15,10,17,45,28,9,2026
Jet Airways,Delhi,Cochin,1,330,6,9,2019,7,5,12,35,28,9,2026
Jet Airways,Delhi,Cochin,1,870,3,6,2019,13,55,4,25,3,7,2026
IndiGo,Delhi,Cochin,1,625,15,5,2019,10,35,21,0,28,9,2026
Jet Airways,Kolkata,Banglore,1,1685,18,5,2019,17,0,21,5,19,5,2026
Jet Airways,Kolkata,Banglore,1,1515,24,3,2019,16,55,18,10,25,3,2026
Air India,Delhi,Cochin,2,1410,6,1,2019,19,45,19,15,6,2,2026
Air Asia,Kolkata,Banglore,0,155,5,9,2019,10,20,12,55,28,9,2026
Air India,Delhi,Cochin,0,180,6,9,2019,14,10,17,10,28,9,2026
Multiple carriers,Delhi,Cochin,1,505,27,3,2019,7,5,15,30,28,9,2026
Air India,Mumbai,Hyderabad,0,80,24,6,2019,6,20,7,40,28,9,2026
IndiGo,Chennai,Kolkata,0,140,3,6,2019,5,15,7,35,28,9,2026
Jet Airways,Banglore,Delhi,0,175,5,3,2019,11,10,14,5,28,9,2026
IndiGo,Kolkata,Banglore,1,280,15,5,2019,17,35,22,15,28,9,2026
IndiGo,Delhi,Cochin,1,320,15,4,2019,6,50,12,10,28,9,2026
Jet Airways,Kolkata,Banglore,1,510,18,5,2019,14,5,22,35,28,9,2026
Air India,Delhi,Cochin,2,1275,18,5,2019,22,0,19,15,19,5,2026
Jet Airways,Banglore,Delhi,0,175,18,6,2019,15,50,18,45,28,9,2026
IndiGo,Delhi,Cochin,1,310,21,3,2019,7,20,12,30,28,9,2026
Jet Airways,Banglore,New Delhi,1,695,18,3,2019,22,50,10,25,16,3,2026
Air India,Banglore,New Delhi,1,1730,18,3,2019,13,50,18,40,16,3,2026
Jet Airways,Delhi,Cochin,2,1760,24,6,2019,23,5,4,25,26,6,2026
Jet Airways,Kolkata,Banglore,1,1595,4,1,2019,20,0,22,35,4,2,2026
Jet Airways,Kolkata,Banglore,1,1285,24,5,2019,17,0,14,25,25,5,2026
Jet Airways,Delhi,Cochin,1,395,3,9,2019,21,50,4,25,3,10,2026
Air India,Kolkata,Banglore,2,1165,5,9,2019,10,0,5,25,5,10,2026
Vistara,Banglore,Delhi,0,165,4,9,2019,19,30,22,15,28,9,2026
SpiceJet,Delhi,Cochin,1,270,3,6,2019,8,45,13,15,28,9,2026
Multiple carriers,Delhi,Cochin,1,860,27,6,2019,4,55,19,15,28,9,2026
Multiple carriers,Delhi,Cochin,1,660,27,5,2019,10,0,21,0,28,9,2026
Jet Airways,Kolkata,Banglore,1,775,5,12,2019,21,10,10,5,13,5,2026
Jet Airways,Delhi,Cochin,1,1210,6,6,2019,22,50,19,0,6,7,2026
Jet Airways,Delhi,Cochin,1,1210,21,5,2019,22,50,19,0,22,5,2026
Vistara,Delhi,Cochin,0,190,27,3,2019,6,0,9,10,28,9,2026
Jet Airways,Kolkata,Banglore,1,1480,5,12,2019,20,25,21,5,13,5,2026
Jet Airways,Kolkata,Banglore,1,845,5,6,2019,20,0,10,5,5,7,2026
Vistara,Banglore,New Delhi,0,160,3,9,2019,19,40,22,20,28,9,2026
IndiGo,Delhi,Cochin,1,845,27,3,2019,11,30,1,35,28,3,2026
SpiceJet,Kolkata,Banglore,0,145,27,5,2019,9,0,11,25,28,9,2026
IndiGo,Delhi,Cochin,1,750,27,5,2019,8,30,21,0,28,9,2026
IndiGo,Mumbai,Hyderabad,0,90,18,5,2019,19,5,20,35,28,9,2026
Air India,Banglore,Delhi,0,165,15,6,2019,10,0,12,45,28,9,2026
Jet Airways,Banglore,New Delhi,1,280,3,12,2019,9,45,14,25,28,9,2026
Jet Airways,Banglore,Delhi,0,180,27,4,2019,7,10,10,10,28,9,2026
Multiple carriers,Delhi,Cochin,1,505,21,5,2019,9,45,18,10,28,9,2026
Jet Airways,Delhi,Cochin,1,1415,6,12,2019,13,0,12,35,13,6,2026
IndiGo,Kolkata,Banglore,1,305,24,3,2019,15,10,20,15,28,9,2026
Multiple carriers,Delhi,Cochin,1,435,21,5,2019,18,15,1,30,22,5,2026
IndiGo,Kolkata,Banglore,0,155,21,4,2019,22,15,0,50,22,4,2026
Air India,Banglore,New Delhi,1,615,21,3,2019,8,15,18,30,28,9,2026
Jet Airways,Kolkata,Banglore,1,1010,6,12,2019,16,30,9,20,13,6,2026
Jet Airways,Kolkata,Banglore,1,700,24,3,2019,6,30,18,10,28,9,2026
SpiceJet,Mumbai,Hyderabad,0,90,5,12,2019,13,15,14,45,28,9,2026
Vistara,Mumbai,Hyderabad,1,1500,3,6,2019,21,55,22,55,3,7,2026
Air India,Delhi,Cochin,1,1255,3,6,2019,12,30,9,25,3,7,2026
Jet Airways,Kolkata,Banglore,1,435,6,6,2019,10,20,17,35,28,9,2026
Air India,Delhi,Cochin,1,795,6,9,2019,9,45,23,0,28,9,2026
Jet Airways,Mumbai,Hyderabad,0,90,27,5,2019,10,20,11,50,28,9,2026
Multiple carriers,Delhi,Cochin,1,560,6,1,2019,11,40,21,0,28,9,2026
IndiGo,Delhi,Cochin,1,310,24,6,2019,17,5,22,15,28,9,2026
Jet Airways,Mumbai,Hyderabad,0,85,6,6,2019,2,55,4,20,28,9,2026
Jet Airways,Delhi,Cochin,1,540,6,6,2019,10,0,19,0,28,9,2026
Jet Airways,Banglore,New Delhi,1,830,21,3,2019,20,35,10,25,19,3,2026
Jet Airways,Banglore,New Delhi,1,800,3,12,2019,8,0,21,20,28,9,2026
Multiple carriers,Delhi,Cochin,1,630,15,6,2019,8,30,19,0,28,9,2026
Jet Airways,Banglore,Delhi,0,180,24,5,2019,8,20,11,20,28,9,2026
Jet Airways,Delhi,Cochin,2,1760,18,5,2019,23,5,4,25,20,5,2026
Air India,Delhi,Cochin,2,1275,6,9,2019,22,0,19,15,6,10,2026
Jet Airways,Kolkata,Banglore,1,520,5,12,2019,20,0,4,40,13,5,2026
Jet Airways,Kolkata,Banglore,1,900,24,3,2019,8,25,23,25,28,9,2026
SpiceJet,Kolkata,Banglore,0,150,6,1,2019,17,10,19,40,28,9,2026
Jet Airways,Delhi,Cochin,1,540,18,5,2019,10,0,19,0,28,9,2026
Air India,Delhi,Cochin,2,1820,18,5,2019,12,55,19,15,19,5,2026
GoAir,Banglore,Delhi,0,165,5,6,2019,20,55,23,40,28,9,2026
SpiceJet,Chennai,Kolkata,0,135,27,5,2019,8,20,10,35,28,9,2026
Jet Airways,Delhi,Cochin,2,810,27,5,2019,23,5,12,35,28,5,2026
Jet Airways,Banglore,New Delhi,1,850,3,12,2019,20,35,10,45,13,3,2026
SpiceJet,Kolkata,Banglore,1,330,5,12,2019,15,55,21,25,28,9,2026
IndiGo,Kolkata,Banglore,0,155,21,6,2019,17,15,19,50,28,9,2026
Air India,Kolkata,Banglore,0,150,5,1,2019,14,15,16,45,28,9,2026
Jet Airways,Delhi,Cochin,2,440,6,3,2019,11,40,19,0,28,9,2026
Air India,Kolkata,Banglore,1,1435,24,3,2019,20,30,20,25,25,3,2026
Vistara,Chennai,Kolkata,0,140,6,9,2019,17,45,20,5,28,9,2026
Jet Airways,Banglore,Delhi,0,175,5,1,2019,15,15,18,10,28,9,2026
Multiple carriers,Delhi,Cochin,1,395,6,3,2019,6,0,12,35,28,9,2026
Jet Airways,Kolkata,Banglore,1,365,5,1,2019,16,30,22,35,28,9,2026
Jet Airways,Delhi,Cochin,2,1140,4,9,2019,9,25,4,25,4,10,2026
Multiple carriers,Delhi,Cochin,1,585,6,3,2019,9,15,19,0,28,9,2026
GoAir,Banglore,New Delhi,0,175,24,3,2019,20,55,23,50,28,9,2026
Air India,Kolkata,Banglore,1,805,5,9,2019,7,0,20,25,28,9,2026
Jet Airways,Kolkata,Banglore,1,590,21,5,2019,6,30,16,20,28,9,2026
IndiGo,Banglore,Delhi,0,180,6,12,2019,16,55,19,55,28,9,2026
IndiGo,Banglore,Delhi,0,175,15,5,2019,7,10,10,5,28,9,2026
Air India,Kolkata,Banglore,1,1440,24,3,2019,14,35,14,35,25,3,2026
Vistara,Delhi,Cochin,0,175,18,3,2019,14,55,17,50,28,9,2026
Multiple carriers,Delhi,Cochin,1,720,21,3,2019,9,0,21,0,28,9,2026
Jet Airways,Delhi,Cochin,2,1295,15,6,2019,21,25,19,0,16,6,2026
Jet Airways,Kolkata,Banglore,1,800,6,6,2019,20,0,9,20,6,7,2026
SpiceJet,Banglore,Delhi,0,170,4,6,2019,9,30,12,20,28,9,2026
Vistara,Kolkata,Banglore,1,1550,15,5,2019,17,0,18,50,16,5,2026
IndiGo,Kolkata,Banglore,1,265,4,6,2019,19,20,23,45,28,9,2026
Jet Airways,Kolkata,Banglore,1,1575,6,12,2019,14,5,16,20,13,6,2026
Jet Airways,Banglore,Delhi,0,185,21,4,2019,18,55,22,0,28,9,2026
Air India,Delhi,Cochin,2,2295,15,5,2019,5,0,19,15,16,5,2026
Air India,Banglore,Delhi,0,170,4,9,2019,21,5,23,55,28,9,2026
Jet Airways,Kolkata,Banglore,1,865,18,5,2019,18,55,9,20,19,5,2026
SpiceJet,Kolkata,Banglore,0,150,15,5,2019,17,10,19,40,28,9,2026
Jet Airways,Banglore,Delhi,0,165,27,4,2019,6,0,8,45,28,9,2026
IndiGo,Chennai,Kolkata,0,140,5,9,2019,13,15,15,35,28,9,2026
IndiGo,Banglore,Delhi,0,170,4,6,2019,23,30,2,20,4,7,2026
Air India,Kolkata,Banglore,2,1100,24,5,2019,7,0,1,20,25,5,2026
Multiple carriers,Delhi,Cochin,1,395,21,5,2019,6,0,12,35,28,9,2026
SpiceJet,Chennai,Kolkata,0,140,15,3,2019,17,45,20,5,28,9,2026
Multiple carriers,Delhi,Cochin,1,650,21,3,2019,8,25,19,15,28,9,2026
Jet Airways,Delhi,Cochin,2,560,27,6,2019,9,40,19,0,28,9,2026
IndiGo,Delhi,Cochin,1,290,27,6,2019,15,10,20,0,28,9,2026
SpiceJet,Kolkata,Banglore,0,155,5,3,2019,6,55,9,30,28,9,2026
Jet Airways,Kolkata,Banglore,1,575,6,12,2019,9,35,19,10,28,9,2026
Jet Airways,Kolkata,Banglore,1,800,6,9,2019,18,55,8,15,6,10,2026
Jet Airways,Kolkata,Banglore,1,585,21,5,2019,18,55,4,40,22,5,2026
Jet Airways,Banglore,New Delhi,1,570,18,3,2019,8,55,18,25,28,9,2026
IndiGo,Delhi,Cochin,1,635,3,9,2019,15,0,1,35,3,10,2026
Jet Airways,Kolkata,Banglore,1,1495,5,12,2019,8,25,9,20,13,5,2026
Vistara,Banglore,Delhi,0,160,24,6,2019,7,0,9,40,28,9,2026
Multiple carriers,Delhi,Cochin,1,460,6,9,2019,3,50,11,30,28,9,2026
Jet Airways,Kolkata,Banglore,1,575,15,5,2019,9,35,19,10,28,9,2026
Jet Airways,Kolkata,Banglore,1,505,5,6,2019,9,35,18,0,28,9,2026
Air India,Banglore,New Delhi,1,1265,21,3,2019,11,50,8,55,19,3,2026
Multiple carriers,Delhi,Cochin,1,520,6,12,2019,10,20,19,0,28,9,2026
IndiGo,Banglore,Delhi,0,175,15,6,2019,18,25,21,20,28,9,2026
IndiGo,Delhi,Cochin,1,630,21,5,2019,15,0,1,30,22,5,2026
Air Asia,Delhi,Cochin,1,660,3,6,2019,20,10,7,10,3,7,2026
IndiGo,Delhi,Cochin,1,895,5,9,2019,10,35,1,30,5,10,2026
Air India,Delhi,Cochin,1,1590,15,5,2019,20,30,23,0,16,5,2026
Air India,Kolkata,Banglore,1,245,6,12,2019,9,10,13,15,28,9,2026
Jet Airways,Delhi,Cochin,2,1025,5,9,2019,19,30,12,35,5,10,2026
Air India,Banglore,New Delhi,1,855,3,1,2019,9,30,23,45,28,9,2026
Air India,Kolkata,Banglore,2,805,6,6,2019,9,50,23,15,28,9,2026
Jet Airways,Kolkata,Banglore,1,1685,15,5,2019,17,0,21,5,16,5,2026
Jet Airways,Banglore,New Delhi,0,160,24,3,2019,19,55,22,35,28,9,2026
SpiceJet,Delhi,Cochin,1,310,3,9,2019,6,10,11,20,28,9,2026
Jet Airways,Delhi,Cochin,1,395,6,6,2019,21,50,4,25,6,7,2026
Jet Airways,Delhi,Cochin,2,1760,18,5,2019,23,5,4,25,20,5,2026
Jet Airways,Delhi,Cochin,2,1620,21,5,2019,9,35,12,35,22,5,2026
IndiGo,Kolkata,Banglore,1,335,6,6,2019,10,30,16,5,28,9,2026
Multiple carriers,Delhi,Cochin,1,630,5,9,2019,8,30,19,0,28,9,2026
GoAir,Banglore,Delhi,0,170,6,3,2019,11,40,14,30,28,9,2026
SpiceJet,Banglore,Delhi,0,170,15,5,2019,9,30,12,20,28,9,2026
Air Asia,Kolkata,Banglore,0,155,18,4,2019,10,20,12,55,28,9,2026
Air India,Delhi,Cochin,2,2295,3,3,2019,5,0,19,15,3,4,2026
Jet Airways,Kolkata,Banglore,1,775,24,3,2019,21,10,10,5,25,3,2026
Air Asia,Kolkata,Banglore,1,720,15,5,2019,22,40,10,40,16,5,2026
Jet Airways,Kolkata,Banglore,1,800,6,9,2019,20,25,9,45,6,10,2026
Jet Airways,Banglore,Delhi,0,185,5,1,2019,18,55,22,0,28,9,2026
GoAir,Delhi,Cochin,1,370,15,6,2019,7,25,13,35,28,9,2026
Jet Airways,Delhi,Cochin,1,590,3,3,2019,9,0,18,50,28,9,2026
Multiple carriers,Delhi,Cochin,1,615,6,12,2019,8,45,19,0,28,9,2026
Air India,Kolkata,Banglore,2,1210,21,5,2019,9,25,5,35,22,5,2026
Air India,Kolkata,Banglore,1,1605,24,3,2019,20,30,23,15,25,3,2026
IndiGo,Banglore,Delhi,0,175,4,3,2019,0,30,3,25,28,9,2026
SpiceJet,Kolkata,Banglore,0,145,4,6,2019,9,0,11,25,28,9,2026
Air Asia,Kolkata,Banglore,1,955,5,12,2019,7,35,23,30,28,9,2026
Air Asia,Banglore,Delhi,0,165,4,6,2019,11,10,13,55,28,9,2026
IndiGo,Delhi,Cochin,0,195,5,12,2019,14,25,17,40,28,9,2026
Jet Airways,Kolkata,Banglore,1,1400,6,12,2019,18,55,18,15,13,6,2026
Air India,Banglore,Delhi,0,180,21,5,2019,5,45,8,45,28,9,2026
Jet Airways,Mumbai,Hyderabad,0,90,27,6,2019,10,20,11,50,28,9,2026
Air India,Banglore,New Delhi,1,785,3,9,2019,22,0,11,5,13,3,2026
Multiple carriers,Delhi,Cochin,1,630,27,5,2019,15,0,1,30,28,5,2026
Air Asia,Kolkata,Banglore,1,720,5,9,2019,22,40,10,40,5,10,2026
Multiple carriers,Delhi,Cochin,1,840,6,6,2019,7,0,21,0,28,9,2026
Vistara,Kolkata,Banglore,1,790,6,9,2019,7,10,20,20,28,9,2026
SpiceJet,Chennai,Kolkata,0,135,27,6,2019,9,45,12,0,28,9,2026
Jet Airways,Kolkata,Banglore,1,1315,5,9,2019,14,5,12,0,5,10,2026
Air India,Delhi,Cochin,1,1535,27,5,2019,5,15,6,50,28,5,2026
SpiceJet,Kolkata,Banglore,0,150,4,6,2019,14,55,17,25,28,9,2026
Air India,Kolkata,Banglore,2,1105,21,5,2019,14,30,8,55,22,5,2026
Jet Airways,Kolkata,Banglore,1,1480,24,5,2019,20,25,21,5,25,5,2026
Jet Airways,Delhi,Cochin,2,1995,3,6,2019,19,10,4,25,3,8,2026
Jet Airways,Mumbai,Hyderabad,0,85,5,9,2019,2,55,4,20,28,9,2026
Air India,Kolkata,Banglore,2,590,5,6,2019,12,0,21,50,28,9,2026
Air India,Kolkata,Banglore,2,1255,6,9,2019,16,50,13,45,6,10,2026
Jet Airways,Delhi,Cochin,1,1260,3,9,2019,21,50,18,50,3,10,2026
IndiGo,Banglore,Delhi,0,175,27,5,2019,0,30,3,25,28,9,2026
IndiGo,Delhi,Cochin,1,845,6,1,2019,11,25,1,30,6,2,2026
Jet Airways,Kolkata,Banglore,1,840,5,1,2019,9,35,23,35,28,9,2026
Jet Airways,Kolkata,Banglore,1,890,5,12,2019,21,10,12,0,13,5,2026
Jet Airways,Banglore,New Delhi,1,375,3,1,2019,14,5,20,20,28,9,2026
Air India,Kolkata,Banglore,2,875,6,12,2019,5,50,20,25,28,9,2026
Air India,Kolkata,Banglore,2,1390,4,1,2019,12,0,11,10,4,2,2026
IndiGo,Delhi,Cochin,0,195,27,3,2019,5,35,8,50,28,9,2026
Jet Airways,Mumbai,Hyderabad,0,85,18,6,2019,2,55,4,20,28,9,2026
Air India,Delhi,Cochin,2,1600,6,9,2019,5,0,7,40,6,10,2026
Air India,Kolkata,Banglore,2,1620,24,3,2019,7,0,10,0,25,3,2026
SpiceJet,Kolkata,Banglore,0,145,5,1,2019,9,0,11,25,28,9,2026
Vistara,Kolkata,Banglore,1,700,4,1,2019,7,10,18,50,28,9,2026
Air Asia,Kolkata,Banglore,0,155,24,5,2019,10,20,12,55,28,9,2026
Jet Airways,Kolkata,Banglore,1,690,6,9,2019,9,35,21,5,28,9,2026
Air India,Chennai,Kolkata,0,135,15,6,2019,11,40,13,55,28,9,2026
Jet Airways,Kolkata,Banglore,1,1730,15,5,2019,9,35,14,25,16,5,2026
IndiGo,Chennai,Kolkata,0,140,18,6,2019,13,15,15,35,28,9,2026
SpiceJet,Kolkata,Banglore,0,140,6,6,2019,22,20,0,40,6,7,2026
Jet Airways,Kolkata,Banglore,1,1010,24,5,2019,16,30,9,20,25,5,2026
Jet Airways,Mumbai,Hyderabad,0,85,5,1,2019,7,5,8,30,28,9,2026
SpiceJet,Mumbai,Hyderabad,0,90,5,12,2019,5,45,7,15,28,9,2026
IndiGo,Delhi,Cochin,1,300,3,6,2019,16,0,21,0,28,9,2026
Vistara,Banglore,Delhi,0,165,6,6,2019,19,30,22,15,28,9,2026
GoAir,Banglore,New Delhi,0,175,24,3,2019,11,40,14,35,28,9,2026
Jet Airways,Banglore,New Delhi,1,845,21,3,2019,8,55,23,0,28,9,2026
Jet Airways,Banglore,Delhi,0,180,5,12,2019,17,45,20,45,28,9,2026
Jet Airways,Delhi,Cochin,2,425,6,3,2019,5,30,12,35,28,9,2026
Jet Airways,Kolkata,Banglore,1,735,18,5,2019,20,0,8,15,19,5,2026
Jet Airways,Kolkata,Banglore,1,1080,5,9,2019,20,25,14,25,5,10,2026
Air Asia,Banglore,Delhi,0,170,15,5,2019,4,55,7,45,28,9,2026
Multiple carriers,Delhi,Cochin,1,615,6,6,2019,8,45,19,0,28,9,2026
Vistara,Banglore,Delhi,0,160,24,5,2019,7,0,9,40,28,9,2026
IndiGo,Kolkata,Banglore,0,170,3,9,2019,5,30,8,20,28,9,2026
Jet Airways,Delhi,Cochin,1,1040,18,5,2019,19,15,12,35,19,5,2026
Air India,Delhi,Cochin,2,1380,4,9,2019,20,15,19,15,4,10,2026
SpiceJet,Mumbai,Hyderabad,0,90,27,6,2019,22,45,0,15,28,6,2026
Air India,Delhi,Cochin,2,865,27,3,2019,17,15,7,40,28,3,2026
IndiGo,Kolkata,Banglore,0,160,15,4,2019,21,25,0,5,16,4,2026
IndiGo,Delhi,Cochin,1,350,3,6,2019,7,30,13,20,28,9,2026
IndiGo,Kolkata,Banglore,0,155,3,9,2019,15,10,17,45,28,9,2026
Jet Airways,Kolkata,Banglore,1,1550,6,12,2019,18,55,20,45,13,6,2026
IndiGo,Delhi,Cochin,1,625,24,6,2019,10,35,21,0,28,9,2026
Air India,Chennai,Kolkata,0,135,3,12,2019,11,40,13,55,28,9,2026
GoAir,Banglore,Delhi,0,175,6,9,2019,7,45,10,40,28,9,2026
Jet Airways,Delhi,Cochin,1,520,3,9,2019,19,45,4,25,3,10,2026
Jet Airways,Mumbai,Hyderabad,0,90,21,6,2019,19,35,21,5,28,9,2026
Jet Airways,Delhi,Cochin,1,610,27,3,2019,18,15,4,25,28,3,2026
Multiple carriers,Delhi,Cochin,1,615,5,9,2019,8,45,19,0,28,9,2026
Air India,Delhi,Cochin,2,1305,3,3,2019,21,30,19,15,3,4,2026
Jet Airways,Delhi,Cochin,2,1615,15,6,2019,9,40,12,35,16,6,2026
IndiGo,Kolkata,Banglore,0,160,3,3,2019,20,25,23,5,28,9,2026
Multiple carriers,Delhi,Cochin,1,435,27,5,2019,18,15,1,30,28,5,2026
Jet Airways,Banglore,Delhi,0,175,15,5,2019,11,10,14,5,28,9,2026
Air India,Delhi,Cochin,1,735,6,6,2019,7,0,19,15,28,9,2026
Jet Airways,Delhi,Cochin,2,1760,27,5,2019,23,5,4,25,29,5,2026
IndiGo,Chennai,Kolkata,0,135,3,9,2019,13,20,15,35,28,9,2026
Jet Airways,Kolkata,Banglore,1,1655,24,3,2019,8,25,12,0,25,3,2026
IndiGo,Delhi,Cochin,1,570,24,6,2019,16,0,1,30,25,6,2026
Air India,Mumbai,Hyderabad,0,90,5,9,2019,13,55,15,25,28,9,2026
Vistara,Kolkata,Banglore,1,790,6,6,2019,7,10,20,20,28,9,2026
Jet Airways,Banglore,Delhi,0,180,27,5,2019,19,50,22,50,28,9,2026
Jet Airways,Banglore,Delhi,0,180,21,6,2019,8,20,11,20,28,9,2026
Jet Airways,Banglore,New Delhi,1,1220,3,1,2019,14,5,10,25,3,2,2026
IndiGo,Kolkata,Banglore,0,155,24,6,2019,22,15,0,50,25,6,2026
IndiGo,Banglore,Delhi,0,185,24,6,2019,18,15,21,20,28,9,2026
Jet Airways,Kolkata,Banglore,1,425,6,6,2019,16,30,23,35,28,9,2026
Jet Airways,Delhi,Cochin,1,450,27,6,2019,20,55,4,25,28,6,2026
IndiGo,Delhi,Cochin,0,185,27,3,2019,14,30,17,35,28,9,2026
SpiceJet,Mumbai,Hyderabad,0,90,15,6,2019,22,45,0,15,16,6,2026
SpiceJet,Kolkata,Banglore,0,140,4,1,2019,22,20,0,40,4,2,2026
IndiGo,Banglore,New Delhi,0,165,24,3,2019,0,40,3,25,28,9,2026
Jet Airways,Banglore,New Delhi,1,890,3,1,2019,20,35,11,25,3,2,2026
Jet Airways,Delhi,Cochin,1,1665,27,3,2019,16,0,19,45,28,3,2026
Air India,Delhi,Cochin,2,1275,27,5,2019,22,0,19,15,28,5,2026
Jet Airways,Kolkata,Banglore,1,365,15,5,2019,16,30,22,35,28,9,2026
IndiGo,Delhi,Cochin,1,575,27,5,2019,11,25,21,0,28,9,2026
Jet Airways,Mumbai,Hyderabad,0,85,4,1,2019,2,55,4,20,28,9,2026
Multiple carriers,Delhi,Cochin,1,910,6,6,2019,10,20,1,30,6,7,2026
IndiGo,Delhi,Cochin,1,305,27,3,2019,20,30,1,35,28,3,2026
Jet Airways,Kolkata,Banglore,1,330,5,12,2019,6,30,12,0,28,9,2026
Jet Airways,Kolkata,Banglore,1,740,5,1,2019,8,25,20,45,28,9,2026
Air India,Delhi,Cochin,1,320,27,6,2019,17,40,23,0,28,9,2026
Air Asia,Banglore,Delhi,0,165,24,6,2019,11,10,13,55,28,9,2026
IndiGo,Delhi,Cochin,1,515,3,6,2019,7,35,16,10,28,9,2026
Jet Airways,Kolkata,Banglore,1,1285,21,5,2019,18,55,16,20,22,5,2026
Jet Airways,Delhi,Cochin,1,865,6,1,2019,14,0,4,25,6,2,2026
Multiple carriers,Delhi,Cochin,1,375,21,5,2019,13,0,19,15,28,9,2026
Jet Airways,Kolkata,Banglore,1,400,4,1,2019,14,5,20,45,28,9,2026
Air India,Mumbai,Hyderabad,2,2245,3,6,2019,6,0,19,25,3,7,2026
Jet Airways,Banglore,New Delhi,1,1135,3,1,2019,14,5,9,0,3,2,2026
SpiceJet,Kolkata,Banglore,1,520,5,9,2019,8,35,17,15,28,9,2026
IndiGo,Banglore,New Delhi,0,170,3,3,2019,16,55,19,45,28,9,2026
Air India,Kolkata,Banglore,2,1555,24,5,2019,9,10,11,5,25,5,2026
Jet Airways,Delhi,Cochin,2,505,18,5,2019,20,0,4,25,19,5,2026
Jet Airways,Delhi,Cochin,2,810,24,6,2019,23,5,12,35,25,6,2026
Multiple carriers,Delhi,Cochin,1,660,6,6,2019,8,0,19,0,28,9,2026
Air India,Delhi,Cochin,2,1545,3,6,2019,5,55,7,40,3,7,2026
Vistara,Delhi,Cochin,0,175,3,6,2019,14,55,17,50,28,9,2026
Multiple carriers,Delhi,Cochin,1,720,5,9,2019,9,0,21,0,28,9,2026
Air India,Kolkata,Banglore,2,1255,5,1,2019,16,50,13,45,5,2,2026
Jet Airways,Kolkata,Banglore,1,330,24,5,2019,6,30,12,0,28,9,2026
Air India,Banglore,New Delhi,1,1475,21,3,2019,8,15,8,50,19,3,2026
Multiple carriers,Delhi,Cochin,1,540,15,5,2019,7,10,16,10,28,9,2026
SpiceJet,Delhi,Cochin,1,270,6,9,2019,8,45,13,15,28,9,2026
IndiGo,Delhi,Cochin,1,710,3,3,2019,9,10,21,0,28,9,2026
Jet Airways,Delhi,Cochin,2,505,27,5,2019,20,0,4,25,28,5,2026
Air India,Banglore,Delhi,0,170,5,6,2019,13,20,16,10,28,9,2026
Vistara,Banglore,Delhi,0,160,6,12,2019,7,0,9,40,28,9,2026
Air India,Delhi,Cochin,1,615,6,1,2019,9,0,19,15,28,9,2026
Jet Airways,Kolkata,Banglore,1,1695,4,1,2019,16,30,20,45,4,2,2026
Multiple carriers,Delhi,Cochin,1,925,6,9,2019,7,5,22,30,28,9,2026
Jet Airways,Delhi,Cochin,1,1530,6,3,2019,17,30,19,0,6,4,2026
Jet Airways,Delhi,Cochin,2,1480,27,6,2019,18,20,19,0,28,6,2026
Air Asia,Banglore,Delhi,0,165,4,12,2019,11,10,13,55,28,9,2026
IndiGo,Banglore,Delhi,0,170,5,3,2019,10,10,13,0,28,9,2026
Air India,Kolkata,Banglore,1,1440,21,5,2019,14,35,14,35,22,5,2026
Jet Airways,Delhi,Cochin,1,450,27,5,2019,11,30,19,0,28,9,2026
IndiGo,Delhi,Cochin,1,320,24,4,2019,6,50,12,10,28,9,2026
Air India,Delhi,Cochin,2,500,5,9,2019,10,55,19,15,28,9,2026
IndiGo,Delhi,Cochin,1,625,18,5,2019,10,35,21,0,28,9,2026
SpiceJet,Kolkata,Banglore,1,330,18,5,2019,15,55,21,25,28,9,2026
Air India,Delhi,Cochin,2,1560,21,3,2019,17,15,19,15,22,3,2026
IndiGo,Banglore,Delhi,0,170,18,4,2019,4,0,6,50,28,9,2026
IndiGo,Delhi,Cochin,1,490,27,6,2019,14,20,22,30,28,9,2026
Air India,Kolkata,Banglore,1,580,5,1,2019,19,0,4,40,5,2,2026
Jet Airways,Kolkata,Banglore,1,1495,24,3,2019,19,45,20,40,25,3,2026
Jet Airways,Mumbai,Hyderabad,0,85,18,5,2019,2,55,4,20,28,9,2026
Jet Airways,Delhi,Cochin,2,560,6,6,2019,9,40,19,0,28,9,2026
Multiple carriers,Delhi,Cochin,1,490,27,6,2019,12,50,21,0,28,9,2026
SpiceJet,Kolkata,Banglore,0,145,6,6,2019,9,0,11,25,28,9,2026
Vistara,Kolkata,Banglore,1,1550,21,5,2019,17,0,18,50,22,5,2026
Jet Airways,Banglore,New Delhi,1,1480,15,3,2019,7,0,7,40,16,3,2026
IndiGo,Chennai,Kolkata,0,140,27,6,2019,7,55,10,15,28,9,2026
Air India,Banglore,Delhi,0,170,5,3,2019,21,5,23,55,28,9,2026
Jet Airways,Kolkata,Banglore,1,1220,6,6,2019,20,0,16,20,6,7,2026
Multiple carriers,Delhi,Cochin,1,480,21,5,2019,13,0,21,0,28,9,2026
IndiGo,Banglore,New Delhi,1,285,21,3,2019,5,25,10,10,28,9,2026
IndiGo,Kolkata,Banglore,0,160,15,3,2019,20,25,23,5,28,9,2026
IndiGo,Delhi,Cochin,1,645,21,3,2019,4,45,15,30,28,9,2026
Jet Airways,Delhi,Cochin,1,1040,6,12,2019,19,15,12,35,13,6,2026
Jet Airways,Delhi,Cochin,2,1125,6,6,2019,9,40,4,25,6,7,2026
IndiGo,Delhi,Cochin,1,325,4,1,2019,2,0,7,25,28,9,2026
SpiceJet,Chennai,Kolkata,0,140,6,6,2019,17,45,20,5,28,9,2026
Vistara,Kolkata,Banglore,1,765,5,9,2019,20,20,9,5,5,10,2026
GoAir,Banglore,New Delhi,0,175,3,9,2019,7,45,10,40,28,9,2026
IndiGo,Delhi,Cochin,1,560,15,4,2019,6,50,16,10,28,9,2026
Vistara,Kolkata,Banglore,1,1440,18,5,2019,20,20,20,20,19,5,2026
Air Asia,Kolkata,Banglore,1,710,15,4,2019,7,35,19,25,28,9,2026
Jet Airways,Delhi,Cochin,1,360,27,6,2019,13,0,19,0,28,9,2026
Air India,Mumbai,Hyderabad,0,80,3,12,2019,21,5,22,25,28,9,2026
SpiceJet,Delhi,Cochin,1,270,24,4,2019,8,45,13,15,28,9,2026
SpiceJet,Delhi,Cochin,1,295,5,9,2019,17,55,22,50,28,9,2026
Multiple carriers,Delhi,Cochin,1,780,6,6,2019,8,0,21,0,28,9,2026
Jet Airways,Kolkata,Banglore,1,870,6,6,2019,20,25,10,55,6,7,2026
Air India,Kolkata,Banglore,1,745,5,9,2019,20,30,8,55,5,10,2026
Jet Airways,Banglore,Delhi,0,165,4,9,2019,6,0,8,45,28,9,2026
IndiGo,Banglore,Delhi,0,170,6,9,2019,8,30,11,20,28,9,2026
Jet Airways,Mumbai,Hyderabad,0,85,5,12,2019,2,55,4,20,28,9,2026
Air India,Banglore,Delhi,0,165,24,6,2019,10,0,12,45,28,9,2026
Multiple carriers,Delhi,Cochin,1,525,18,5,2019,3,50,12,35,28,9,2026
Jet Airways,Banglore,New Delhi,1,680,21,3,2019,11,40,23,0,28,9,2026
Multiple carriers,Delhi,Cochin,1,780,18,5,2019,8,0,21,0,28,9,2026
Jet Airways,Banglore,New Delhi,1,935,3,12,2019,5,45,21,20,28,9,2026
Vistara,Kolkata,Banglore,1,865,15,5,2019,20,20,10,45,16,5,2026
Air India,Kolkata,Banglore,1,745,5,6,2019,20,30,8,55,5,7,2026
IndiGo,Mumbai,Hyderabad,0,90,4,3,2019,12,0,13,30,28,9,2026
Jet Airways,Delhi,Cochin,1,520,6,3,2019,19,45,4,25,6,4,2026
Jet Airways,Delhi,Cochin,1,1145,6,9,2019,17,30,12,35,6,10,2026
Multiple carriers,Delhi,Cochin,1,780,3,1,2019,0,20,13,20,28,9,2026
Jet Airways,Kolkata,Banglore,1,665,5,12,2019,21,10,8,15,13,5,2026
Jet Airways,Kolkata,Banglore,1,840,24,5,2019,9,35,23,35,28,9,2026
Air India,Delhi,Cochin,2,1275,21,5,2019,22,0,19,15,22,5,2026
Vistara,Kolkata,Banglore,1,1555,24,5,2019,7,10,9,5,25,5,2026
Air India,Kolkata,Banglore,2,1195,5,12,2019,12,0,7,55,13,5,2026
Jet Airways,Banglore,New Delhi,1,775,3,12,2019,20,35,9,30,13,3,2026
GoAir,Delhi,Cochin,1,540,4,1,2019,10,35,19,35,28,9,2026
Jet Airways,Delhi,Cochin,2,1000,6,6,2019,11,45,4,25,6,7,2026
Multiple carriers,Delhi,Cochin,1,755,3,9,2019,6,40,19,15,28,9,2026
IndiGo,Mumbai,Hyderabad,0,90,24,6,2019,1,40,3,10,28,9,2026
Air India,Mumbai,Hyderabad,1,825,3,6,2019,10,0,23,45,28,9,2026
IndiGo,Chennai,Kolkata,0,140,21,6,2019,22,5,0,25,22,6,2026
Vistara,Banglore,Delhi,0,170,27,6,2019,21,0,23,50,28,9,2026
IndiGo,Delhi,Cochin,0,195,21,5,2019,14,25,17,40,28,9,2026
Jet Airways,Kolkata,Banglore,1,800,15,5,2019,20,25,9,45,16,5,2026
Air India,Delhi,Cochin,2,1545,3,3,2019,5,55,7,40,3,4,2026
Jet Airways,Banglore,Delhi,0,180,6,12,2019,7,10,10,10,28,9,2026
GoAir,Delhi,Cochin,1,355,24,6,2019,7,0,12,55,28,9,2026
Air India,Delhi,Cochin,1,1535,3,3,2019,5,15,6,50,3,4,2026
Air India,Delhi,Cochin,0,185,5,9,2019,18,5,21,10,28,9,2026
IndiGo,Mumbai,Hyderabad,0,85,3,3,2019,12,0,13,25,28,9,2026
Jet Airways,Delhi,Cochin,1,885,5,9,2019,21,50,12,35,5,10,2026
Jet Airways,Delhi,Cochin,1,450,24,6,2019,20,55,4,25,25,6,2026
SpiceJet,Kolkata,Banglore,0,150,4,3,2019,17,10,19,40,28,9,2026
IndiGo,Banglore,New Delhi,0,180,24,3,2019,8,30,11,30,28,9,2026
IndiGo,Mumbai,Hyderabad,0,90,21,5,2019,12,0,13,30,28,9,2026
IndiGo,Delhi,Cochin,1,345,15,6,2019,21,50,3,35,16,6,2026
Jet Airways,Kolkata,Banglore,1,800,5,6,2019,20,25,9,45,5,7,2026
Jet Airways,Banglore,New Delhi,1,785,3,6,2019,11,40,0,45,3,7,2026
Air India,Delhi,Cochin,1,675,18,5,2019,8,0,19,15,28,9,2026
Air India,Delhi,Cochin,0,180,5,6,2019,14,10,17,10,28,9,2026
Jet Airways,Kolkata,Banglore,1,740,24,5,2019,8,25,20,45,28,9,2026
Jet Airways,Delhi,Cochin,2,810,6,3,2019,5,30,19,0,28,9,2026
Jet Airways,Kolkata,Banglore,1,1395,24,3,2019,18,55,18,10,25,3,2026
Air India,Chennai,Kolkata,0,135,24,3,2019,11,40,13,55,28,9,2026
IndiGo,Delhi,Cochin,1,345,15,5,2019,2,0,7,45,28,9,2026
Jet Airways,Kolkata,Banglore,1,960,6,6,2019,20,0,12,0,6,7,2026
Jet Airways,Banglore,New Delhi,1,365,3,12,2019,16,55,23,0,28,9,2026
SpiceJet,Kolkata,Banglore,0,145,27,4,2019,9,0,11,25,28,9,2026
Multiple carriers,Delhi,Cochin,1,510,3,6,2019,10,20,18,50,28,9,2026
Air India,Delhi,Cochin,2,1210,5,9,2019,13,15,9,25,5,10,2026
Vistara,Delhi,Cochin,0,175,15,3,2019,14,55,17,50,28,9,2026
IndiGo,Kolkata,Banglore,0,155,18,5,2019,15,30,18,5,28,9,2026
IndiGo,Mumbai,Hyderabad,0,90,18,5,2019,21,20,22,50,28,9,2026
IndiGo,Delhi,Cochin,1,635,15,6,2019,11,55,22,30,28,9,2026
SpiceJet,Chennai,Kolkata,0,135,24,5,2019,8,20,10,35,28,9,2026
Jet Airways,Kolkata,Banglore,1,435,6,6,2019,10,20,17,35,28,9,2026
Jet Airways,Delhi,Cochin,2,1295,27,6,2019,21,25,19,0,28,6,2026
IndiGo,Mumbai,Hyderabad,0,85,18,3,2019,21,20,22,45,28,9,2026
Jet Airways,Banglore,Delhi,0,185,4,6,2019,18,55,22,0,28,9,2026
Jet Airways,Kolkata,Banglore,1,570,21,5,2019,14,5,23,35,28,9,2026
Jet Airways,Kolkata,Banglore,1,705,4,1,2019,6,30,18,15,28,9,2026
Jet Airways,Delhi,Cochin,1,925,3,6,2019,13,0,4,25,3,7,2026
IndiGo,Chennai,Kolkata,0,140,6,9,2019,14,45,17,5,28,9,2026
GoAir,Banglore,Delhi,0,170,24,5,2019,11,40,14,30,28,9,2026
Jet Airways,Kolkata,Banglore,1,1640,4,1,2019,16,30,19,50,4,2,2026
Air India,Banglore,Delhi,0,170,15,6,2019,13,20,16,10,28,9,2026
IndiGo,Kolkata,Banglore,1,240,18,5,2019,6,20,10,20,28,9,2026
Jet Airways,Delhi,Cochin,1,1040,27,6,2019,19,15,12,35,28,6,2026
Vistara,Mumbai,Hyderabad,1,1555,3,6,2019,7,30,9,25,3,7,2026
Jet Airways,Delhi,Cochin,2,1630,6,9,2019,9,25,12,35,6,10,2026
Jet Airways,Kolkata,Banglore,1,945,5,9,2019,16,30,8,15,5,10,2026
IndiGo,Banglore,New Delhi,0,175,3,3,2019,7,10,10,5,28,9,2026
Jet Airways,Banglore,Delhi,0,175,21,5,2019,15,50,18,45,28,9,2026
Jet Airways,Kolkata,Banglore,1,590,5,1,2019,8,25,18,15,28,9,2026
Multiple carriers,Delhi,Cochin,1,650,27,3,2019,8,0,18,50,28,9,2026
SpiceJet,Mumbai,Hyderabad,0,90,6,6,2019,22,45,0,15,6,7,2026
Multiple carriers,Delhi,Cochin,1,795,6,3,2019,6,0,19,15,28,9,2026
IndiGo,Banglore,Delhi,0,175,6,3,2019,18,55,21,50,28,9,2026
Air India,Delhi,Cochin,1,320,5,9,2019,17,40,23,0,28,9,2026
IndiGo,Banglore,Delhi,0,175,5,3,2019,7,10,10,5,28,9,2026
SpiceJet,Kolkata,Banglore,0,140,21,6,2019,22,20,0,40,22,6,2026
Jet Airways,Delhi,Cochin,1,1010,27,6,2019,19,45,12,35,28,6,2026
Air India,Banglore,Delhi,0,165,24,4,2019,10,0,12,45,28,9,2026
Jet Airways,Delhi,Cochin,2,1375,4,9,2019,5,30,4,25,4,10,2026
Jet Airways,Kolkata,Banglore,1,520,6,6,2019,20,0,4,40,6,7,2026
SpiceJet,Banglore,Delhi,0,170,4,3,2019,9,30,12,20,28,9,2026
SpiceJet,Banglore,Delhi,0,175,27,4,2019,21,10,0,5,28,4,2026
IndiGo,Kolkata,Banglore,0,155,5,9,2019,4,40,7,15,28,9,2026
IndiGo,Delhi,Cochin,1,325,4,6,2019,2,0,7,25,28,9,2026
Jet Airways,Banglore,Delhi,0,175,5,9,2019,15,15,18,10,28,9,2026
SpiceJet,Banglore,Delhi,0,175,5,6,2019,21,10,0,5,5,7,2026
Air Asia,Delhi,Cochin,1,865,15,5,2019,16,45,7,10,16,5,2026
Jet Airways,Kolkata,Banglore,1,330,5,6,2019,6,30,12,0,28,9,2026
Air India,Delhi,Cochin,2,1560,21,3,2019,17,15,19,15,22,3,2026
IndiGo,Kolkata,Banglore,0,155,4,1,2019,11,30,14,5,28,9,2026
Jet Airways,Kolkata,Banglore,1,520,24,3,2019,13,55,22,35,28,9,2026
IndiGo,Delhi,Cochin,1,310,24,4,2019,17,5,22,15,28,9,2026
Jet Airways,Banglore,Delhi,0,180,21,6,2019,7,10,10,10,28,9,2026
Jet Airways,Delhi,Cochin,2,1615,15,6,2019,9,40,12,35,16,6,2026
Air India,Delhi,Cochin,1,1335,27,3,2019,21,0,19,15,28,3,2026
Multiple carriers,Delhi,Cochin,1,730,3,6,2019,6,40,18,50,28,9,2026
Jet Airways,Delhi,Cochin,2,1380,3,9,2019,5,25,4,25,3,10,2026
IndiGo,Delhi,Cochin,1,860,6,3,2019,6,40,21,0,28,9,2026
IndiGo,Delhi,Cochin,1,320,5,9,2019,6,50,12,10,28,9,2026
Jet Airways,Banglore,New Delhi,1,1200,21,3,2019,11,40,7,40,19,3,2026
Jet Airways,Delhi,Cochin,2,1760,5,1,2019,23,5,4,25,5,3,2026
SpiceJet,Banglore,Delhi,0,170,18,5,2019,9,30,12,20,28,9,2026
Air India,Delhi,Cochin,1,375,6,6,2019,13,0,19,15,28,9,2026
Jet Airways,Kolkata,Banglore,1,1215,6,6,2019,8,25,4,40,6,7,2026
Jet Airways,Delhi,Cochin,1,715,6,6,2019,7,5,19,0,28,9,2026
Air India,Delhi,Cochin,1,875,18,5,2019,17,40,8,15,19,5,2026
Jet Airways,Delhi,Cochin,1,1225,27,3,2019,8,0,4,25,28,3,2026
Jet Airways,Banglore,New Delhi,1,495,18,3,2019,7,0,15,15,28,9,2026
Multiple carriers,Delhi,Cochin,2,695,21,3,2019,9,45,21,20,28,9,2026
IndiGo,Delhi,Cochin,1,415,5,6,2019,18,35,1,30,5,7,2026
SpiceJet,Kolkata,Banglore,1,435,6,6,2019,11,35,18,50,28,9,2026
IndiGo,Banglore,Delhi,0,170,4,9,2019,20,0,22,50,28,9,2026
Multiple carriers,Delhi,Cochin,1,780,6,12,2019,8,0,21,0,28,9,2026
Jet Airways,Delhi,Cochin,1,1395,21,5,2019,19,45,19,0,22,5,2026
Vistara,Kolkata,Banglore,1,930,5,9,2019,7,10,22,40,28,9,2026
Vistara,Chennai,Kolkata,0,140,5,6,2019,17,45,20,5,28,9,2026
Jet Airways,Delhi,Cochin,2,750,3,9,2019,15,55,4,25,3,10,2026
Air India,Kolkata,Banglore,3,805,6,9,2019,9,50,23,15,28,9,2026
Air India,Delhi,Cochin,2,1595,27,6,2019,16,40,19,15,28,6,2026
Air Asia,Banglore,New Delhi,0,170,3,9,2019,5,50,8,40,28,9,2026
IndiGo,Kolkata,Banglore,1,290,15,5,2019,8,10,13,0,28,9,2026
SpiceJet,Mumbai,Hyderabad,0,90,27,6,2019,13,15,14,45,28,9,2026
Multiple carriers,Delhi,Cochin,1,600,27,5,2019,9,0,19,0,28,9,2026
Air India,Kolkata,Banglore,2,1165,15,5,2019,10,0,5,25,16,5,2026
Multiple carriers,Delhi,Cochin,1,830,27,6,2019,11,40,1,30,28,6,2026
IndiGo,Kolkata,Banglore,1,325,18,5,2019,18,5,23,30,28,9,2026
SpiceJet,Mumbai,Hyderabad,0,80,18,3,2019,13,10,14,30,28,9,2026
Jet Airways,Delhi,Cochin,1,1110,3,3,2019,9,55,4,25,3,4,2026
Jet Airways,Mumbai,Hyderabad,0,85,6,9,2019,2,55,4,20,28,9,2026
Jet Airways,Kolkata,Banglore,1,590,5,6,2019,6,30,16,20,28,9,2026
Multiple carriers,Delhi,Cochin,1,480,6,6,2019,13,0,21,0,28,9,2026
SpiceJet,Banglore,Delhi,0,160,6,9,2019,5,55,8,35,28,9,2026
Air India,Banglore,New Delhi,0,165,3,3,2019,10,0,12,45,28,9,2026
Air India,Delhi,Cochin,2,1560,21,3,2019,17,15,19,15,22,3,2026
Vistara,Mumbai,Hyderabad,1,1560,3,6,2019,20,55,22,55,3,7,2026
SpiceJet,Kolkata,Banglore,0,155,4,3,2019,6,55,9,30,28,9,2026
IndiGo,Banglore,Delhi,0,170,4,3,2019,8,30,11,20,28,9,2026
IndiGo,Delhi,Cochin,1,835,5,9,2019,8,35,22,30,28,9,2026
SpiceJet,Banglore,Delhi,0,170,21,4,2019,9,30,12,20,28,9,2026
Multiple carriers,Delhi,Cochin,1,795,3,6,2019,2,15,15,30,28,9,2026
Jet Airways,Kolkata,Banglore,1,1550,24,5,2019,18,55,20,45,25,5,2026
Multiple carriers,Delhi,Cochin,1,720,3,6,2019,9,0,21,0,28,9,2026
Jet Airways,Kolkata,Banglore,1,1540,5,6,2019,20,25,22,5,5,7,2026
Jet Airways,Banglore,New Delhi,1,1235,18,3,2019,11,40,8,15,16,3,2026
Multiple carriers,Delhi,Cochin,1,755,27,3,2019,6,40,19,15,28,9,2026
IndiGo,Kolkata,Banglore,0,155,5,9,2019,11,30,14,5,28,9,2026
IndiGo,Banglore,New Delhi,1,285,3,3,2019,5,25,10,10,28,9,2026
Air India,Delhi,Cochin,2,1100,21,5,2019,13,20,7,40,22,5,2026
IndiGo,Mumbai,Hyderabad,0,90,27,6,2019,12,0,13,30,28,9,2026
IndiGo,Mumbai,Hyderabad,0,85,3,3,2019,19,5,20,30,28,9,2026
GoAir,Delhi,Cochin,1,355,6,9,2019,7,0,12,55,28,9,2026
Jet Airways,Delhi,Cochin,1,1105,6,9,2019,10,0,4,25,6,10,2026
SpiceJet,Chennai,Kolkata,0,155,27,3,2019,9,30,12,5,28,9,2026
SpiceJet,Chennai,Kolkata,0,135,21,3,2019,8,20,10,35,28,9,2026
Jet Airways,Mumbai,Hyderabad,0,90,5,1,2019,10,20,11,50,28,9,2026
Multiple carriers,Delhi,Cochin,1,665,3,6,2019,2,15,13,20,28,9,2026
IndiGo,Delhi,Cochin,0,195,6,1,2019,5,35,8,50,28,9,2026
Air Asia,Banglore,New Delhi,0,170,3,3,2019,5,50,8,40,28,9,2026
Air India,Kolkata,Banglore,1,890,4,1,2019,19,0,9,50,4,2,2026
IndiGo,Kolkata,Banglore,0,165,4,3,2019,9,35,12,20,28,9,2026
IndiGo,Delhi,Cochin,1,625,6,9,2019,10,35,21,0,28,9,2026
GoAir,Banglore,New Delhi,0,175,3,3,2019,20,55,23,50,28,9,2026
IndiGo,Delhi,Cochin,1,295,6,9,2019,5,10,10,5,28,9,2026
Jet Airways,Delhi,Cochin,1,455,21,3,2019,20,50,4,25,22,3,2026
Air India,Delhi,Cochin,1,705,6,12,2019,20,30,8,15,13,6,2026
Multiple carriers,Delhi,Cochin,1,630,21,5,2019,15,0,1,30,22,5,2026
IndiGo,Banglore,Delhi,0,175,4,6,2019,18,25,21,20,28,9,2026
Air India,Delhi,Cochin,1,810,21,5,2019,9,30,23,0,28,9,2026
Air India,Banglore,Delhi,0,170,21,5,2019,17,0,19,50,28,9,2026
Multiple carriers,Delhi,Cochin,1,480,6,1,2019,13,0,21,0,28,9,2026
SpiceJet,Mumbai,Hyderabad,0,90,6,3,2019,13,15,14,45,28,9,2026
SpiceJet,Banglore,Delhi,0,175,4,1,2019,21,10,0,5,4,2,2026
IndiGo,Delhi,Cochin,1,415,6,3,2019,18,35,1,30,6,4,2026
Jet Airways,Delhi,Cochin,1,1015,3,6,2019,11,30,4,25,3,7,2026
Jet Airways,Kolkata,Banglore,1,340,24,3,2019,16,55,22,35,28,9,2026
Jet Airways,Kolkata,Banglore,1,750,18,5,2019,5,45,18,15,28,9,2026
Jet Airways,Kolkata,Banglore,1,1285,21,5,2019,17,0,14,25,22,5,2026
IndiGo,Mumbai,Hyderabad,0,90,24,6,2019,21,20,22,50,28,9,2026
SpiceJet,Banglore,Delhi,0,160,18,6,2019,5,55,8,35,28,9,2026
SpiceJet,Banglore,Delhi,0,160,6,6,2019,5,55,8,35,28,9,2026
Air India,Kolkata,Banglore,1,1350,18,5,2019,9,25,7,55,19,5,2026
Multiple carriers,Delhi,Cochin,1,660,6,3,2019,8,0,19,0,28,9,2026
Air India,Delhi,Cochin,2,800,21,5,2019,5,55,19,15,28,9,2026
IndiGo,Kolkata,Banglore,1,270,24,3,2019,11,55,16,25,28,9,2026
Air India,Kolkata,Banglore,1,965,15,5,2019,19,0,11,5,16,5,2026
IndiGo,Delhi,Cochin,1,275,27,6,2019,7,35,12,10,28,9,2026
Multiple carriers,Delhi,Cochin,1,600,18,5,2019,9,0,19,0,28,9,2026
Jet Airways,Mumbai,Hyderabad,0,90,6,3,2019,10,20,11,50,28,9,2026
Jet Airways,Kolkata,Banglore,1,1450,6,6,2019,9,35,9,45,6,7,2026
SpiceJet,Banglore,Delhi,0,170,6,9,2019,9,30,12,20,28,9,2026
Air India,Delhi,Cochin,1,765,4,9,2019,20,40,9,25,4,10,2026
Multiple carriers,Delhi,Cochin,1,665,27,3,2019,9,55,21,0,28,9,2026
Jet Airways,Banglore,Delhi,0,175,21,5,2019,11,10,14,5,28,9,2026
Jet Airways,Banglore,New Delhi,1,390,3,12,2019,5,50,12,20,28,9,2026
Jet Airways,Kolkata,Banglore,1,1150,5,12,2019,21,10,16,20,13,5,2026
Multiple carriers,Delhi,Cochin,1,540,6,3,2019,10,0,19,0,28,9,2026
Jet Airways,Banglore,Delhi,0,180,27,5,2019,8,20,11,20,28,9,2026
SpiceJet,Kolkata,Banglore,0,145,6,9,2019,9,0,11,25,28,9,2026
IndiGo,Mumbai,Hyderabad,0,90,15,3,2019,9,10,10,40,28,9,2026
SpiceJet,Kolkata,Banglore,0,150,27,5,2019,17,10,19,40,28,9,2026
Air India,Kolkata,Banglore,1,1540,24,3,2019,16,50,18,30,25,3,2026
IndiGo,Kolkata,Banglore,1,290,5,6,2019,15,15,20,5,28,9,2026
Air India,Banglore,New Delhi,1,510,15,3,2019,6,45,15,15,28,9,2026
Air Asia,Kolkata,Banglore,0,150,24,6,2019,19,55,22,25,28,9,2026
Jet Airways,Banglore,Delhi,0,175,21,5,2019,15,50,18,45,28,9,2026
IndiGo,Kolkata,Banglore,1,240,15,5,2019,6,20,10,20,28,9,2026
Multiple carriers,Delhi,Cochin,1,600,15,5,2019,9,15,19,15,28,9,2026
IndiGo,Delhi,Cochin,1,300,18,5,2019,16,0,21,0,28,9,2026
SpiceJet,Banglore,Delhi,0,170,5,3,2019,9,30,12,20,28,9,2026
Air India,Kolkata,Banglore,0,155,24,4,2019,20,45,23,20,28,9,2026
GoAir,Delhi,Cochin,1,540,15,6,2019,10,35,19,35,28,9,2026
Jet Airways,Banglore,New Delhi,1,1140,21,3,2019,5,45,0,45,19,3,2026
IndiGo,Delhi,Cochin,0,195,15,6,2019,5,35,8,50,28,9,2026
IndiGo,Chennai,Kolkata,0,140,24,5,2019,22,5,0,25,25,5,2026
SpiceJet,Chennai,Kolkata,0,135,6,3,2019,9,45,12,0,28,9,2026
IndiGo,Mumbai,Hyderabad,0,85,18,3,2019,12,0,13,25,28,9,2026
Vistara,Kolkata,Banglore,1,1550,5,1,2019,17,0,18,50,5,2,2026
Multiple carriers,Delhi,Cochin,1,690,27,6,2019,7,30,19,0,28,9,2026
Jet Airways,Banglore,Delhi,0,175,27,4,2019,15,15,18,10,28,9,2026
Jet Airways,Kolkata,Banglore,1,1285,24,3,2019,18,55,16,20,25,3,2026
Jet Airways,Banglore,New Delhi,1,1310,3,12,2019,20,35,18,25,13,3,2026
Air India,Delhi,Cochin,1,1640,4,3,2019,6,5,9,25,4,4,2026
Multiple carriers,Delhi,Cochin,1,480,15,5,2019,17,30,1,30,16,5,2026
Air India,Delhi,Cochin,1,375,27,3,2019,13,0,19,15,28,9,2026
IndiGo,Delhi,Cochin,1,515,6,6,2019,7,35,16,10,28,9,2026
Jet Airways,Delhi,Cochin,1,1425,6,12,2019,19,15,19,0,13,6,2026
Air India,Delhi,Cochin,3,1585,15,6,2019,5,15,7,40,16,6,2026
GoAir,Banglore,Delhi,0,165,4,9,2019,20,55,23,40,28,9,2026
Multiple carriers,Delhi,Cochin,1,755,27,3,2019,13,0,1,35,28,3,2026
Jet Airways,Kolkata,Banglore,1,475,4,1,2019,8,25,16,20,28,9,2026
Air India,Mumbai,Hyderabad,2,1840,3,6,2019,12,45,19,25,3,7,2026
Jet Airways,Kolkata,Banglore,1,960,21,5,2019,20,0,12,0,22,5,2026
IndiGo,Kolkata,Banglore,0,155,5,3,2019,11,30,14,5,28,9,2026
SpiceJet,Delhi,Cochin,1,270,6,12,2019,8,45,13,15,28,9,2026
IndiGo,Kolkata,Banglore,1,265,24,4,2019,19,20,23,45,28,9,2026
Jet Airways,Delhi,Cochin,1,995,27,3,2019,2,15,18,50,28,9,2026
Air India,Banglore,New Delhi,0,170,3,1,2019,13,20,16,10,28,9,2026
Vistara,Kolkata,Banglore,1,1625,4,1,2019,20,20,23,25,4,2,2026
Jet Airways,Delhi,Cochin,1,1225,21,3,2019,8,0,4,25,22,3,2026
Multiple carriers,Delhi,Cochin,3,565,3,3,2019,11,35,21,0,28,9,2026
Jet Airways,Kolkata,Banglore,1,1570,6,9,2019,17,0,19,10,6,10,2026
IndiGo,Delhi,Cochin,1,625,21,5,2019,10,35,21,0,28,9,2026
Jet Airways,Delhi,Cochin,1,1395,6,1,2019,19,45,19,0,6,2,2026
IndiGo,Kolkata,Banglore,1,235,21,5,2019,19,55,23,50,28,9,2026
IndiGo,Banglore,Delhi,0,165,4,12,2019,6,5,8,50,28,9,2026
SpiceJet,Chennai,Kolkata,0,140,18,5,2019,17,45,20,5,28,9,2026
Jet Airways,Delhi,Cochin,1,300,24,6,2019,14,0,19,0,28,9,2026
Jet Airways,Delhi,Cochin,1,1620,6,6,2019,16,0,19,0,6,7,2026
IndiGo,Banglore,Delhi,0,170,5,1,2019,4,0,6,50,28,9,2026
Air India,Delhi,Cochin,2,1470,6,12,2019,18,45,19,15,13,6,2026
Air India,Delhi,Cochin,1,1335,6,1,2019,21,0,19,15,6,2,2026
Jet Airways,Delhi,Cochin,1,805,27,5,2019,15,0,4,25,28,5,2026
Air India,Kolkata,Banglore,2,1610,5,9,2019,8,20,11,10,5,10,2026
Multiple carriers,Delhi,Cochin,1,480,3,3,2019,13,0,21,0,28,9,2026
Jet Airways,Delhi,Cochin,2,810,4,9,2019,23,5,12,35,4,10,2026
Jet Airways,Banglore,Delhi,0,185,15,5,2019,18,55,22,0,28,9,2026
Jet Airways,Kolkata,Banglore,1,435,21,5,2019,10,20,17,35,28,9,2026
Jet Airways,Kolkata,Banglore,1,1055,15,5,2019,16,30,10,5,16,5,2026
Jet Airways,Banglore,New Delhi,1,670,3,6,2019,8,0,19,10,28,9,2026
Jet Airways,Banglore,New Delhi,1,745,3,6,2019,8,55,21,20,28,9,2026
Jet Airways,Kolkata,Banglore,1,365,24,5,2019,16,30,22,35,28,9,2026
IndiGo,Chennai,Kolkata,0,140,5,3,2019,7,55,10,15,28,9,2026
Air India,Banglore,New Delhi,1,725,3,1,2019,11,50,23,55,28,9,2026
Vistara,Banglore,Delhi,0,170,5,12,2019,9,45,12,35,28,9,2026
Jet Airways,Delhi,Cochin,1,870,3,6,2019,13,55,4,25,3,7,2026
Air India,Delhi,Cochin,0,180,18,5,2019,14,10,17,10,28,9,2026
Multiple carriers,Delhi,Cochin,1,505,6,6,2019,10,35,19,0,28,9,2026
IndiGo,Kolkata,Banglore,0,155,4,6,2019,20,20,22,55,28,9,2026
IndiGo,Delhi,Cochin,1,630,6,6,2019,15,0,1,30,6,7,2026
Jet Airways,Delhi,Cochin,2,1375,18,5,2019,5,30,4,25,19,5,2026
Jet Airways,Kolkata,Banglore,1,570,6,9,2019,14,5,23,35,28,9,2026
IndiGo,Kolkata,Banglore,0,155,27,6,2019,17,15,19,50,28,9,2026
SpiceJet,Delhi,Cochin,1,360,3,3,2019,15,55,21,55,28,9,2026
Jet Airways,Delhi,Cochin,1,660,6,12,2019,8,0,19,0,28,9,2026
Air India,Delhi,Cochin,1,1215,3,9,2019,23,0,19,15,3,10,2026
Jet Airways,Delhi,Cochin,1,450,6,1,2019,11,30,19,0,28,9,2026
Jet Airways,Kolkata,Banglore,1,590,15,5,2019,6,30,16,20,28,9,2026
Air India,Delhi,Cochin,2,1105,24,6,2019,13,15,7,40,25,6,2026
Multiple carriers,Delhi,Cochin,1,780,6,3,2019,8,0,21,0,28,9,2026
Jet Airways,Kolkata,Banglore,1,1335,5,9,2019,20,0,18,15,5,10,2026
Jet Airways,Delhi,Cochin,1,1475,3,3,2019,18,15,18,50,3,4,2026
IndiGo,Kolkata,Banglore,1,315,24,5,2019,21,0,2,15,25,5,2026
Jet Airways,Delhi,Cochin,1,550,6,9,2019,19,15,4,25,6,10,2026
SpiceJet,Mumbai,Hyderabad,0,90,5,12,2019,22,45,0,15,13,5,2026
Jet Airways,Delhi,Cochin,2,810,6,3,2019,5,30,19,0,28,9,2026
SpiceJet,Kolkata,Banglore,0,145,21,6,2019,9,0,11,25,28,9,2026
Jet Airways,Kolkata,Banglore,1,865,15,5,2019,18,55,9,20,16,5,2026
Jet Airways,Kolkata,Banglore,1,450,21,5,2019,21,10,4,40,22,5,2026
Jet Airways,Kolkata,Banglore,1,1545,18,5,2019,16,30,18,15,19,5,2026
Multiple carriers,Delhi,Cochin,1,780,3,6,2019,8,0,21,0,28,9,2026
Jet Airways,Delhi,Cochin,1,1530,27,6,2019,17,30,19,0,28,6,2026
Air India,Kolkata,Banglore,2,1165,4,1,2019,10,0,5,25,4,2,2026
Jet Airways,Kolkata,Banglore,1,875,5,9,2019,14,5,4,40,5,10,2026
Air India,Delhi,Cochin,2,865,4,9,2019,17,15,7,40,4,10,2026
Jet Airways,Kolkata,Banglore,1,395,5,6,2019,17,0,23,35,28,9,2026
Multiple carriers,Delhi,Cochin,2,855,21,3,2019,7,5,21,20,28,9,2026
Multiple carriers,Delhi,Cochin,1,690,6,12,2019,14,0,1,30,13,6,2026
Jet Airways,Banglore,Delhi,0,175,6,1,2019,15,15,18,10,28,9,2026
Jet Airways,Mumbai,Hyderabad,0,85,27,6,2019,7,5,8,30,28,9,2026
Multiple carriers,Delhi,Cochin,1,755,15,5,2019,6,40,19,15,28,9,2026
Jet Airways,Delhi,Cochin,1,1425,27,5,2019,19,15,19,0,28,5,2026
Jet Airways,Delhi,Cochin,1,1620,21,5,2019,16,0,19,0,22,5,2026
IndiGo,Chennai,Kolkata,0,145,24,6,2019,11,35,14,0,28,9,2026
IndiGo,Mumbai,Hyderabad,0,85,27,3,2019,21,20,22,45,28,9,2026
Multiple carriers,Delhi,Cochin,1,465,3,1,2019,14,35,22,20,28,9,2026
Jet Airways,Delhi,Cochin,2,1130,15,6,2019,9,35,4,25,16,6,2026
Air India,Kolkata,Banglore,0,155,24,3,2019,20,45,23,20,28,9,2026
Jet Airways,Delhi,Cochin,2,1760,24,6,2019,23,5,4,25,26,6,2026
IndiGo,Kolkata,Banglore,0,155,21,6,2019,11,30,14,5,28,9,2026
Jet Airways,Banglore,New Delhi,1,785,3,3,2019,11,40,0,45,3,7,2026
SpiceJet,Chennai,Kolkata,0,135,5,6,2019,8,20,10,35,28,9,2026
Air Asia,Kolkata,Banglore,0,150,3,6,2019,19,35,22,5,28,9,2026
IndiGo,Delhi,Cochin,1,290,15,5,2019,15,10,20,0,28,9,2026
SpiceJet,Mumbai,Hyderabad,0,90,15,6,2019,22,45,0,15,16,6,2026
Jet Airways,Banglore,New Delhi,1,1165,3,6,2019,14,5,9,30,3,7,2026
Air India,Mumbai,Hyderabad,0,80,21,3,2019,6,20,7,40,28,9,2026
Jet Airways,Banglore,Delhi,0,175,18,4,2019,15,15,18,10,28,9,2026
SpiceJet,Banglore,Delhi,0,175,4,9,2019,21,10,0,5,4,10,2026
Multiple carriers,Delhi,Cochin,1,425,3,6,2019,13,55,21,0,28,9,2026
IndiGo,Kolkata,Banglore,0,160,6,1,2019,21,25,0,5,6,2,2026
Jet Airways,Mumbai,Hyderabad,0,85,27,6,2019,2,55,4,20,28,9,2026
IndiGo,Banglore,Delhi,0,175,21,5,2019,7,10,10,5,28,9,2026
Air India,Banglore,Delhi,0,165,5,1,2019,6,10,8,55,28,9,2026
Jet Airways,Kolkata,Banglore,1,425,6,9,2019,16,30,23,35,28,9,2026
Air India,Banglore,New Delhi,1,865,21,3,2019,8,50,23,15,28,9,2026
Air India,Banglore,New Delhi,0,165,24,3,2019,21,10,23,55,28,9,2026
Jet Airways,Delhi,Cochin,2,1300,6,1,2019,6,45,4,25,6,2,2026
Jet Airways,Banglore,Delhi,0,175,6,3,2019,15,15,18,10,28,9,2026
Jet Airways,Banglore,Delhi,0,180,18,6,2019,7,10,10,10,28,9,2026
Jet Airways,Delhi,Cochin,1,1100,18,5,2019,18,15,12,35,19,5,2026
Multiple carriers,Delhi,Cochin,1,490,15,6,2019,12,50,21,0,28,9,2026
Jet Airways,Banglore,New Delhi,1,950,3,12,2019,20,35,12,25,13,3,2026
Air India,Delhi,Cochin,1,615,5,9,2019,9,0,19,15,28,9,2026
Jet Airways,Kolkata,Banglore,1,740,15,5,2019,8,25,20,45,28,9,2026
Air India,Delhi,Cochin,2,1560,24,6,2019,17,15,19,15,25,6,2026
Multiple carriers,Delhi,Cochin,1,390,15,6,2019,19,0,1,30,16,6,2026
SpiceJet,Kolkata,Banglore,1,330,6,6,2019,15,55,21,25,28,9,2026
IndiGo,Delhi,Cochin,1,295,6,1,2019,5,10,10,5,28,9,2026
SpiceJet,Banglore,New Delhi,0,175,3,3,2019,9,35,12,30,28,9,2026
Jet Airways,Kolkata,Banglore,1,690,6,6,2019,9,35,21,5,28,9,2026
IndiGo,Banglore,Delhi,0,170,18,6,2019,5,30,8,20,28,9,2026
IndiGo,Kolkata,Banglore,0,155,24,6,2019,17,15,19,50,28,9,2026
IndiGo,Kolkata,Banglore,0,155,4,12,2019,11,30,14,5,28,9,2026
Air Asia,Banglore,Delhi,0,170,21,5,2019,4,55,7,45,28,9,2026
IndiGo,Delhi,Cochin,1,355,3,9,2019,7,45,13,40,28,9,2026
Jet Airways,Kolkata,Banglore,1,800,5,12,2019,18,55,8,15,13,5,2026
Jet Airways,Delhi,Cochin,2,1205,3,9,2019,8,20,4,25,3,10,2026
Jet Airways,Mumbai,Hyderabad,0,90,27,3,2019,19,35,21,5,28,9,2026
Multiple carriers,Delhi,Cochin,1,755,27,5,2019,6,40,19,15,28,9,2026
Air Asia,Banglore,Delhi,0,165,21,6,2019,11,10,13,55,28,9,2026
Air India,Mumbai,Hyderabad,1,1345,3,12,2019,21,0,19,25,13,3,2026
SpiceJet,Mumbai,Hyderabad,0,90,21,6,2019,5,45,7,15,28,9,2026
Air India,Kolkata,Banglore,2,1390,6,12,2019,12,0,11,10,13,6,2026
IndiGo,Kolkata,Banglore,0,155,15,4,2019,22,15,0,50,16,4,2026
Jet Airways,Kolkata,Banglore,1,1075,21,5,2019,17,0,10,55,22,5,2026
Jet Airways,Delhi,Cochin,1,1050,3,9,2019,2,15,19,45,28,9,2026
SpiceJet,Kolkata,Banglore,0,145,5,6,2019,9,0,11,25,28,9,2026
Multiple carriers,Delhi,Cochin,1,615,6,12,2019,9,0,19,15,28,9,2026
Multiple carriers,Delhi,Cochin,1,755,5,9,2019,6,40,19,15,28,9,2026
IndiGo,Banglore,Delhi,0,170,27,6,2019,8,30,11,20,28,9,2026
IndiGo,Kolkata,Banglore,0,165,15,5,2019,9,35,12,20,28,9,2026
Air India,Mumbai,Hyderabad,2,545,3,12,2019,10,5,19,10,28,9,2026
Jet Airways,Kolkata,Banglore,1,1330,21,5,2019,6,30,4,40,22,5,2026
Jet Airways,Mumbai,Hyderabad,0,85,6,1,2019,7,5,8,30,28,9,2026
Vistara,Kolkata,Banglore,1,530,24,3,2019,9,55,18,45,28,9,2026
Air India,Kolkata,Banglore,2,1195,5,9,2019,12,0,7,55,5,10,2026
Jet Airways,Banglore,New Delhi,1,1420,3,3,2019,8,0,7,40,3,7,2026
Jet Airways,Mumbai,Hyderabad,0,85,21,3,2019,7,10,8,35,28,9,2026
Jet Airways,Banglore,New Delhi,1,930,3,12,2019,18,55,10,25,13,3,2026
IndiGo,Kolkata,Banglore,1,220,24,4,2019,19,35,23,15,28,9,2026
Jet Airways,Delhi,Cochin,2,650,27,3,2019,17,35,4,25,28,3,2026
IndiGo,Mumbai,Hyderabad,0,90,15,6,2019,19,5,20,35,28,9,2026
SpiceJet,Banglore,Delhi,0,170,6,1,2019,9,30,12,20,28,9,2026
IndiGo,Delhi,Cochin,2,765,27,3,2019,8,35,21,20,28,9,2026
Air India,Kolkata,Banglore,2,765,18,5,2019,16,50,5,35,19,5,2026
Jet Airways,Banglore,Delhi,0,180,15,4,2019,7,10,10,10,28,9,2026
IndiGo,Kolkata,Banglore,1,290,15,4,2019,15,15,20,5,28,9,2026
Vistara,Banglore,New Delhi,0,175,3,9,2019,21,10,0,5,13,3,2026
SpiceJet,Delhi,Cochin,1,270,27,6,2019,8,45,13,15,28,9,2026
IndiGo,Delhi,Cochin,1,625,3,9,2019,11,55,22,20,28,9,2026
Jet Airways,Kolkata,Banglore,1,730,6,12,2019,16,30,4,40,13,6,2026
Air India,Kolkata,Banglore,0,155,15,4,2019,20,45,23,20,28,9,2026
IndiGo,Delhi,Cochin,1,425,3,9,2019,4,55,12,0,28,9,2026
IndiGo,Banglore,Delhi,0,170,15,5,2019,4,0,6,50,28,9,2026
Air Asia,Banglore,Delhi,0,170,6,9,2019,23,55,2,45,6,10,2026
IndiGo,Banglore,Delhi,0,180,6,6,2019,21,15,0,15,6,7,2026
Multiple carriers,Delhi,Cochin,1,860,6,1,2019,4,55,19,15,28,9,2026
Air India,Kolkata,Banglore,2,2065,15,5,2019,5,50,16,15,16,5,2026
Air India,Kolkata,Banglore,1,675,4,1,2019,9,50,21,5,28,9,2026
Jet Airways,Delhi,Cochin,2,535,5,9,2019,19,30,4,25,5,10,2026
Jet Airways,Kolkata,Banglore,1,1630,24,5,2019,20,25,23,35,25,5,2026
Air Asia,Banglore,Delhi,0,165,6,3,2019,11,10,13,55,28,9,2026
Multiple carriers,Delhi,Cochin,1,735,15,6,2019,8,45,21,0,28,9,2026
Jet Airways,Delhi,Cochin,1,1210,21,5,2019,22,50,19,0,22,5,2026
Jet Airways,Delhi,Cochin,2,1760,21,5,2019,23,5,4,25,23,5,2026
Air India,Banglore,Delhi,0,165,6,9,2019,17,0,19,45,28,9,2026
Jet Airways,Delhi,Cochin,2,1320,6,12,2019,14,35,12,35,13,6,2026
Vistara,Delhi,Cochin,0,190,3,6,2019,6,0,9,10,28,9,2026
SpiceJet,Banglore,Delhi,0,175,4,3,2019,21,10,0,5,4,4,2026
Air India,Delhi,Cochin,3,2280,3,9,2019,5,15,19,15,3,10,2026
Jet Airways,Mumbai,Hyderabad,0,85,27,5,2019,2,55,4,20,28,9,2026
IndiGo,Delhi,Cochin,1,300,3,3,2019,5,5,10,5,28,9,2026
IndiGo,Kolkata,Banglore,0,160,3,9,2019,17,15,19,55,28,9,2026
Jet Airways,Delhi,Cochin,2,1760,27,6,2019,23,5,4,25,29,6,2026
IndiGo,Kolkata,Banglore,0,155,6,3,2019,15,30,18,5,28,9,2026
Multiple carriers,Delhi,Cochin,1,810,24,6,2019,7,30,21,0,28,9,2026
Air India,Delhi,Cochin,2,725,6,3,2019,7,10,19,15,28,9,2026
Jet Airways,Delhi,Cochin,1,1315,27,3,2019,21,50,19,45,28,3,2026
Jet Airways,Delhi,Cochin,1,1105,6,12,2019,10,0,4,25,13,6,2026
IndiGo,Mumbai,Hyderabad,0,90,24,6,2019,16,55,18,25,28,9,2026
Jet Airways,Kolkata,Banglore,1,1200,18,5,2019,14,5,10,5,19,5,2026
Vistara,Kolkata,Banglore,1,1555,5,6,2019,7,10,9,5,5,7,2026
Jet Airways,Banglore,Delhi,0,175,5,12,2019,15,15,18,10,28,9,2026
Jet Airways,Delhi,Cochin,1,1595,27,5,2019,10,0,12,35,28,5,2026
Jet Airways,Delhi,Cochin,1,330,5,9,2019,7,5,12,35,28,9,2026
Multiple carriers,Delhi,Cochin,1,755,3,6,2019,6,40,19,15,28,9,2026
Air India,Banglore,New Delhi,2,655,3,1,2019,10,30,21,25,28,9,2026
GoAir,Delhi,Cochin,1,310,24,6,2019,14,25,19,35,28,9,2026
Vistara,Kolkata,Banglore,1,930,5,6,2019,7,10,22,40,28,9,2026
Multiple carriers,Delhi,Cochin,1,795,27,3,2019,6,0,19,15,28,9,2026
IndiGo,Delhi,Cochin,1,560,15,5,2019,6,50,16,10,28,9,2026
Multiple carriers,Delhi,Cochin,2,485,21,3,2019,13,15,21,20,28,9,2026
Jet Airways,Delhi,Cochin,1,1005,6,1,2019,2,15,19,0,28,9,2026
Jet Airways,Delhi,Cochin,1,1100,24,6,2019,18,15,12,35,25,6,2026
Jet Airways,Delhi,Cochin,1,1005,15,6,2019,2,15,19,0,28,9,2026
Jet Airways,Delhi,Cochin,2,1925,21,3,2019,10,45,18,50,22,3,2026
IndiGo,Delhi,Cochin,1,490,6,9,2019,14,20,22,30,28,9,2026
Jet Airways,Mumbai,Hyderabad,0,85,27,6,2019,2,55,4,20,28,9,2026
Jet Airways,Delhi,Cochin,2,425,27,6,2019,5,30,12,35,28,9,2026
Vistara,Banglore,New Delhi,0,160,3,1,2019,19,40,22,20,28,9,2026
Air Asia,Delhi,Cochin,1,340,15,5,2019,16,45,22,25,28,9,2026
Jet Airways,Kolkata,Banglore,1,800,5,1,2019,20,0,9,20,5,2,2026
Air India,Delhi,Cochin,1,1455,21,3,2019,19,0,19,15,22,3,2026
Jet Airways,Kolkata,Banglore,1,590,6,9,2019,8,25,18,15,28,9,2026
Vistara,Kolkata,Banglore,1,1550,24,3,2019,20,20,22,10,25,3,2026
Jet Airways,Banglore,Delhi,0,180,21,5,2019,19,50,22,50,28,9,2026
Jet Airways,Kolkata,Banglore,1,365,21,5,2019,16,30,22,35,28,9,2026
Jet Airways,Kolkata,Banglore,1,1400,4,1,2019,18,55,18,15,4,2,2026
Air Asia,Kolkata,Banglore,1,710,6,9,2019,7,35,19,25,28,9,2026
IndiGo,Banglore,Delhi,0,170,24,6,2019,13,0,15,50,28,9,2026
IndiGo,Kolkata,Banglore,0,155,5,3,2019,20,20,22,55,28,9,2026
IndiGo,Mumbai,Hyderabad,0,90,6,9,2019,12,0,13,30,28,9,2026
Multiple carriers,Delhi,Cochin,1,385,18,5,2019,9,45,16,10,28,9,2026
Multiple carriers,Delhi,Cochin,1,720,6,12,2019,9,0,21,0,28,9,2026
Air India,Delhi,Cochin,0,185,27,4,2019,18,5,21,10,28,9,2026
IndiGo,Kolkata,Banglore,0,165,24,3,2019,22,10,0,55,25,3,2026
SpiceJet,Mumbai,Hyderabad,0,90,5,1,2019,13,15,14,45,28,9,2026
Jet Airways,Delhi,Cochin,2,1375,21,3,2019,5,30,4,25,22,3,2026
Jet Airways,Kolkata,Banglore,1,1500,5,6,2019,17,0,18,0,5,7,2026
SpiceJet,Banglore,Delhi,0,170,5,6,2019,9,30,12,20,28,9,2026
Air Asia,Kolkata,Banglore,1,710,5,12,2019,7,35,19,25,28,9,2026
Jet Airways,Kolkata,Banglore,1,1025,15,5,2019,6,30,23,35,28,9,2026
IndiGo,Delhi,Cochin,1,300,21,3,2019,16,0,21,0,28,9,2026
Vistara,Banglore,Delhi,0,155,18,6,2019,17,0,19,35,28,9,2026
IndiGo,Banglore,New Delhi,0,175,24,3,2019,18,25,21,20,28,9,2026
Multiple carriers,Delhi,Cochin,1,630,6,3,2019,8,45,19,15,28,9,2026
Jet Airways,Delhi,Cochin,1,1680,6,1,2019,15,0,19,0,6,2,2026
Jet Airways,Banglore,New Delhi,1,305,3,6,2019,14,5,19,10,28,9,2026
IndiGo,Mumbai,Hyderabad,0,90,5,1,2019,9,10,10,40,28,9,2026
Jet Airways,Delhi,Cochin,1,1680,24,6,2019,15,0,19,0,25,6,2026
Jet Airways,Kolkata,Banglore,1,505,5,12,2019,9,35,18,0,28,9,2026
Air India,Kolkata,Banglore,2,535,15,5,2019,9,25,18,20,28,9,2026
Jet Airways,Banglore,New Delhi,1,1355,3,6,2019,20,35,19,10,3,7,2026
Jet Airways,Kolkata,Banglore,1,1485,18,5,2019,20,0,20,45,19,5,2026
Air India,Kolkata,Banglore,0,150,5,6,2019,14,15,16,45,28,9,2026
Jet Airways,Delhi,Cochin,1,620,24,6,2019,2,15,12,35,28,9,2026
Air India,Delhi,Cochin,3,1585,24,6,2019,5,15,7,40,25,6,2026
Multiple carriers,Delhi,Cochin,1,390,15,6,2019,19,0,1,30,16,6,2026
Jet Airways,Kolkata,Banglore,1,1495,5,9,2019,8,25,9,20,5,10,2026
GoAir,Delhi,Cochin,1,355,6,12,2019,7,0,12,55,28,9,2026
Air India,Delhi,Cochin,1,675,15,5,2019,8,0,19,15,28,9,2026
GoAir,Kolkata,Banglore,1,495,18,5,2019,23,30,7,45,19,5,2026
SpiceJet,Kolkata,Banglore,0,160,3,9,2019,6,55,9,35,28,9,2026
SpiceJet,Kolkata,Banglore,0,150,24,3,2019,17,15,19,45,28,9,2026
IndiGo,Banglore,New Delhi,0,180,3,9,2019,13,10,16,10,28,9,2026
Jet Airways,Mumbai,Hyderabad,0,90,15,3,2019,15,50,17,20,28,9,2026
IndiGo,Delhi,Cochin,1,285,21,3,2019,10,45,15,30,28,9,2026
Jet Airways,Banglore,New Delhi,1,1310,18,3,2019,11,40,9,30,16,3,2026
IndiGo,Delhi,Cochin,1,305,21,5,2019,23,30,4,35,22,5,2026
Jet Airways,Kolkata,Banglore,1,395,6,6,2019,17,0,23,35,28,9,2026
Multiple carriers,Delhi,Cochin,1,660,27,6,2019,10,0,21,0,28,9,2026
IndiGo,Delhi,Cochin,1,975,15,5,2019,9,15,1,30,16,5,2026
SpiceJet,Kolkata,Banglore,0,155,21,4,2019,6,55,9,30,28,9,2026
Air Asia,Kolkata,Banglore,0,150,3,12,2019,22,50,1,20,13,3,2026
IndiGo,Banglore,Delhi,0,170,18,5,2019,8,30,11,20,28,9,2026
Multiple carriers,Delhi,Cochin,1,540,24,4,2019,7,10,16,10,28,9,2026
Jet Airways,Delhi,Cochin,2,1775,21,5,2019,13,25,19,0,22,5,2026
SpiceJet,Kolkata,Banglore,0,140,27,3,2019,22,20,0,40,28,3,2026
Jet Airways,Mumbai,Hyderabad,0,90,18,3,2019,2,55,4,25,28,9,2026
Jet Airways,Banglore,New Delhi,1,280,3,6,2019,9,45,14,25,28,9,2026
Multiple carriers,Delhi,Cochin,1,640,27,5,2019,10,20,21,0,28,9,2026
Air Asia,Kolkata,Banglore,0,150,18,4,2019,19,55,22,25,28,9,2026
Air India,Delhi,Cochin,1,965,4,3,2019,17,20,9,25,4,4,2026
Air India,Banglore,New Delhi,2,905,3,1,2019,8,50,23,55,28,9,2026
Multiple carriers,Delhi,Cochin,1,450,21,5,2019,18,0,1,30,22,5,2026
Jet Airways,Kolkata,Banglore,1,590,6,6,2019,8,25,18,15,28,9,2026
Jet Airways,Banglore,New Delhi,1,450,18,3,2019,5,45,13,15,28,9,2026
IndiGo,Mumbai,Hyderabad,0,85,21,3,2019,12,0,13,25,28,9,2026
Jet Airways,Delhi,Cochin,1,1425,6,3,2019,19,15,19,0,6,4,2026
Jet Airways,Delhi,Cochin,1,360,27,5,2019,13,0,19,0,28,9,2026
Multiple carriers,Delhi,Cochin,1,615,6,9,2019,15,15,1,30,6,10,2026
Air India,Delhi,Cochin,2,1275,3,9,2019,22,0,19,15,3,10,2026
Jet Airways,Banglore,Delhi,0,180,6,12,2019,8,20,11,20,28,9,2026
Jet Airways,Banglore,New Delhi,1,375,18,3,2019,14,5,20,20,28,9,2026
GoAir,Delhi,Cochin,1,355,6,1,2019,7,0,12,55,28,9,2026
Jet Airways,Kolkata,Banglore,1,705,21,5,2019,6,30,18,15,28,9,2026
IndiGo,Delhi,Cochin,1,480,21,3,2019,7,30,15,30,28,9,2026
IndiGo,Kolkata,Banglore,0,160,18,3,2019,20,25,23,5,28,9,2026
Air Asia,Delhi,Cochin,1,340,27,4,2019,16,45,22,25,28,9,2026
Jet Airways,Kolkata,Banglore,1,1360,15,5,2019,21,10,19,50,16,5,2026
Air India,Delhi,Cochin,1,675,27,6,2019,8,0,19,15,28,9,2026
Air India,Kolkata,Banglore,1,890,5,6,2019,19,0,9,50,5,7,2026
IndiGo,Delhi,Cochin,1,965,15,5,2019,4,55,21,0,28,9,2026
IndiGo,Banglore,Delhi,0,170,5,6,2019,8,30,11,20,28,9,2026
Jet Airways,Banglore,Delhi,0,180,21,6,2019,19,50,22,50,28,9,2026
Air India,Delhi,Cochin,1,765,4,1,2019,20,40,9,25,4,2,2026
Jet Airways,Banglore,New Delhi,1,435,21,3,2019,8,0,15,15,28,9,2026
IndiGo,Delhi,Cochin,1,300,6,3,2019,16,0,21,0,28,9,2026
IndiGo,Delhi,Cochin,1,345,27,3,2019,2,0,7,45,28,9,2026
Jet Airways,Kolkata,Banglore,1,365,5,6,2019,16,30,22,35,28,9,2026
Jet Airways,Delhi,Cochin,1,360,6,6,2019,13,0,19,0,28,9,2026
Jet Airways,Banglore,New Delhi,1,570,3,1,2019,5,45,15,15,28,9,2026
Jet Airways,Delhi,Cochin,1,1485,27,6,2019,18,15,19,0,28,6,2026
Jet Airways,Kolkata,Banglore,1,850,4,1,2019,8,25,22,35,28,9,2026
IndiGo,Delhi,Cochin,1,305,4,3,2019,20,25,1,30,4,4,2026
Jet Airways,Delhi,Cochin,1,1395,18,5,2019,19,45,19,0,19,5,2026
Jet Airways,Kolkata,Banglore,1,1450,6,9,2019,9,35,9,45,6,10,2026
Air India,Kolkata,Banglore,2,1915,18,5,2019,9,25,17,20,19,5,2026
Air India,Delhi,Cochin,2,1245,6,6,2019,10,55,7,40,6,7,2026
IndiGo,Banglore,Delhi,0,165,5,3,2019,1,30,4,15,28,9,2026
Jet Airways,Delhi,Cochin,2,1300,24,6,2019,6,45,4,25,25,6,2026
Multiple carriers,Delhi,Cochin,1,450,3,3,2019,8,0,15,30,28,9,2026
Multiple carriers,Delhi,Cochin,1,555,21,5,2019,10,0,19,15,28,9,2026
Jet Airways,Kolkata,Banglore,1,730,24,5,2019,16,30,4,40,25,5,2026
Jet Airways,Kolkata,Banglore,1,1285,6,9,2019,17,0,14,25,6,10,2026
Jet Airways,Delhi,Cochin,2,1620,6,3,2019,9,35,12,35,6,4,2026
Jet Airways,Delhi,Cochin,2,1390,21,5,2019,13,25,12,35,22,5,2026
IndiGo,Chennai,Kolkata,0,145,18,3,2019,11,35,14,0,28,9,2026
Air India,Kolkata,Banglore,2,1700,15,5,2019,9,25,13,45,16,5,2026
Vistara,Banglore,Delhi,0,165,6,1,2019,19,30,22,15,28,9,2026
Jet Airways,Kolkata,Banglore,1,1655,18,5,2019,5,45,9,20,19,5,2026
Air India,Delhi,Cochin,2,1410,24,6,2019,19,45,19,15,25,6,2026
Air India,Delhi,Cochin,2,1730,6,1,2019,14,25,19,15,6,2,2026
Multiple carriers,Delhi,Cochin,1,525,27,5,2019,3,50,12,35,28,9,2026
Air India,Kolkata,Banglore,1,545,6,6,2019,9,25,18,30,28,9,2026
Jet Airways,Delhi,Cochin,1,520,27,3,2019,19,45,4,25,28,3,2026
IndiGo,Kolkata,Banglore,0,165,3,3,2019,22,10,0,55,3,4,2026
Jet Airways,Banglore,New Delhi,1,860,3,1,2019,7,0,21,20,28,9,2026
SpiceJet,Banglore,Delhi,0,160,18,6,2019,5,55,8,35,28,9,2026
Jet Airways,Delhi,Cochin,1,450,27,5,2019,20,55,4,25,28,5,2026
IndiGo,Delhi,Cochin,1,480,27,5,2019,17,30,1,30,28,5,2026
Air India,Banglore,New Delhi,2,665,3,1,2019,11,5,22,10,28,9,2026
Air India,Mumbai,Hyderabad,3,1775,3,12,2019,9,40,15,15,13,3,2026
IndiGo,Delhi,Cochin,1,515,18,5,2019,7,35,16,10,28,9,2026
Vistara,Banglore,Delhi,0,165,6,3,2019,19,30,22,15,28,9,2026
IndiGo,Kolkata,Banglore,0,155,5,9,2019,15,30,18,5,28,9,2026
Jet Airways,Kolkata,Banglore,1,730,4,1,2019,16,30,4,40,4,2,2026
Air India,Kolkata,Banglore,0,155,4,12,2019,20,45,23,20,28,9,2026
Multiple carriers,Delhi,Cochin,1,780,21,5,2019,8,0,21,0,28,9,2026
Jet Airways,Kolkata,Banglore,1,570,15,5,2019,14,5,23,35,28,9,2026
SpiceJet,Kolkata,Banglore,0,140,27,4,2019,22,20,0,40,28,4,2026
Jet Airways,Delhi,Cochin,1,1325,6,12,2019,20,55,19,0,13,6,2026
Jet Airways,Delhi,Cochin,1,1620,27,6,2019,16,0,19,0,28,6,2026
Jet Airways,Delhi,Cochin,1,1005,24,6,2019,2,15,19,0,28,9,2026
Jet Airways,Delhi,Cochin,2,1380,27,3,2019,5,25,4,25,28,3,2026
Jet Airways,Kolkata,Banglore,1,910,5,9,2019,18,55,10,5,5,10,2026
Jet Airways,Delhi,Cochin,1,540,6,3,2019,10,0,19,0,28,9,2026
Air India,Banglore,New Delhi,3,1355,3,3,2019,12,0,10,35,3,7,2026
IndiGo,Delhi,Cochin,1,975,3,9,2019,4,45,21,0,28,9,2026
Jet Airways,Kolkata,Banglore,1,800,21,5,2019,18,55,8,15,22,5,2026
IndiGo,Chennai,Kolkata,0,145,3,12,2019,22,5,0,30,13,3,2026
Air India,Delhi,Cochin,1,765,6,9,2019,20,40,9,25,6,10,2026
IndiGo,Mumbai,Hyderabad,0,90,6,1,2019,6,25,7,55,28,9,2026
Air India,Delhi,Cochin,2,1220,3,6,2019,13,5,9,25,3,7,2026
IndiGo,Kolkata,Banglore,1,335,24,3,2019,4,15,9,50,28,9,2026
Jet Airways,Banglore,Delhi,0,180,6,1,2019,19,50,22,50,28,9,2026
Multiple carriers,Delhi,Cochin,1,460,15,5,2019,4,55,12,35,28,9,2026
Multiple carriers,Delhi,Cochin,1,560,27,3,2019,11,40,21,0,28,9,2026
Jet Airways,Banglore,New Delhi,1,550,3,9,2019,5,50,15,0,28,9,2026
Jet Airways,Kolkata,Banglore,1,800,21,5,2019,20,0,9,20,22,5,2026
Air India,Mumbai,Hyderabad,0,80,21,5,2019,21,5,22,25,28,9,2026
Air India,Kolkata,Banglore,1,545,18,5,2019,9,25,18,30,28,9,2026
Vistara,Kolkata,Banglore,1,795,24,3,2019,7,10,20,25,28,9,2026
Vistara,Kolkata,Banglore,1,1625,5,12,2019,20,20,23,25,13,5,2026
Air India,Kolkata,Banglore,2,1830,6,12,2019,12,0,18,30,13,6,2026
Air Asia,Banglore,Delhi,0,165,24,5,2019,11,10,13,55,28,9,2026
Air India,Banglore,New Delhi,2,880,15,3,2019,8,15,22,55,28,9,2026
IndiGo,Delhi,Cochin,1,710,3,6,2019,9,10,21,0,28,9,2026
IndiGo,Chennai,Kolkata,0,135,3,12,2019,13,20,15,35,28,9,2026
IndiGo,Kolkata,Banglore,0,155,6,12,2019,4,40,7,15,28,9,2026
Air India,Delhi,Cochin,1,570,21,3,2019,13,30,23,0,28,9,2026
Vistara,Banglore,Delhi,0,170,6,12,2019,21,0,23,50,28,9,2026
Jet Airways,Kolkata,Banglore,1,1660,24,5,2019,18,55,22,35,25,5,2026
IndiGo,Delhi,Cochin,1,275,4,6,2019,7,35,12,10,28,9,2026
IndiGo,Kolkata,Banglore,1,315,5,6,2019,21,0,2,15,5,7,2026
Vistara,Kolkata,Banglore,1,930,6,12,2019,7,10,22,40,28,9,2026
Multiple carriers,Delhi,Cochin,1,560,6,9,2019,11,40,21,0,28,9,2026
Jet Airways,Banglore,New Delhi,1,1280,3,1,2019,11,40,9,0,3,2,2026
Jet Airways,Kolkata,Banglore,1,1150,5,6,2019,21,10,16,20,5,7,2026
Multiple carriers,Delhi,Cochin,1,435,6,9,2019,18,15,1,30,6,10,2026
Jet Airways,Kolkata,Banglore,1,1215,6,12,2019,8,25,4,40,13,6,2026
Jet Airways,Kolkata,Banglore,1,505,24,5,2019,9,35,18,0,28,9,2026
Jet Airways,Kolkata,Banglore,1,520,24,5,2019,20,0,4,40,25,5,2026
SpiceJet,Kolkata,Banglore,1,315,5,9,2019,15,5,20,20,28,9,2026
IndiGo,Banglore,Delhi,0,165,4,1,2019,6,5,8,50,28,9,2026
Air India,Mumbai,Hyderabad,0,75,4,1,2019,19,30,20,45,28,9,2026
Vistara,Kolkata,Banglore,1,1625,18,5,2019,20,20,23,25,19,5,2026
Jet Airways,Banglore,Delhi,0,175,15,5,2019,11,10,14,5,28,9,2026
IndiGo,Kolkata,Banglore,1,290,4,9,2019,15,15,20,5,28,9,2026
Multiple carriers,Delhi,Cochin,1,630,6,12,2019,8,30,19,0,28,9,2026
Jet Airways,Banglore,Delhi,0,180,24,5,2019,17,45,20,45,28,9,2026
Multiple carriers,Delhi,Cochin,1,630,6,12,2019,8,45,19,15,28,9,2026
Air India,Delhi,Cochin,1,675,6,1,2019,8,0,19,15,28,9,2026
IndiGo,Kolkata,Banglore,0,155,5,6,2019,22,15,0,50,5,7,2026
SpiceJet,Delhi,Cochin,1,295,18,5,2019,17,55,22,50,28,9,2026
SpiceJet,Chennai,Kolkata,0,155,24,3,2019,9,30,12,5,28,9,2026
Jet Airways,Banglore,New Delhi,1,635,3,12,2019,22,55,9,30,13,3,2026
Multiple carriers,Delhi,Cochin,1,930,6,1,2019,10,0,1,30,6,2,2026
IndiGo,Delhi,Cochin,1,305,21,5,2019,20,25,1,30,22,5,2026
Jet Airways,Kolkata,Banglore,1,1640,18,5,2019,16,30,19,50,19,5,2026
Jet Airways,Delhi,Cochin,2,440,6,9,2019,11,40,19,0,28,9,2026
Jet Airways,Delhi,Cochin,2,1320,27,6,2019,14,35,12,35,28,6,2026
Jet Airways,Kolkata,Banglore,1,1400,15,5,2019,18,55,18,15,16,5,2026
Vistara,Chennai,Kolkata,0,135,24,6,2019,7,45,10,0,28,9,2026
IndiGo,Chennai,Kolkata,0,140,27,5,2019,19,35,21,55,28,9,2026
IndiGo,Kolkata,Banglore,0,165,27,4,2019,9,35,12,20,28,9,2026
IndiGo,Delhi,Cochin,1,625,6,3,2019,10,35,21,0,28,9,2026
SpiceJet,Banglore,Delhi,0,170,27,6,2019,9,30,12,20,28,9,2026
Multiple carriers,Delhi,Cochin,1,720,27,5,2019,9,0,21,0,28,9,2026
Jet Airways,Delhi,Cochin,2,1790,27,6,2019,6,45,12,35,28,6,2026
Multiple carriers,Delhi,Cochin,1,615,5,9,2019,9,0,19,15,28,9,2026
IndiGo,Chennai,Kolkata,0,140,5,12,2019,19,35,21,55,28,9,2026
IndiGo,Mumbai,Hyderabad,0,90,6,12,2019,6,25,7,55,28,9,2026
IndiGo,Kolkata,Banglore,1,300,5,12,2019,4,50,9,50,28,9,2026
Jet Airways,Mumbai,Hyderabad,0,90,15,5,2019,19,35,21,5,28,9,2026
Jet Airways,Kolkata,Banglore,1,1570,5,1,2019,17,0,19,10,5,2,2026
SpiceJet,Mumbai,Hyderabad,0,90,6,6,2019,13,15,14,45,28,9,2026
Air Asia,Delhi,Cochin,1,330,3,3,2019,16,45,22,15,28,9,2026
Vistara,Kolkata,Banglore,1,700,5,6,2019,7,10,18,50,28,9,2026
IndiGo,Kolkata,Banglore,0,150,15,6,2019,15,15,17,45,28,9,2026
IndiGo,Delhi,Cochin,1,300,4,6,2019,16,0,21,0,28,9,2026
IndiGo,Kolkata,Banglore,0,170,21,3,2019,5,30,8,20,28,9,2026
IndiGo,Delhi,Cochin,0,195,3,3,2019,21,5,0,20,3,4,2026
Air India,Mumbai,Hyderabad,1,465,3,6,2019,16,0,23,45,28,9,2026
SpiceJet,Banglore,Delhi,0,160,21,4,2019,5,55,8,35,28,9,2026
Air India,Delhi,Cochin,2,1275,21,5,2019,22,0,19,15,22,5,2026
SpiceJet,Banglore,Delhi,0,170,21,4,2019,9,30,12,20,28,9,2026
Jet Airways,Delhi,Cochin,1,300,4,1,2019,14,0,19,0,28,9,2026
Air India,Kolkata,Banglore,2,445,5,6,2019,5,50,13,15,28,9,2026
IndiGo,Mumbai,Hyderabad,0,90,24,5,2019,6,25,7,55,28,9,2026
Jet Airways,Delhi,Cochin,2,1375,24,6,2019,5,30,4,25,25,6,2026
Air India,Banglore,New Delhi,0,165,24,3,2019,6,10,8,55,28,9,2026
Multiple carriers,Delhi,Cochin,1,560,6,6,2019,11,40,21,0,28,9,2026
Air Asia,Kolkata,Banglore,0,150,15,4,2019,19,55,22,25,28,9,2026
SpiceJet,Kolkata,Banglore,1,435,15,5,2019,11,15,18,30,28,9,2026
Multiple carriers,Delhi,Cochin,1,830,6,9,2019,11,40,1,30,6,10,2026
Jet Airways,Mumbai,Hyderabad,0,90,21,3,2019,19,35,21,5,28,9,2026
Multiple carriers,Delhi,Cochin,1,845,3,3,2019,11,30,1,35,3,4,2026
Air India,Kolkata,Banglore,2,1830,18,5,2019,12,0,18,30,19,5,2026
Jet Airways,Delhi,Cochin,1,300,6,9,2019,14,0,19,0,28,9,2026
Vistara,Banglore,Delhi,0,170,21,4,2019,9,45,12,35,28,9,2026
Multiple carriers,Delhi,Cochin,1,375,21,3,2019,7,5,13,20,28,9,2026
IndiGo,Chennai,Kolkata,0,140,24,3,2019,7,55,10,15,28,9,2026
Multiple carriers,Delhi,Cochin,1,830,27,5,2019,11,40,1,30,28,5,2026
Air India,Mumbai,Hyderabad,0,80,6,9,2019,21,5,22,25,28,9,2026
Jet Airways,Kolkata,Banglore,1,845,5,12,2019,20,0,10,5,13,5,2026
Jet Airways,Mumbai,Hyderabad,0,90,5,12,2019,10,20,11,50,28,9,2026
Jet Airways,Delhi,Cochin,1,655,15,6,2019,17,30,4,25,16,6,2026
SpiceJet,Kolkata,Banglore,0,160,3,6,2019,6,55,9,35,28,9,2026
Air India,Delhi,Cochin,2,1580,5,9,2019,7,5,9,25,5,10,2026
Jet Airways,Banglore,Delhi,0,175,15,5,2019,15,15,18,10,28,9,2026
IndiGo,Kolkata,Banglore,0,155,18,5,2019,11,30,14,5,28,9,2026
Jet Airways,Kolkata,Banglore,1,425,4,1,2019,16,30,23,35,28,9,2026
SpiceJet,Chennai,Kolkata,0,135,5,6,2019,9,45,12,0,28,9,2026
IndiGo,Banglore,New Delhi,0,175,24,3,2019,18,25,21,20,28,9,2026
SpiceJet,Kolkata,Banglore,0,140,27,4,2019,22,20,0,40,28,4,2026
Air India,Mumbai,Hyderabad,0,75,27,5,2019,19,30,20,45,28,9,2026
IndiGo,Banglore,Delhi,0,180,24,5,2019,21,15,0,15,25,5,2026
Jet Airways,Banglore,New Delhi,1,390,3,12,2019,5,45,12,15,28,9,2026
Air India,Mumbai,Hyderabad,0,80,24,5,2019,21,5,22,25,28,9,2026
Air Asia,Kolkata,Banglore,0,155,18,3,2019,10,20,12,55,28,9,2026
Jet Airways,Banglore,Delhi,0,180,4,9,2019,19,50,22,50,28,9,2026
Jet Airways,Banglore,Delhi,0,180,5,1,2019,8,20,11,20,28,9,2026
IndiGo,Kolkata,Banglore,0,150,27,4,2019,14,25,16,55,28,9,2026
Jet Airways,Delhi,Cochin,1,300,15,4,2019,14,0,19,0,28,9,2026
IndiGo,Kolkata,Banglore,0,165,6,6,2019,20,25,23,10,28,9,2026
SpiceJet,Banglore,Delhi,0,160,27,4,2019,5,55,8,35,28,9,2026
Jet Airways,Mumbai,Hyderabad,0,85,21,5,2019,7,5,8,30,28,9,2026
Air India,Banglore,New Delhi,1,1265,3,6,2019,11,50,8,55,3,7,2026
SpiceJet,Kolkata,Banglore,0,160,18,3,2019,6,55,9,35,28,9,2026
Jet Airways,Delhi,Cochin,1,925,6,9,2019,13,0,4,25,6,10,2026
Jet Airways,Delhi,Cochin,0,195,21,6,2019,11,0,14,15,28,9,2026
Jet Airways,Delhi,Cochin,2,1775,27,6,2019,13,25,19,0,28,6,2026
Air Asia,Kolkata,Banglore,0,155,3,6,2019,10,20,12,55,28,9,2026
Air India,Delhi,Cochin,2,1275,18,5,2019,22,0,19,15,19,5,2026
Jet Airways,Kolkata,Banglore,1,1430,24,5,2019,20,0,19,50,25,5,2026
Jet Airways,Delhi,Cochin,1,940,24,6,2019,20,55,12,35,25,6,2026
Air Asia,Delhi,Cochin,1,870,24,4,2019,7,55,22,25,28,9,2026
Air India,Delhi,Cochin,1,925,6,3,2019,3,50,19,15,28,9,2026
SpiceJet,Chennai,Kolkata,0,135,24,3,2019,8,20,10,35,28,9,2026
IndiGo,Delhi,Cochin,1,515,3,6,2019,4,45,13,20,28,9,2026
Air India,Mumbai,Hyderabad,0,80,6,1,2019,21,5,22,25,28,9,2026
Multiple carriers,Delhi,Cochin,1,630,15,5,2019,15,0,1,30,16,5,2026
Jet Airways,Kolkata,Banglore,1,1730,18,5,2019,9,35,14,25,19,5,2026
Jet Airways,Banglore,New Delhi,1,300,24,3,2019,5,45,10,45,28,9,2026
IndiGo,Delhi,Cochin,1,570,15,6,2019,16,0,1,30,16,6,2026
Air India,Kolkata,Banglore,2,1345,15,5,2019,7,0,5,25,16,5,2026
Air India,Delhi,Cochin,1,640,24,6,2019,21,0,7,40,25,6,2026
SpiceJet,Delhi,Cochin,1,310,3,3,2019,6,10,11,20,28,9,2026
Air Asia,Banglore,Delhi,0,170,24,6,2019,4,55,7,45,28,9,2026
IndiGo,Mumbai,Hyderabad,0,90,27,5,2019,2,35,4,5,28,9,2026
IndiGo,Kolkata,Banglore,0,150,24,5,2019,14,25,16,55,28,9,2026
Air India,Delhi,Cochin,3,2280,24,6,2019,5,15,19,15,25,6,2026
Jet Airways,Delhi,Cochin,1,450,18,5,2019,20,55,4,25,19,5,2026
Jet Airways,Delhi,Cochin,2,810,27,6,2019,5,30,19,0,28,9,2026
Multiple carriers,Delhi,Cochin,1,795,15,5,2019,6,0,19,15,28,9,2026
IndiGo,Banglore,Delhi,0,170,4,6,2019,22,10,1,0,4,7,2026
Jet Airways,Kolkata,Banglore,1,330,6,9,2019,6,30,12,0,28,9,2026
Jet Airways,Delhi,Cochin,1,610,15,6,2019,18,15,4,25,16,6,2026
Jet Airways,Delhi,Cochin,2,1390,18,5,2019,13,25,12,35,19,5,2026
IndiGo,Mumbai,Hyderabad,0,90,6,12,2019,21,20,22,50,28,9,2026
Jet Airways,Banglore,New Delhi,1,625,15,3,2019,8,0,18,25,28,9,2026
Air India,Kolkata,Banglore,1,960,24,3,2019,20,30,12,30,25,3,2026
SpiceJet,Chennai,Kolkata,0,140,27,3,2019,17,45,20,5,28,9,2026
IndiGo,Delhi,Cochin,1,425,15,4,2019,5,5,12,10,28,9,2026
Multiple carriers,Delhi,Cochin,1,835,18,5,2019,7,5,21,0,28,9,2026
IndiGo,Banglore,New Delhi,0,170,3,3,2019,23,30,2,20,3,4,2026
SpiceJet,Banglore,Delhi,0,170,24,4,2019,9,30,12,20,28,9,2026
Jet Airways,Delhi,Cochin,1,1505,6,3,2019,11,30,12,35,6,4,2026
Jet Airways,Kolkata,Banglore,1,870,5,1,2019,20,25,10,55,5,2,2026
Jet Airways,Delhi,Cochin,1,450,21,5,2019,11,30,19,0,28,9,2026
Vistara,Kolkata,Banglore,1,1350,4,1,2019,20,20,18,50,4,2,2026
SpiceJet,Banglore,New Delhi,0,170,24,3,2019,20,30,23,20,28,9,2026
IndiGo,Kolkata,Banglore,0,155,5,3,2019,22,15,0,50,5,4,2026
Jet Airways,Mumbai,Hyderabad,0,85,4,1,2019,2,55,4,20,28,9,2026
Air India,Delhi,Cochin,1,735,3,6,2019,7,0,19,15,28,9,2026
Jet Airways,Kolkata,Banglore,1,505,5,6,2019,9,35,18,0,28,9,2026
Jet Airways,Delhi,Cochin,1,1210,27,5,2019,22,50,19,0,28,5,2026
IndiGo,Kolkata,Banglore,0,150,6,1,2019,14,25,16,55,28,9,2026
Air India,Kolkata,Banglore,2,1625,24,5,2019,5,50,8,55,25,5,2026
Jet Airways,Delhi,Cochin,2,1615,24,6,2019,9,40,12,35,25,6,2026
Jet Airways,Kolkata,Banglore,1,685,24,5,2019,8,25,19,50,28,9,2026
Jet Airways,Delhi,Cochin,1,660,6,1,2019,8,0,19,0,28,9,2026
IndiGo,Chennai,Kolkata,0,145,6,1,2019,5,15,7,40,28,9,2026
IndiGo,Banglore,Delhi,0,180,21,6,2019,21,15,0,15,22,6,2026
Air Asia,Delhi,Cochin,1,625,18,5,2019,20,45,7,10,19,5,2026
Jet Airways,Kolkata,Banglore,1,365,6,6,2019,16,30,22,35,28,9,2026
Vistara,Kolkata,Banglore,1,1550,4,1,2019,17,0,18,50,4,2,2026
Jet Airways,Delhi,Cochin,1,330,21,5,2019,7,5,12,35,28,9,2026
Air India,Delhi,Cochin,3,2280,27,6,2019,5,15,19,15,28,6,2026
IndiGo,Chennai,Kolkata,0,140,6,3,2019,19,35,21,55,28,9,2026
Jet Airways,Delhi,Cochin,2,830,6,6,2019,14,35,4,25,6,7,2026
Jet Airways,Banglore,Delhi,0,175,5,6,2019,11,10,14,5,28,9,2026
Multiple carriers,Delhi,Cochin,1,860,18,5,2019,4,55,19,15,28,9,2026
IndiGo,Delhi,Cochin,1,275,6,3,2019,7,35,12,10,28,9,2026
Jet Airways,Delhi,Cochin,1,360,6,9,2019,13,0,19,0,28,9,2026
Air India,Mumbai,Hyderabad,1,850,3,6,2019,19,0,9,10,3,7,2026
Jet Airways,Delhi,Cochin,1,660,4,6,2019,8,0,19,0,28,9,2026
IndiGo,Mumbai,Hyderabad,0,90,5,3,2019,2,35,4,5,28,9,2026
SpiceJet,Kolkata,Banglore,1,435,18,5,2019,11,15,18,30,28,9,2026
Air India,Banglore,New Delhi,1,480,3,12,2019,11,50,19,50,28,9,2026
Multiple carriers,Delhi,Cochin,1,780,27,5,2019,8,0,21,0,28,9,2026
Jet Airways,Kolkata,Banglore,1,450,6,6,2019,21,10,4,40,6,7,2026
Jet Airways,Delhi,Cochin,0,195,27,5,2019,11,0,14,15,28,9,2026
Jet Airways,Kolkata,Banglore,1,685,5,12,2019,8,25,19,50,28,9,2026
IndiGo,Mumbai,Hyderabad,0,90,24,6,2019,19,5,20,35,28,9,2026
IndiGo,Delhi,Cochin,1,675,27,3,2019,4,55,16,10,28,9,2026
Jet Airways,Kolkata,Banglore,1,1730,15,5,2019,9,35,14,25,16,5,2026
SpiceJet,Delhi,Cochin,1,270,6,9,2019,8,45,13,15,28,9,2026
Air Asia,Banglore,New Delhi,0,165,3,9,2019,23,25,2,10,13,3,2026
Jet Airways,Mumbai,Hyderabad,0,85,6,1,2019,7,5,8,30,28,9,2026
Air India,Kolkata,Banglore,2,805,6,12,2019,9,50,23,15,28,9,2026
GoAir,Delhi,Cochin,1,310,3,3,2019,14,10,19,20,28,9,2026
IndiGo,Kolkata,Banglore,0,155,5,12,2019,22,15,0,50,13,5,2026
Jet Airways,Kolkata,Banglore,1,1430,5,6,2019,16,30,16,20,5,7,2026
IndiGo,Delhi,Cochin,1,965,6,1,2019,4,55,21,0,28,9,2026
Multiple carriers,Delhi,Cochin,1,915,21,3,2019,7,5,22,20,28,9,2026
Air India,Kolkata,Banglore,2,765,18,5,2019,16,50,5,35,19,5,2026
Jet Airways,Kolkata,Banglore,1,570,6,12,2019,14,5,23,35,28,9,2026
Air India,Kolkata,Banglore,2,875,24,5,2019,5,50,20,25,28,9,2026
IndiGo,Banglore,Delhi,0,170,27,5,2019,20,0,22,50,28,9,2026
Multiple carriers,Delhi,Cochin,1,730,21,3,2019,6,40,18,50,28,9,2026
Jet Airways,Kolkata,Banglore,1,775,5,1,2019,21,10,10,5,5,2,2026
Jet Airways,Delhi,Cochin,1,940,6,3,2019,20,55,12,35,6,4,2026
Jet Airways,Delhi,Cochin,1,600,18,5,2019,9,0,19,0,28,9,2026
Jet Airways,Delhi,Cochin,1,940,6,12,2019,20,55,12,35,13,6,2026
Multiple carriers Premium economy,Delhi,Cochin,1,395,21,3,2019,6,0,12,35,28,9,2026
Air India,Mumbai,Hyderabad,0,80,5,1,2019,21,5,22,25,28,9,2026
IndiGo,Kolkata,Banglore,0,155,6,6,2019,9,35,12,10,28,9,2026
Jet Airways,Kolkata,Banglore,1,520,21,5,2019,20,0,4,40,22,5,2026
IndiGo,Delhi,Cochin,1,665,27,5,2019,5,5,16,10,28,9,2026
Jet Airways,Kolkata,Banglore,1,1365,21,5,2019,20,25,19,10,22,5,2026
Jet Airways,Delhi,Cochin,2,505,18,5,2019,20,0,4,25,19,5,2026
Jet Airways,Delhi,Cochin,2,995,27,6,2019,20,0,12,35,28,6,2026
IndiGo,Delhi,Cochin,1,575,6,1,2019,11,25,21,0,28,9,2026
Jet Airways,Mumbai,Hyderabad,0,90,24,3,2019,19,35,21,5,28,9,2026
Jet Airways,Kolkata,Banglore,1,1495,6,9,2019,18,55,19,50,6,10,2026
IndiGo,Delhi,Cochin,1,975,24,6,2019,9,15,1,30,25,6,2026
IndiGo,Banglore,Delhi,0,170,24,4,2019,22,10,1,0,25,4,2026
Jet Airways,Banglore,New Delhi,1,935,3,6,2019,5,45,21,20,28,9,2026
Air India,Delhi,Cochin,1,555,24,6,2019,10,0,19,15,28,9,2026
Jet Airways,Kolkata,Banglore,1,1155,5,6,2019,14,5,9,20,5,7,2026
Air India,Banglore,New Delhi,2,1030,3,3,2019,6,45,23,55,28,9,2026
SpiceJet,Delhi,Cochin,1,380,6,1,2019,15,45,22,5,28,9,2026
Jet Airways,Delhi,Cochin,2,1430,5,1,2019,19,10,19,0,5,2,2026
Jet Airways,Delhi,Cochin,2,1465,21,3,2019,18,25,18,50,22,3,2026
IndiGo,Delhi,Cochin,1,665,18,5,2019,5,5,16,10,28,9,2026
SpiceJet,Mumbai,Hyderabad,0,90,5,9,2019,5,45,7,15,28,9,2026
Jet Airways,Banglore,Delhi,0,185,5,6,2019,18,55,22,0,28,9,2026
Air India,Delhi,Cochin,1,955,27,5,2019,17,40,9,35,28,5,2026
Jet Airways,Banglore,Delhi,0,175,24,5,2019,15,15,18,10,28,9,2026
Jet Airways,Delhi,Cochin,1,1570,18,5,2019,2,15,4,25,19,5,2026
Jet Airways,Delhi,Cochin,1,1610,3,9,2019,16,0,18,50,3,10,2026
Air India,Banglore,New Delhi,1,1520,3,1,2019,22,0,23,20,3,2,2026
IndiGo,Banglore,Delhi,0,175,15,5,2019,18,55,21,50,28,9,2026
IndiGo,Banglore,New Delhi,0,170,3,9,2019,23,30,2,20,3,10,2026
IndiGo,Mumbai,Hyderabad,0,90,5,3,2019,6,25,7,55,28,9,2026
Air India,Banglore,New Delhi,2,880,3,6,2019,8,15,22,55,28,9,2026
Jet Airways,Banglore,Delhi,0,180,5,12,2019,8,20,11,20,28,9,2026
Air India,Kolkata,Banglore,2,1665,15,5,2019,10,0,13,45,16,5,2026
Multiple carriers,Delhi,Cochin,2,625,24,6,2019,15,5,1,30,25,6,2026
Air India,Delhi,Cochin,2,1730,5,9,2019,14,25,19,15,5,10,2026
Jet Airways,Banglore,Delhi,0,180,27,4,2019,7,10,10,10,28,9,2026
Jet Airways,Kolkata,Banglore,2,1495,21,5,2019,6,30,7,25,22,5,2026
Jet Airways,Banglore,Delhi,0,180,24,4,2019,7,10,10,10,28,9,2026
Jet Airways,Kolkata,Banglore,1,1430,6,6,2019,20,0,19,50,6,7,2026
Jet Airways,Delhi,Cochin,2,1620,15,6,2019,9,35,12,35,16,6,2026
Vistara,Kolkata,Banglore,1,865,18,5,2019,20,20,10,45,19,5,2026
Air India,Delhi,Cochin,1,1590,4,3,2019,20,30,23,0,4,4,2026
IndiGo,Kolkata,Banglore,1,265,5,1,2019,19,20,23,45,28,9,2026
Jet Airways,Banglore,Delhi,0,180,27,6,2019,19,50,22,50,28,9,2026
IndiGo,Chennai,Kolkata,0,140,6,3,2019,13,15,15,35,28,9,2026
Jet Airways,Banglore,Delhi,0,180,6,9,2019,7,10,10,10,28,9,2026
Jet Airways,Kolkata,Banglore,1,665,6,9,2019,21,10,8,15,6,10,2026
Jet Airways,Delhi,Cochin,1,925,24,6,2019,13,0,4,25,25,6,2026
Jet Airways,Banglore,Delhi,0,185,18,4,2019,18,55,22,0,28,9,2026
IndiGo,Chennai,Kolkata,0,140,6,6,2019,7,55,10,15,28,9,2026
Vistara,Kolkata,Banglore,1,385,6,9,2019,17,0,23,25,28,9,2026
SpiceJet,Kolkata,Banglore,0,140,24,6,2019,22,20,0,40,25,6,2026
Multiple carriers,Delhi,Cochin,1,755,27,6,2019,6,40,19,15,28,9,2026
Air India,Kolkata,Banglore,1,965,6,9,2019,19,0,11,5,6,10,2026
Jet Airways,Delhi,Cochin,0,195,15,6,2019,11,0,14,15,28,9,2026
IndiGo,Delhi,Cochin,1,455,15,4,2019,8,35,16,10,28,9,2026
IndiGo,Kolkata,Banglore,0,150,4,12,2019,14,25,16,55,28,9,2026
IndiGo,Banglore,New Delhi,1,290,3,3,2019,7,30,12,20,28,9,2026
IndiGo,Banglore,Delhi,0,170,15,6,2019,10,10,13,0,28,9,2026
SpiceJet,Kolkata,Banglore,0,155,5,1,2019,6,55,9,30,28,9,2026
Air India,Banglore,New Delhi,2,1705,3,3,2019,6,45,11,10,3,7,2026
IndiGo,Kolkata,Banglore,0,155,5,1,2019,4,40,7,15,28,9,2026
IndiGo,Kolkata,Banglore,0,150,18,4,2019,14,25,16,55,28,9,2026
IndiGo,Mumbai,Hyderabad,0,95,6,12,2019,20,5,21,40,28,9,2026
Jet Airways,Banglore,New Delhi,0,160,24,3,2019,19,55,22,35,28,9,2026
IndiGo,Banglore,Delhi,0,175,6,12,2019,0,30,3,25,28,9,2026
Air India,Delhi,Cochin,2,1100,5,9,2019,13,20,7,40,5,10,2026
Air India,Delhi,Cochin,1,675,4,9,2019,8,0,19,15,28,9,2026
IndiGo,Kolkata,Banglore,0,155,27,5,2019,20,20,22,55,28,9,2026
SpiceJet,Banglore,Delhi,0,175,6,9,2019,21,10,0,5,6,10,2026
IndiGo,Kolkata,Banglore,1,340,21,5,2019,16,35,22,15,28,9,2026
Air India,Delhi,Cochin,2,2240,4,9,2019,5,55,19,15,4,10,2026
SpiceJet,Banglore,Delhi,0,170,5,9,2019,9,30,12,20,28,9,2026
Jet Airways,Banglore,New Delhi,1,725,3,12,2019,21,25,9,30,13,3,2026
Vistara,Mumbai,Hyderabad,1,1555,3,12,2019,7,30,9,25,13,3,2026
Jet Airways,Delhi,Cochin,1,715,18,5,2019,7,5,19,0,28,9,2026
Multiple carriers,Delhi,Cochin,1,690,3,6,2019,4,0,15,30,28,9,2026
Air India,Delhi,Cochin,1,1455,6,1,2019,19,0,19,15,6,2,2026
GoAir,Delhi,Cochin,1,370,15,4,2019,7,25,13,35,28,9,2026
IndiGo,Delhi,Cochin,1,320,27,5,2019,6,50,12,10,28,9,2026
Jet Airways,Kolkata,Banglore,1,570,6,6,2019,14,5,23,35,28,9,2026
Jet Airways,Delhi,Cochin,2,1195,24,6,2019,23,5,19,0,25,6,2026
Jet Airways,Mumbai,Hyderabad,0,85,5,3,2019,7,5,8,30,28,9,2026
Multiple carriers,Delhi,Cochin,2,495,3,6,2019,13,5,21,20,28,9,2026
IndiGo,Delhi,Cochin,1,300,15,4,2019,16,0,21,0,28,9,2026
Air India,Kolkata,Banglore,0,155,18,5,2019,20,45,23,20,28,9,2026
IndiGo,Chennai,Kolkata,0,145,3,3,2019,11,35,14,0,28,9,2026
Jet Airways,Banglore,Delhi,0,180,5,6,2019,19,50,22,50,28,9,2026
Jet Airways,Banglore,New Delhi,1,900,3,6,2019,14,5,5,5,3,7,2026
SpiceJet,Kolkata,Banglore,0,155,6,12,2019,6,55,9,30,28,9,2026
IndiGo,Delhi,Cochin,1,345,6,1,2019,21,50,3,35,6,2,2026
Jet Airways,Mumbai,Hyderabad,0,90,6,9,2019,19,35,21,5,28,9,2026
SpiceJet,Kolkata,Banglore,0,150,4,12,2019,17,10,19,40,28,9,2026
Air India,Delhi,Cochin,2,1210,27,5,2019,13,15,9,25,28,5,2026
GoAir,Delhi,Cochin,1,355,6,3,2019,7,0,12,55,28,9,2026
Air India,Kolkata,Banglore,0,150,6,9,2019,14,15,16,45,28,9,2026
Jet Airways,Kolkata,Banglore,1,1395,24,3,2019,18,55,18,10,25,3,2026
Jet Airways,Delhi,Cochin,2,1760,5,9,2019,23,5,4,25,5,11,2026
Vistara,Delhi,Cochin,0,190,21,4,2019,14,40,17,50,28,9,2026
Air India,Delhi,Cochin,2,1800,15,6,2019,13,15,19,15,16,6,2026
Air Asia,Kolkata,Banglore,2,500,24,5,2019,15,10,23,30,28,9,2026
Air Asia,Delhi,Cochin,1,865,27,4,2019,16,45,7,10,28,4,2026
Jet Airways,Delhi,Cochin,1,1145,21,5,2019,17,30,12,35,22,5,2026
IndiGo,Kolkata,Banglore,0,160,27,3,2019,20,25,23,5,28,9,2026
Vistara,Kolkata,Banglore,1,1440,6,9,2019,20,20,20,20,6,10,2026
Air India,Banglore,New Delhi,1,1405,3,1,2019,0,30,23,55,28,9,2026
Air India,Banglore,New Delhi,1,700,3,1,2019,11,5,22,45,28,9,2026
Air India,Delhi,Cochin,0,180,18,4,2019,14,10,17,10,28,9,2026
IndiGo,Chennai,Kolkata,0,140,3,1,2019,5,15,7,35,28,9,2026
Jet Airways,Delhi,Cochin,1,335,27,5,2019,22,50,4,25,28,5,2026
Multiple carriers,Delhi,Cochin,1,650,3,3,2019,8,0,18,50,28,9,2026
IndiGo,Kolkata,Banglore,1,325,5,1,2019,18,5,23,30,28,9,2026
Air India,Kolkata,Banglore,2,805,4,1,2019,9,50,23,15,28,9,2026
Jet Airways,Delhi,Cochin,1,620,5,9,2019,2,15,12,35,28,9,2026
Jet Airways,Mumbai,Hyderabad,0,85,27,3,2019,7,10,8,35,28,9,2026
IndiGo,Kolkata,Banglore,1,325,6,12,2019,18,5,23,30,28,9,2026
Jet Airways,Kolkata,Banglore,1,575,5,6,2019,9,35,19,10,28,9,2026
Air India,Delhi,Cochin,1,765,15,5,2019,20,40,9,25,16,5,2026
Jet Airways,Kolkata,Banglore,1,590,5,12,2019,6,30,16,20,28,9,2026
IndiGo,Delhi,Cochin,1,455,15,6,2019,8,35,16,10,28,9,2026
Jet Airways,Delhi,Cochin,2,1760,27,6,2019,23,5,4,25,29,6,2026
Air India,Banglore,Delhi,0,170,18,4,2019,21,5,23,55,28,9,2026
IndiGo,Banglore,Delhi,0,180,5,3,2019,21,15,0,15,5,4,2026
IndiGo,Delhi,Cochin,1,750,15,6,2019,8,30,21,0,28,9,2026
Jet Airways,Delhi,Cochin,2,1350,6,9,2019,14,5,12,35,6,10,2026
Jet Airways,Delhi,Cochin,1,825,4,1,2019,22,50,12,35,4,2,2026
SpiceJet,Delhi,Cochin,1,315,18,5,2019,6,5,11,20,28,9,2026
Vistara,Chennai,Kolkata,0,140,15,6,2019,17,45,20,5,28,9,2026
Jet Airways,Kolkata,Banglore,1,1090,21,5,2019,14,5,8,15,22,5,2026
SpiceJet,Kolkata,Banglore,0,150,4,9,2019,17,10,19,40,28,9,2026
Air India,Delhi,Cochin,1,735,21,3,2019,7,0,19,15,28,9,2026
Multiple carriers,Delhi,Cochin,1,570,27,5,2019,11,30,21,0,28,9,2026
SpiceJet,Banglore,Delhi,0,170,4,6,2019,9,30,12,20,28,9,2026
Air India,Delhi,Cochin,1,1350,6,12,2019,9,45,8,15,13,6,2026
SpiceJet,Chennai,Kolkata,0,135,27,3,2019,8,20,10,35,28,9,2026
IndiGo,Chennai,Kolkata,0,140,3,12,2019,7,55,10,15,28,9,2026
IndiGo,Banglore,Delhi,0,170,5,12,2019,8,30,11,20,28,9,2026
Jet Airways,Kolkata,Banglore,1,450,18,5,2019,21,10,4,40,19,5,2026
Jet Airways,Kolkata,Banglore,1,590,15,5,2019,8,25,18,15,28,9,2026
SpiceJet,Mumbai,Hyderabad,0,90,18,5,2019,13,15,14,45,28,9,2026
Jet Airways,Delhi,Cochin,2,535,27,5,2019,19,30,4,25,28,5,2026
Multiple carriers,Delhi,Cochin,1,490,15,5,2019,12,50,21,0,28,9,2026
Air India,Mumbai,Hyderabad,0,85,5,3,2019,15,0,16,25,28,9,2026
Jet Airways,Banglore,Delhi,0,180,18,5,2019,17,45,20,45,28,9,2026
Jet Airways,Delhi,Cochin,1,450,15,6,2019,11,30,19,0,28,9,2026
Jet Airways,Delhi,Cochin,1,440,21,3,2019,11,30,18,50,28,9,2026
Jet Airways,Delhi,Cochin,1,660,6,9,2019,8,0,19,0,28,9,2026
Air India,Kolkata,Banglore,2,760,24,3,2019,9,10,21,50,28,9,2026
IndiGo,Delhi,Cochin,1,860,6,9,2019,6,40,21,0,28,9,2026
IndiGo,Delhi,Cochin,0,195,4,3,2019,14,20,17,35,28,9,2026
Jet Airways,Kolkata,Banglore,1,590,6,9,2019,8,25,18,15,28,9,2026
Jet Airways,Delhi,Cochin,2,1300,15,6,2019,6,45,4,25,16,6,2026
Jet Airways,Delhi,Cochin,2,970,6,12,2019,12,15,4,25,13,6,2026
Air Asia,Delhi,Cochin,1,340,6,6,2019,16,45,22,25,28,9,2026
Air India,Kolkata,Banglore,2,1185,18,5,2019,16,45,12,30,19,5,2026
Jet Airways,Mumbai,Hyderabad,0,90,4,3,2019,10,20,11,50,28,9,2026
Jet Airways,Kolkata,Banglore,1,1430,4,1,2019,20,0,19,50,4,2,2026
Jet Airways,Kolkata,Banglore,1,520,6,12,2019,20,0,4,40,13,6,2026
Jet Airways,Kolkata,Banglore,1,890,5,9,2019,21,10,12,0,5,10,2026
IndiGo,Delhi,Cochin,1,305,27,5,2019,20,25,1,30,28,5,2026
Air India,Kolkata,Banglore,0,155,5,12,2019,20,45,23,20,28,9,2026
Vistara,Mumbai,Hyderabad,1,670,3,6,2019,8,45,19,55,28,9,2026
Jet Airways,Mumbai,Hyderabad,0,90,5,6,2019,10,20,11,50,28,9,2026
Air India,Delhi,Cochin,2,1115,27,3,2019,13,5,7,40,28,3,2026
Jet Airways,Delhi,Cochin,1,620,15,6,2019,2,15,12,35,28,9,2026
GoAir,Kolkata,Banglore,1,455,6,9,2019,16,40,0,15,6,10,2026
Vistara,Kolkata,Banglore,1,1345,24,3,2019,20,20,18,45,25,3,2026
Multiple carriers,Delhi,Cochin,1,840,5,9,2019,11,30,1,30,5,10,2026
SpiceJet,Delhi,Cochin,1,270,6,12,2019,8,45,13,15,28,9,2026
IndiGo,Banglore,Delhi,0,170,6,1,2019,10,30,13,20,28,9,2026
Vistara,Kolkata,Banglore,1,1350,6,12,2019,20,20,18,50,13,6,2026
Multiple carriers,Delhi,Cochin,1,780,27,6,2019,6,0,19,0,28,9,2026
Vistara,Banglore,Delhi,0,170,4,9,2019,9,45,12,35,28,9,2026
Jet Airways,Kolkata,Banglore,1,800,6,12,2019,6,30,19,50,28,9,2026
Jet Airways,Kolkata,Banglore,1,1520,5,1,2019,9,35,10,55,5,2,2026
IndiGo,Kolkata,Banglore,0,165,5,6,2019,9,35,12,20,28,9,2026
Multiple carriers,Delhi,Cochin,1,755,3,3,2019,13,0,1,35,3,4,2026
SpiceJet,Mumbai,Hyderabad,0,90,4,1,2019,13,15,14,45,28,9,2026
Jet Airways,Banglore,Delhi,0,180,4,6,2019,7,10,10,10,28,9,2026
Jet Airways,Banglore,New Delhi,1,680,3,6,2019,11,40,23,0,28,9,2026
IndiGo,Delhi,Cochin,1,965,6,12,2019,4,55,21,0,28,9,2026
Jet Airways,Kolkata,Banglore,1,795,24,3,2019,18,55,8,10,25,3,2026
Jet Airways,Kolkata,Banglore,1,1285,5,6,2019,18,55,16,20,5,7,2026
Jet Airways,Mumbai,Hyderabad,0,85,21,3,2019,7,10,8,35,28,9,2026
Air India,Delhi,Cochin,1,965,27,3,2019,17,20,9,25,28,3,2026
Jet Airways,Kolkata,Banglore,1,685,4,1,2019,8,25,19,50,28,9,2026
Jet Airways,Kolkata,Banglore,1,890,24,5,2019,21,10,12,0,25,5,2026
Jet Airways,Delhi,Cochin,1,600,6,6,2019,9,0,19,0,28,9,2026
IndiGo,Mumbai,Hyderabad,0,85,3,1,2019,6,20,7,45,28,9,2026
IndiGo,Delhi,Cochin,1,345,27,4,2019,2,0,7,45,28,9,2026
Jet Airways,Banglore,Delhi,0,180,21,5,2019,17,45,20,45,28,9,2026
SpiceJet,Mumbai,Hyderabad,0,90,21,5,2019,5,45,7,15,28,9,2026
Vistara,Banglore,New Delhi,0,155,24,3,2019,16,0,18,35,28,9,2026
IndiGo,Delhi,Cochin,1,705,6,12,2019,9,15,21,0,28,9,2026
Jet Airways,Kolkata,Banglore,1,840,15,5,2019,9,35,23,35,28,9,2026
IndiGo,Delhi,Cochin,1,515,3,9,2019,7,35,16,10,28,9,2026
IndiGo,Mumbai,Hyderabad,0,85,3,3,2019,6,20,7,45,28,9,2026
Air India,Banglore,New Delhi,2,875,18,3,2019,8,50,23,25,28,9,2026
Multiple carriers,Delhi,Cochin,1,640,3,3,2019,10,20,21,0,28,9,2026
GoAir,Banglore,Delhi,0,165,6,9,2019,20,55,23,40,28,9,2026
Jet Airways,Banglore,New Delhi,1,1555,3,6,2019,22,50,0,45,3,8,2026
Jet Airways,Kolkata,Banglore,1,705,24,5,2019,6,30,18,15,28,9,2026
Jet Airways,Delhi,Cochin,2,910,5,9,2019,21,25,12,35,5,10,2026
Jet Airways,Kolkata,Banglore,1,750,15,5,2019,9,35,22,5,28,9,2026
Jet Airways,Mumbai,Hyderabad,0,85,5,9,2019,7,5,8,30,28,9,2026
Jet Airways,Delhi,Cochin,1,1010,6,3,2019,19,45,12,35,6,4,2026
Jet Airways,Kolkata,Banglore,1,730,4,1,2019,21,10,9,20,4,2,2026
Jet Airways,Delhi,Cochin,1,1685,3,9,2019,0,20,4,25,3,10,2026
Multiple carriers,Delhi,Cochin,1,480,6,9,2019,13,0,21,0,28,9,2026
Vistara,Chennai,Kolkata,0,135,5,6,2019,7,5,9,20,28,9,2026
IndiGo,Kolkata,Banglore,0,160,3,12,2019,21,25,0,5,13,3,2026
Air India,Banglore,Delhi,0,170,5,1,2019,13,20,16,10,28,9,2026
IndiGo,Mumbai,Hyderabad,0,90,4,1,2019,19,5,20,35,28,9,2026
Air India,Banglore,New Delhi,2,1710,3,12,2019,6,50,11,20,13,3,2026
Jet Airways,Delhi,Cochin,2,1090,15,6,2019,18,25,12,35,16,6,2026
IndiGo,Banglore,Delhi,0,170,6,3,2019,8,30,11,20,28,9,2026
Jet Airways,Kolkata,Banglore,1,505,6,12,2019,9,35,18,0,28,9,2026
IndiGo,Banglore,New Delhi,0,170,24,3,2019,23,30,2,20,22,3,2026
SpiceJet,Kolkata,Banglore,0,145,21,5,2019,9,0,11,25,28,9,2026
IndiGo,Banglore,Delhi,0,170,4,9,2019,8,30,11,20,28,9,2026
Jet Airways,Kolkata,Banglore,1,520,5,6,2019,20,0,4,40,5,7,2026
Multiple carriers,Delhi,Cochin,1,510,18,5,2019,17,0,1,30,19,5,2026
Jet Airways,Kolkata,Banglore,1,1285,15,5,2019,17,0,14,25,16,5,2026
IndiGo,Kolkata,Banglore,1,280,24,3,2019,15,10,19,50,28,9,2026
Jet Airways,Banglore,Delhi,0,185,5,12,2019,18,55,22,0,28,9,2026
Jet Airways,Banglore,Delhi,0,175,6,12,2019,11,10,14,5,28,9,2026
Jet Airways,Kolkata,Banglore,1,750,6,6,2019,9,35,22,5,28,9,2026
IndiGo,Kolkata,Banglore,0,155,5,1,2019,15,30,18,5,28,9,2026
SpiceJet,Kolkata,Banglore,0,145,4,1,2019,9,0,11,25,28,9,2026
Jet Airways,Kolkata,Banglore,1,590,15,5,2019,6,30,16,20,28,9,2026
Jet Airways,Kolkata,Banglore,1,1430,18,5,2019,16,30,16,20,19,5,2026
Jet Airways,Banglore,Delhi,0,165,21,4,2019,6,0,8,45,28,9,2026
Vistara,Banglore,Delhi,0,155,18,5,2019,17,0,19,35,28,9,2026
Jet Airways,Delhi,Cochin,2,1320,6,3,2019,14,35,12,35,6,4,2026
Jet Airways,Kolkata,Banglore,1,800,24,5,2019,20,25,9,45,25,5,2026
Multiple carriers,Delhi,Cochin,1,830,24,6,2019,11,40,1,30,25,6,2026
IndiGo,Delhi,Cochin,1,310,15,4,2019,17,5,22,15,28,9,2026
Air India,Delhi,Cochin,3,2280,21,3,2019,5,15,19,15,22,3,2026
Multiple carriers,Delhi,Cochin,1,910,21,3,2019,7,10,22,20,28,9,2026
Air India,Banglore,New Delhi,0,165,3,9,2019,21,10,23,55,28,9,2026
Air India,Kolkata,Banglore,2,1200,4,1,2019,9,25,5,25,4,2,2026
Vistara,Kolkata,Banglore,1,1350,24,5,2019,20,20,18,50,25,5,2026
Jet Airways,Banglore,New Delhi,1,890,21,3,2019,20,35,11,25,19,3,2026
IndiGo,Delhi,Cochin,1,705,6,9,2019,9,15,21,0,28,9,2026
Jet Airways,Banglore,New Delhi,1,805,24,3,2019,22,50,12,15,19,3,2026
Jet Airways,Delhi,Cochin,2,900,27,5,2019,13,25,4,25,28,5,2026
Jet Airways,Mumbai,Hyderabad,0,90,18,6,2019,10,20,11,50,28,9,2026
Air India,Delhi,Cochin,2,1560,18,5,2019,17,15,19,15,19,5,2026
Jet Airways,Delhi,Cochin,2,1375,24,6,2019,5,30,4,25,25,6,2026
Air India,Banglore,New Delhi,1,330,15,3,2019,6,45,12,15,28,9,2026
Air India,Delhi,Cochin,1,1640,27,3,2019,6,5,9,25,28,3,2026
Jet Airways,Kolkata,Banglore,1,1685,6,9,2019,17,0,21,5,6,10,2026
IndiGo,Banglore,Delhi,0,170,18,5,2019,20,0,22,50,28,9,2026
Vistara,Banglore,New Delhi,0,160,3,9,2019,11,30,14,10,28,9,2026
Jet Airways,Delhi,Cochin,1,450,6,12,2019,20,55,4,25,13,6,2026
Jet Airways,Delhi,Cochin,2,1615,27,5,2019,9,40,12,35,28,5,2026
Vistara,Kolkata,Banglore,1,1625,6,12,2019,20,20,23,25,13,6,2026
SpiceJet,Banglore,Delhi,0,170,6,1,2019,9,30,12,20,28,9,2026
Jet Airways,Delhi,Cochin,2,1615,27,5,2019,9,40,12,35,28,5,2026
Multiple carriers,Delhi,Cochin,1,385,15,5,2019,9,45,16,10,28,9,2026
IndiGo,Delhi,Cochin,1,295,15,5,2019,5,10,10,5,28,9,2026
IndiGo,Banglore,Delhi,0,170,27,4,2019,10,10,13,0,28,9,2026
Jet Airways,Kolkata,Banglore,1,735,4,1,2019,20,0,8,15,4,2,2026
Air India,Banglore,New Delhi,2,1795,15,3,2019,17,0,22,55,16,3,2026
Air India,Delhi,Cochin,1,615,6,6,2019,9,0,19,15,28,9,2026
Air India,Delhi,Cochin,2,1595,24,6,2019,16,40,19,15,25,6,2026
Jet Airways,Kolkata,Banglore,1,345,4,1,2019,14,5,19,50,28,9,2026
Jet Airways,Mumbai,Hyderabad,0,90,3,9,2019,19,40,21,10,28,9,2026
IndiGo,Kolkata,Banglore,0,155,6,1,2019,17,15,19,50,28,9,2026
SpiceJet,Banglore,New Delhi,0,170,24,3,2019,20,30,23,20,28,9,2026
Jet Airways,Kolkata,Banglore,1,475,5,1,2019,8,25,16,20,28,9,2026
IndiGo,Chennai,Kolkata,0,140,27,3,2019,19,35,21,55,28,9,2026
Jet Airways,Delhi,Cochin,1,800,27,3,2019,15,5,4,25,28,3,2026
IndiGo,Delhi,Cochin,1,810,4,9,2019,7,30,21,0,28,9,2026
Jet Airways,Delhi,Cochin,2,1125,21,5,2019,9,40,4,25,22,5,2026
IndiGo,Kolkata,Banglore,0,165,15,3,2019,22,10,0,55,16,3,2026
Jet Airways,Delhi,Cochin,1,1530,24,6,2019,17,30,19,0,25,6,2026
Jet Airways,Kolkata,Banglore,1,775,5,9,2019,21,10,10,5,5,10,2026
IndiGo,Delhi,Cochin,1,505,21,3,2019,17,10,1,35,22,3,2026
IndiGo,Chennai,Kolkata,0,145,6,12,2019,5,15,7,40,28,9,2026
SpiceJet,Chennai,Kolkata,0,140,6,9,2019,17,45,20,5,28,9,2026
Jet Airways,Kolkata,Banglore,1,1450,5,6,2019,9,35,9,45,5,7,2026
Air India,Kolkata,Banglore,2,875,6,6,2019,5,50,20,25,28,9,2026
IndiGo,Banglore,New Delhi,1,260,3,1,2019,16,15,20,35,28,9,2026
SpiceJet,Banglore,Delhi,0,175,21,5,2019,21,10,0,5,22,5,2026
Multiple carriers,Delhi,Cochin,1,640,27,6,2019,10,20,21,0,28,9,2026
Jet Airways,Delhi,Cochin,1,1655,15,6,2019,9,0,12,35,16,6,2026
Multiple carriers,Delhi,Cochin,1,750,15,5,2019,13,0,1,30,16,5,2026
Multiple carriers,Delhi,Cochin,1,735,6,6,2019,8,45,21,0,28,9,2026
Jet Airways,Kolkata,Banglore,1,1485,5,6,2019,20,0,20,45,5,7,2026
IndiGo,Banglore,New Delhi,0,165,3,9,2019,6,0,8,45,28,9,2026
Air Asia,Kolkata,Banglore,2,500,6,9,2019,15,10,23,30,28,9,2026
IndiGo,Delhi,Cochin,1,415,6,6,2019,18,35,1,30,6,7,2026
Multiple carriers,Delhi,Cochin,1,480,24,6,2019,13,0,21,0,28,9,2026
IndiGo,Mumbai,Hyderabad,0,90,21,3,2019,2,30,4,0,28,9,2026
Air India,Kolkata,Banglore,2,1210,24,3,2019,9,25,5,35,25,3,2026
Vistara,Kolkata,Banglore,1,765,5,1,2019,20,20,9,5,5,2,2026
Jet Airways,Mumbai,Hyderabad,0,90,18,6,2019,19,35,21,5,28,9,2026
GoAir,Kolkata,Banglore,1,475,6,9,2019,6,40,14,35,28,9,2026
Air India,Delhi,Cochin,2,1275,5,9,2019,22,0,19,15,5,10,2026
IndiGo,Kolkata,Banglore,0,165,3,3,2019,17,15,20,0,28,9,2026
Air India,Kolkata,Banglore,2,1700,5,1,2019,9,25,13,45,5,2,2026
Jet Airways,Kolkata,Banglore,1,1495,24,5,2019,18,55,19,50,25,5,2026
IndiGo,Banglore,Delhi,0,170,18,5,2019,13,0,15,50,28,9,2026
Air India,Delhi,Cochin,0,170,15,4,2019,5,10,8,0,28,9,2026
Air Asia,Kolkata,Banglore,2,500,6,6,2019,15,10,23,30,28,9,2026
Jet Airways,Banglore,Delhi,0,175,18,5,2019,11,10,14,5,28,9,2026
Jet Airways,Mumbai,Hyderabad,1,815,3,12,2019,3,0,16,35,28,9,2026
Jet Airways,Delhi,Cochin,1,450,5,9,2019,20,55,4,25,5,10,2026
Air India,Banglore,New Delhi,2,435,18,3,2019,10,30,17,45,28,9,2026
Jet Airways,Delhi,Cochin,2,485,21,3,2019,10,45,18,50,28,9,2026
SpiceJet,Kolkata,Banglore,0,155,4,1,2019,6,55,9,30,28,9,2026
Multiple carriers,Delhi,Cochin,1,910,27,5,2019,3,50,19,0,28,9,2026
Jet Airways,Delhi,Cochin,1,1355,27,5,2019,14,0,12,35,28,5,2026
Air India,Kolkata,Banglore,2,765,21,5,2019,16,50,5,35,22,5,2026
Multiple carriers,Delhi,Cochin,2,495,3,3,2019,13,5,21,20,28,9,2026
Jet Airways,Kolkata,Banglore,1,1080,21,5,2019,20,25,14,25,22,5,2026
Air India,Delhi,Cochin,1,675,27,5,2019,8,0,19,15,28,9,2026
Air India,Delhi,Cochin,2,1595,3,6,2019,16,40,19,15,3,7,2026
Air India,Delhi,Cochin,2,1545,3,9,2019,5,55,7,40,3,10,2026
Jet Airways,Delhi,Cochin,1,1395,5,9,2019,19,45,19,0,5,10,2026
Jet Airways,Delhi,Cochin,1,360,15,6,2019,13,0,19,0,28,9,2026
Jet Airways,Kolkata,Banglore,1,590,5,6,2019,8,25,18,15,28,9,2026
Vistara,Banglore,Delhi,0,170,27,5,2019,9,45,12,35,28,9,2026
IndiGo,Delhi,Cochin,1,575,6,6,2019,11,25,21,0,28,9,2026
Jet Airways,Banglore,Delhi,0,185,18,6,2019,18,55,22,0,28,9,2026
IndiGo,Banglore,Delhi,0,180,4,3,2019,16,55,19,55,28,9,2026
SpiceJet,Chennai,Kolkata,0,135,18,6,2019,8,20,10,35,28,9,2026
Jet Airways,Delhi,Cochin,1,540,5,9,2019,10,0,19,0,28,9,2026
Jet Airways,Banglore,New Delhi,1,900,18,3,2019,14,5,5,5,16,3,2026
IndiGo,Chennai,Kolkata,0,140,21,3,2019,19,35,21,55,28,9,2026
Jet Airways,Banglore,Delhi,0,180,6,3,2019,8,20,11,20,28,9,2026
Air India,Mumbai,Hyderabad,0,90,6,1,2019,13,55,15,25,28,9,2026
Jet Airways,Mumbai,Hyderabad,0,90,18,5,2019,19,35,21,5,28,9,2026
Jet Airways,Delhi,Cochin,2,1045,24,6,2019,19,10,12,35,25,6,2026
Air India,Delhi,Cochin,2,1410,3,6,2019,19,45,19,15,3,7,2026
Jet Airways,Delhi,Cochin,1,330,4,6,2019,7,5,12,35,28,9,2026
Jet Airways,Banglore,Delhi,0,180,6,6,2019,7,10,10,10,28,9,2026
Multiple carriers,Delhi,Cochin,1,480,18,5,2019,17,30,1,30,19,5,2026
Air India,Kolkata,Banglore,2,1255,21,5,2019,16,50,13,45,22,5,2026
Multiple carriers,Delhi,Cochin,1,570,15,6,2019,16,0,1,30,16,6,2026
Multiple carriers,Delhi,Cochin,1,390,15,5,2019,19,0,1,30,16,5,2026
SpiceJet,Banglore,New Delhi,0,175,24,3,2019,9,35,12,30,28,9,2026
Air Asia,Kolkata,Banglore,2,500,15,5,2019,15,10,23,30,28,9,2026
IndiGo,Delhi,Cochin,1,455,6,12,2019,8,35,16,10,28,9,2026
Air India,Delhi,Cochin,2,1730,24,6,2019,14,25,19,15,25,6,2026
Jet Airways,Kolkata,Banglore,1,740,5,1,2019,8,25,20,45,28,9,2026
Jet Airways,Kolkata,Banglore,1,1450,5,1,2019,9,35,9,45,5,2,2026
GoAir,Banglore,Delhi,0,170,5,6,2019,11,40,14,30,28,9,2026
Air India,Delhi,Cochin,1,1420,27,3,2019,9,45,9,25,28,3,2026
Air India,Delhi,Cochin,3,1585,6,1,2019,5,15,7,40,6,2,2026
IndiGo,Banglore,New Delhi,0,165,24,3,2019,1,30,4,15,28,9,2026
Jet Airways,Mumbai,Hyderabad,0,85,24,3,2019,7,10,8,35,28,9,2026
Jet Airways,Delhi,Cochin,1,1015,6,1,2019,11,30,4,25,6,2,2026
Jet Airways,Delhi,Cochin,1,1325,6,3,2019,20,55,19,0,6,4,2026
Multiple carriers,Delhi,Cochin,1,690,6,6,2019,14,0,1,30,6,7,2026
Jet Airways,Delhi,Cochin,1,805,24,6,2019,15,0,4,25,25,6,2026
Jet Airways,Delhi,Cochin,1,600,6,9,2019,9,0,19,0,28,9,2026
Jet Airways,Delhi,Cochin,2,535,6,1,2019,19,30,4,25,6,2,2026
Jet Airways,Delhi,Cochin,2,810,4,9,2019,5,30,19,0,28,9,2026
Multiple carriers,Delhi,Cochin,1,440,6,6,2019,11,40,19,0,28,9,2026
Multiple carriers,Delhi,Cochin,1,755,6,1,2019,6,40,19,15,28,9,2026
Jet Airways,Mumbai,Hyderabad,0,85,24,6,2019,7,5,8,30,28,9,2026
Jet Airways,Mumbai,Hyderabad,2,1415,3,6,2019,17,15,16,50,3,7,2026
Vistara,Delhi,Cochin,0,190,4,9,2019,6,0,9,10,28,9,2026
Jet Airways,Kolkata,Banglore,1,1200,5,6,2019,14,5,10,5,5,7,2026
Jet Airways,Banglore,Delhi,0,180,27,6,2019,7,10,10,10,28,9,2026
Jet Airways,Kolkata,Banglore,1,1685,6,9,2019,17,0,21,5,6,10,2026
Jet Airways,Kolkata,Banglore,1,800,5,1,2019,6,30,19,50,28,9,2026
IndiGo,Kolkata,Banglore,0,160,21,4,2019,21,25,0,5,22,4,2026
IndiGo,Banglore,Delhi,0,170,4,3,2019,22,10,1,0,4,4,2026
Air Asia,Kolkata,Banglore,0,150,18,5,2019,19,55,22,25,28,9,2026
IndiGo,Banglore,Delhi,0,170,5,12,2019,23,30,2,20,13,5,2026
Air India,Delhi,Cochin,2,1410,27,6,2019,19,45,19,15,28,6,2026
SpiceJet,Chennai,Kolkata,0,135,21,6,2019,8,20,10,35,28,9,2026
Vistara,Banglore,New Delhi,1,1665,15,3,2019,6,40,10,25,16,3,2026
Air India,Banglore,New Delhi,0,170,18,3,2019,13,20,16,10,28,9,2026
Multiple carriers,Delhi,Cochin,1,690,24,6,2019,14,0,1,30,25,6,2026
GoAir,Banglore,Delhi,0,165,6,3,2019,20,55,23,40,28,9,2026
GoAir,Banglore,Delhi,0,175,6,1,2019,7,45,10,40,28,9,2026
Jet Airways,Kolkata,Banglore,1,685,6,12,2019,8,25,19,50,28,9,2026
Air Asia,Banglore,Delhi,0,170,4,12,2019,23,55,2,45,13,4,2026
Air India,Kolkata,Banglore,0,150,4,1,2019,14,15,16,45,28,9,2026
Air India,Kolkata,Banglore,2,1410,5,12,2019,16,45,16,15,13,5,2026
Multiple carriers,Delhi,Cochin,1,480,6,6,2019,17,30,1,30,6,7,2026
Vistara,Kolkata,Banglore,1,930,18,5,2019,7,10,22,40,28,9,2026
Jet Airways,Kolkata,Banglore,1,435,15,5,2019,10,20,17,35,28,9,2026
Jet Airways,Delhi,Cochin,1,800,3,9,2019,15,5,4,25,3,10,2026
Vistara,Banglore,Delhi,0,170,24,4,2019,9,45,12,35,28,9,2026
Air India,Delhi,Cochin,2,1820,6,12,2019,12,55,19,15,13,6,2026
IndiGo,Mumbai,Hyderabad,0,95,15,5,2019,20,5,21,40,28,9,2026
Jet Airways,Kolkata,Banglore,1,1545,5,6,2019,6,30,8,15,5,7,2026
Vistara,Banglore,Delhi,0,170,6,1,2019,11,30,14,20,28,9,2026
SpiceJet,Banglore,Delhi,0,175,15,6,2019,21,10,0,5,16,6,2026
Jet Airways,Delhi,Cochin,1,600,6,12,2019,9,0,19,0,28,9,2026
Multiple carriers,Delhi,Cochin,1,455,3,6,2019,11,40,19,15,28,9,2026
Multiple carriers,Delhi,Cochin,1,460,6,1,2019,4,55,12,35,28,9,2026
GoAir,Delhi,Cochin,1,440,3,6,2019,6,0,13,20,28,9,2026
Jet Airways,Delhi,Cochin,0,195,27,5,2019,11,0,14,15,28,9,2026
Jet Airways,Delhi,Cochin,1,1485,6,9,2019,18,15,19,0,6,10,2026
Air India,Delhi,Cochin,2,1180,6,1,2019,12,0,7,40,6,2,2026
Jet Airways,Kolkata,Banglore,1,1610,5,1,2019,6,30,9,20,5,2,2026
Jet Airways,Delhi,Cochin,2,1475,27,3,2019,19,10,19,45,28,3,2026
Multiple carriers,Delhi,Cochin,1,455,15,6,2019,14,55,22,30,28,9,2026
IndiGo,Banglore,Delhi,0,170,18,5,2019,22,10,1,0,19,5,2026
Jet Airways,Banglore,Delhi,0,180,4,3,2019,8,20,11,20,28,9,2026
Jet Airways,Delhi,Cochin,1,450,6,6,2019,11,30,19,0,28,9,2026
Jet Airways,Delhi,Cochin,2,1025,6,1,2019,19,30,12,35,6,2,2026
Air India,Kolkata,Banglore,2,725,18,5,2019,8,20,20,25,28,9,2026
Air India,Mumbai,Hyderabad,0,75,21,3,2019,19,30,20,45,28,9,2026
Jet Airways,Delhi,Cochin,2,830,15,6,2019,14,35,4,25,16,6,2026
Multiple carriers,Delhi,Cochin,1,665,3,6,2019,9,55,21,0,28,9,2026
IndiGo,Chennai,Kolkata,0,145,21,3,2019,11,35,14,0,28,9,2026
IndiGo,Kolkata,Banglore,0,155,3,6,2019,15,20,17,55,28,9,2026
SpiceJet,Kolkata,Banglore,0,150,5,6,2019,17,10,19,40,28,9,2026
Jet Airways,Kolkata,Banglore,1,1295,6,6,2019,20,25,18,0,6,7,2026
Jet Airways,Delhi,Cochin,1,1665,3,6,2019,16,0,19,45,3,7,2026
Air India,Delhi,Cochin,2,1820,4,9,2019,12,55,19,15,4,10,2026
Jet Airways,Kolkata,Banglore,1,910,15,5,2019,18,55,10,5,16,5,2026
Jet Airways,Kolkata,Banglore,1,1345,24,3,2019,19,45,18,10,25,3,2026
GoAir,Delhi,Cochin,1,535,3,6,2019,10,25,19,20,28,9,2026
Jet Airways,Delhi,Cochin,2,1475,27,3,2019,19,10,19,45,28,3,2026
Air India,Mumbai,Hyderabad,0,75,15,5,2019,19,30,20,45,28,9,2026
Jet Airways,Delhi,Cochin,2,1615,6,3,2019,9,40,12,35,6,4,2026
Jet Airways,Mumbai,Hyderabad,0,90,5,3,2019,10,20,11,50,28,9,2026
Air India,Banglore,Delhi,0,165,4,12,2019,10,0,12,45,28,9,2026
IndiGo,Delhi,Cochin,1,380,27,3,2019,9,10,15,30,28,9,2026
Air India,Banglore,New Delhi,2,1545,18,3,2019,8,50,10,35,16,3,2026
Air Asia,Banglore,New Delhi,0,165,3,3,2019,23,25,2,10,3,7,2026
Air India,Banglore,Delhi,0,170,4,1,2019,21,5,23,55,28,9,2026
Air Asia,Kolkata,Banglore,0,155,6,12,2019,10,20,12,55,28,9,2026
Air India,Kolkata,Banglore,3,1830,4,1,2019,16,45,23,15,4,2,2026
Jet Airways,Kolkata,Banglore,1,1080,5,1,2019,20,25,14,25,5,2,2026
GoAir,Banglore,New Delhi,0,175,24,3,2019,7,45,10,40,28,9,2026
IndiGo,Kolkata,Banglore,0,155,15,5,2019,15,30,18,5,28,9,2026
Multiple carriers,Delhi,Cochin,1,395,6,12,2019,6,0,12,35,28,9,2026
IndiGo,Kolkata,Banglore,0,155,5,12,2019,17,15,19,50,28,9,2026
IndiGo,Delhi,Cochin,1,965,6,3,2019,4,55,21,0,28,9,2026
IndiGo,Kolkata,Banglore,0,155,27,4,2019,11,30,14,5,28,9,2026
Air India,Banglore,New Delhi,1,1730,3,1,2019,13,50,18,40,3,2,2026
Jet Airways,Banglore,Delhi,0,175,6,3,2019,11,10,14,5,28,9,2026
Air India,Kolkata,Banglore,2,1155,4,1,2019,16,45,12,0,4,2,2026
Multiple carriers,Delhi,Cochin,1,455,6,6,2019,11,25,19,0,28,9,2026
IndiGo,Mumbai,Hyderabad,0,90,3,3,2019,20,5,21,35,28,9,2026
Air India,Kolkata,Banglore,2,1045,5,1,2019,5,50,23,15,28,9,2026
Jet Airways,Delhi,Cochin,1,330,6,12,2019,7,5,12,35,28,9,2026
Air India,Delhi,Cochin,2,1380,6,9,2019,20,15,19,15,6,10,2026
Jet Airways,Delhi,Cochin,1,925,5,9,2019,13,0,4,25,5,10,2026
IndiGo,Delhi,Cochin,1,305,15,6,2019,23,30,4,35,16,6,2026
Multiple carriers,Delhi,Cochin,1,925,15,5,2019,7,5,22,30,28,9,2026
Vistara,Kolkata,Banglore,1,385,24,5,2019,17,0,23,25,28,9,2026
Vistara,Kolkata,Banglore,1,1395,24,3,2019,9,55,9,10,25,3,2026
Jet Airways,Banglore,New Delhi,1,730,21,3,2019,7,0,19,10,28,9,2026
Air India,Banglore,Delhi,0,165,4,1,2019,17,0,19,45,28,9,2026
Multiple carriers,Delhi,Cochin,1,555,27,6,2019,13,15,22,30,28,9,2026
Jet Airways,Kolkata,Banglore,1,1005,5,1,2019,17,0,9,45,5,2,2026
GoAir,Delhi,Cochin,1,355,15,5,2019,7,0,12,55,28,9,2026
IndiGo,Delhi,Cochin,1,490,6,1,2019,14,20,22,30,28,9,2026
IndiGo,Chennai,Kolkata,0,140,6,3,2019,22,5,0,25,6,4,2026
Jet Airways,Kolkata,Banglore,1,1285,6,9,2019,18,55,16,20,6,10,2026
Air India,Kolkata,Banglore,2,1195,5,6,2019,12,0,7,55,5,7,2026
SpiceJet,Chennai,Kolkata,0,135,24,3,2019,8,20,10,35,28,9,2026
Jet Airways,Delhi,Cochin,2,1060,21,3,2019,10,45,4,25,22,3,2026
Air India,Delhi,Cochin,2,1220,21,5,2019,13,5,9,25,22,5,2026
Jet Airways,Kolkata,Banglore,1,740,15,5,2019,8,25,20,45,28,9,2026
Multiple carriers,Delhi,Cochin,1,540,27,5,2019,7,10,16,10,28,9,2026
SpiceJet,Banglore,Delhi,0,170,24,4,2019,9,30,12,20,28,9,2026
IndiGo,Delhi,Cochin,1,370,27,3,2019,16,10,22,20,28,9,2026
SpiceJet,Kolkata,Banglore,0,145,18,4,2019,9,0,11,25,28,9,2026
Multiple carriers,Delhi,Cochin,1,390,24,5,2019,19,0,1,30,25,5,2026
IndiGo,Kolkata,Banglore,1,290,24,4,2019,15,15,20,5,28,9,2026
SpiceJet,Kolkata,Banglore,0,145,24,5,2019,9,0,11,25,28,9,2026
IndiGo,Delhi,Cochin,1,310,15,5,2019,17,5,22,15,28,9,2026
Jet Airways,Banglore,New Delhi,1,1590,3,12,2019,5,45,8,15,13,3,2026
IndiGo,Banglore,Delhi,0,170,15,6,2019,4,0,6,50,28,9,2026
Multiple carriers,Delhi,Cochin,2,625,6,12,2019,15,5,1,30,13,6,2026
IndiGo,Delhi,Cochin,1,780,21,5,2019,11,55,0,55,22,5,2026
Jet Airways,Delhi,Cochin,1,1655,18,5,2019,9,0,12,35,19,5,2026
IndiGo,Delhi,Cochin,1,940,3,6,2019,6,40,22,20,28,9,2026
IndiGo,Kolkata,Banglore,0,155,15,6,2019,17,15,19,50,28,9,2026
Jet Airways,Kolkata,Banglore,1,510,6,6,2019,14,5,22,35,28,9,2026
Air India,Delhi,Cochin,2,1245,6,12,2019,10,55,7,40,13,6,2026
Multiple carriers,Delhi,Cochin,1,675,6,1,2019,8,0,19,15,28,9,2026
Jet Airways,Kolkata,Banglore,1,800,21,5,2019,20,25,9,45,22,5,2026
IndiGo,Kolkata,Banglore,0,155,5,6,2019,15,30,18,5,28,9,2026
Vistara,Kolkata,Banglore,1,965,6,6,2019,17,0,9,5,6,7,2026
SpiceJet,Delhi,Cochin,1,270,6,3,2019,8,45,13,15,28,9,2026
Jet Airways,Kolkata,Banglore,1,750,5,6,2019,9,35,22,5,28,9,2026
Jet Airways,Kolkata,Banglore,1,435,21,5,2019,10,20,17,35,28,9,2026
Air India,Mumbai,Hyderabad,1,780,3,6,2019,20,15,9,15,3,7,2026
IndiGo,Banglore,New Delhi,0,170,15,3,2019,10,10,13,0,28,9,2026
SpiceJet,Kolkata,Banglore,0,145,4,3,2019,9,0,11,25,28,9,2026
Air Asia,Kolkata,Banglore,0,150,24,4,2019,19,55,22,25,28,9,2026
Multiple carriers,Delhi,Cochin,1,615,6,1,2019,8,45,19,0,28,9,2026
Jet Airways,Kolkata,Banglore,1,740,5,9,2019,8,25,20,45,28,9,2026
Multiple carriers,Delhi,Cochin,1,535,21,3,2019,10,20,19,15,28,9,2026
IndiGo,Delhi,Cochin,1,305,24,6,2019,23,30,4,35,25,6,2026
Multiple carriers,Delhi,Cochin,1,735,18,5,2019,8,45,21,0,28,9,2026
Jet Airways,Kolkata,Banglore,1,1430,15,5,2019,16,30,16,20,16,5,2026
IndiGo,Banglore,Delhi,0,180,27,5,2019,21,15,0,15,28,5,2026
Air India,Delhi,Cochin,0,180,27,5,2019,14,10,17,10,28,9,2026
Jet Airways,Delhi,Cochin,1,1520,21,3,2019,17,30,18,50,22,3,2026
IndiGo,Delhi,Cochin,1,300,27,4,2019,16,0,21,0,28,9,2026
SpiceJet,Kolkata,Banglore,0,150,5,9,2019,17,10,19,40,28,9,2026
IndiGo,Kolkata,Banglore,0,155,4,12,2019,4,40,7,15,28,9,2026
Multiple carriers,Delhi,Cochin,1,600,6,1,2019,9,0,19,0,28,9,2026
Air India,Kolkata,Banglore,2,1210,6,9,2019,9,25,5,35,6,10,2026
IndiGo,Banglore,Delhi,0,175,6,6,2019,18,55,21,50,28,9,2026
Jet Airways,Delhi,Cochin,0,195,15,4,2019,11,0,14,15,28,9,2026
GoAir,Delhi,Cochin,1,350,3,3,2019,7,30,13,20,28,9,2026
Air Asia,Kolkata,Banglore,1,220,24,5,2019,6,50,10,30,28,9,2026
Air India,Kolkata,Banglore,2,920,5,9,2019,10,0,1,20,5,10,2026
Jet Airways,Banglore,New Delhi,1,1525,3,12,2019,18,55,20,20,13,3,2026
IndiGo,Banglore,New Delhi,0,175,24,3,2019,20,0,22,55,28,9,2026
Air India,Banglore,Delhi,0,165,15,5,2019,6,10,8,55,28,9,2026
Jet Airways,Delhi,Cochin,0,195,6,12,2019,11,0,14,15,28,9,2026
Air India,Banglore,Delhi,0,165,24,4,2019,6,10,8,55,28,9,2026
Jet Airways,Kolkata,Banglore,1,1155,5,9,2019,14,5,9,20,5,10,2026
SpiceJet,Mumbai,Hyderabad,0,90,6,3,2019,13,15,14,45,28,9,2026
IndiGo,Delhi,Cochin,1,280,3,9,2019,21,5,1,45,3,10,2026
Jet Airways,Delhi,Cochin,2,1125,6,9,2019,9,40,4,25,6,10,2026
SpiceJet,Mumbai,Hyderabad,0,90,5,6,2019,13,15,14,45,28,9,2026
Jet Airways,Delhi,Cochin,1,805,6,6,2019,15,0,4,25,6,7,2026
Air Asia,Kolkata,Banglore,0,150,21,6,2019,22,50,1,20,22,6,2026
Air India,Delhi,Cochin,1,915,3,9,2019,4,0,19,15,28,9,2026
Multiple carriers,Delhi,Cochin,1,810,5,9,2019,7,30,21,0,28,9,2026
IndiGo,Delhi,Cochin,1,415,27,6,2019,18,35,1,30,28,6,2026
SpiceJet,Kolkata,Banglore,0,155,24,5,2019,6,55,9,30,28,9,2026
Air India,Delhi,Cochin,1,1640,6,9,2019,6,5,9,25,6,10,2026
Air India,Delhi,Cochin,0,180,18,3,2019,14,10,17,10,28,9,2026
IndiGo,Kolkata,Banglore,0,155,6,3,2019,9,35,12,10,28,9,2026
Jet Airways,Delhi,Cochin,2,1365,3,6,2019,5,40,4,25,3,7,2026
Air India,Mumbai,Hyderabad,2,1995,3,6,2019,6,0,15,15,3,7,2026
Jet Airways,Delhi,Cochin,1,360,27,5,2019,13,0,19,0,28,9,2026
Air India,Delhi,Cochin,1,315,21,3,2019,17,45,23,0,28,9,2026
Jet Airways,Delhi,Cochin,1,620,15,6,2019,2,15,12,35,28,9,2026
SpiceJet,Banglore,Delhi,0,160,15,5,2019,5,55,8,35,28,9,2026
IndiGo,Delhi,Cochin,1,425,27,6,2019,5,5,12,10,28,9,2026
Air India,Delhi,Cochin,2,800,5,9,2019,5,55,19,15,28,9,2026
Air Asia,Delhi,Cochin,1,330,3,9,2019,16,45,22,15,28,9,2026
Jet Airways,Kolkata,Banglore,1,1215,5,9,2019,8,25,4,40,5,10,2026
Air India,Banglore,New Delhi,0,165,18,3,2019,10,0,12,45,28,9,2026
Jet Airways,Mumbai,Hyderabad,0,85,21,6,2019,7,5,8,30,28,9,2026
Multiple carriers,Delhi,Cochin,1,925,6,12,2019,7,5,22,30,28,9,2026
Air Asia,Delhi,Cochin,1,330,27,5,2019,7,55,13,25,28,9,2026
Air India,Delhi,Cochin,2,1820,3,3,2019,12,55,19,15,3,4,2026
IndiGo,Delhi,Cochin,1,570,27,3,2019,6,40,16,10,28,9,2026
IndiGo,Kolkata,Banglore,1,315,5,9,2019,15,15,20,30,28,9,2026
Air India,Delhi,Cochin,1,1010,4,6,2019,6,10,23,0,28,9,2026
Vistara,Kolkata,Banglore,1,945,4,1,2019,7,10,22,55,28,9,2026
Multiple carriers,Delhi,Cochin,1,630,18,5,2019,8,30,19,0,28,9,2026
IndiGo,Banglore,Delhi,0,170,15,5,2019,10,10,13,0,28,9,2026
Jet Airways,Delhi,Cochin,1,805,5,9,2019,15,0,4,25,5,10,2026
Jet Airways,Kolkata,Banglore,1,730,5,6,2019,16,30,4,40,5,7,2026
SpiceJet,Kolkata,Banglore,0,150,15,6,2019,14,55,17,25,28,9,2026
Jet Airways,Kolkata,Banglore,1,1610,21,5,2019,6,30,9,20,22,5,2026
Vistara,Banglore,Delhi,0,160,5,6,2019,7,0,9,40,28,9,2026
Air India,Kolkata,Banglore,0,150,3,3,2019,14,15,16,45,28,9,2026
Jet Airways,Mumbai,Hyderabad,0,85,5,9,2019,2,55,4,20,28,9,2026
IndiGo,Kolkata,Banglore,0,155,4,9,2019,17,15,19,50,28,9,2026
Vistara,Kolkata,Banglore,1,1640,4,1,2019,17,0,20,20,4,2,2026
Air India,Delhi,Cochin,2,1580,24,6,2019,7,5,9,25,25,6,2026
SpiceJet,Delhi,Cochin,1,315,15,5,2019,6,5,11,20,28,9,2026
Jet Airways,Delhi,Cochin,1,1680,21,5,2019,15,0,19,0,22,5,2026
Jet Airways,Kolkata,Banglore,1,505,5,1,2019,9,35,18,0,28,9,2026
IndiGo,Kolkata,Banglore,1,325,5,6,2019,18,5,23,30,28,9,2026
Jet Airways,Delhi,Cochin,2,1025,6,6,2019,19,30,12,35,6,7,2026
Multiple carriers Premium economy,Delhi,Cochin,1,440,21,3,2019,6,0,13,20,28,9,2026
IndiGo,Chennai,Kolkata,0,145,15,3,2019,11,35,14,0,28,9,2026
IndiGo,Banglore,Delhi,0,175,21,6,2019,7,10,10,5,28,9,2026
Jet Airways,Banglore,New Delhi,1,875,3,1,2019,5,45,20,20,28,9,2026
Jet Airways,Delhi,Cochin,1,1235,4,1,2019,16,0,12,35,4,2,2026
IndiGo,Kolkata,Banglore,1,290,18,5,2019,15,15,20,5,28,9,2026
Air India,Kolkata,Banglore,1,555,6,12,2019,7,0,16,15,28,9,2026
Multiple carriers,Delhi,Cochin,1,640,6,6,2019,10,20,21,0,28,9,2026
IndiGo,Delhi,Cochin,1,985,21,3,2019,9,10,1,35,22,3,2026
Air India,Banglore,New Delhi,2,1795,24,3,2019,17,0,22,55,19,3,2026
Jet Airways,Banglore,New Delhi,1,810,3,12,2019,22,55,12,25,13,3,2026
SpiceJet,Kolkata,Banglore,0,140,24,4,2019,22,20,0,40,25,4,2026
Air India,Kolkata,Banglore,1,925,4,1,2019,17,30,8,55,4,2,2026
Vistara,Banglore,Delhi,0,160,21,5,2019,7,0,9,40,28,9,2026
Air India,Kolkata,Banglore,2,1390,5,12,2019,12,0,11,10,13,5,2026
Multiple carriers,Delhi,Cochin,1,390,21,3,2019,9,0,15,30,28,9,2026
Multiple carriers,Delhi,Cochin,1,465,15,6,2019,11,30,19,15,28,9,2026
Jet Airways,Delhi,Cochin,2,900,6,9,2019,21,35,12,35,6,10,2026
IndiGo,Delhi,Cochin,1,415,15,5,2019,18,35,1,30,16,5,2026
Jet Airways,Banglore,Delhi,0,180,4,3,2019,19,50,22,50,28,9,2026
IndiGo,Delhi,Cochin,1,425,3,3,2019,4,55,12,0,28,9,2026
IndiGo,Banglore,Delhi,0,165,15,5,2019,6,5,8,50,28,9,2026
IndiGo,Delhi,Cochin,1,890,21,3,2019,10,45,1,35,22,3,2026
SpiceJet,Kolkata,Banglore,1,435,5,9,2019,11,35,18,50,28,9,2026
Vistara,Banglore,New Delhi,0,155,24,3,2019,16,0,18,35,28,9,2026
Jet Airways,Delhi,Cochin,1,1680,27,6,2019,15,0,19,0,28,6,2026
Jet Airways,Kolkata,Banglore,1,1220,24,3,2019,8,25,4,45,25,3,2026
Jet Airways,Mumbai,Hyderabad,0,90,21,3,2019,19,35,21,5,28,9,2026
Jet Airways,Delhi,Cochin,1,1210,18,5,2019,22,50,19,0,19,5,2026
Jet Airways,Delhi,Cochin,1,1595,6,1,2019,10,0,12,35,6,2,2026
Multiple carriers,Delhi,Cochin,1,390,18,5,2019,19,0,1,30,19,5,2026
Jet Airways,Delhi,Cochin,2,1195,5,9,2019,23,5,19,0,5,10,2026
SpiceJet,Banglore,Delhi,0,170,5,1,2019,9,30,12,20,28,9,2026
IndiGo,Delhi,Cochin,1,355,21,3,2019,2,35,8,30,28,9,2026
Air Asia,Kolkata,Banglore,0,150,24,3,2019,19,35,22,5,28,9,2026
Vistara,Kolkata,Banglore,1,865,5,6,2019,20,20,10,45,5,7,2026
Vistara,Chennai,Kolkata,0,140,24,5,2019,17,45,20,5,28,9,2026
Jet Airways,Mumbai,Hyderabad,0,90,4,3,2019,19,35,21,5,28,9,2026
Multiple carriers,Delhi,Cochin,1,660,21,5,2019,10,0,21,0,28,9,2026
Air India,Kolkata,Banglore,1,1700,15,5,2019,16,45,21,5,16,5,2026
Air India,Kolkata,Banglore,2,1625,6,9,2019,5,50,8,55,6,10,2026
Jet Airways,Delhi,Cochin,1,450,27,5,2019,11,30,19,0,28,9,2026
Multiple carriers,Delhi,Cochin,1,745,3,9,2019,6,50,19,15,28,9,2026
SpiceJet,Banglore,Delhi,0,175,27,5,2019,21,10,0,5,28,5,2026
Air India,Delhi,Cochin,2,2170,3,3,2019,7,5,19,15,3,4,2026
GoAir,Banglore,Delhi,0,165,5,12,2019,20,55,23,40,28,9,2026
Air India,Kolkata,Banglore,0,150,4,12,2019,14,15,16,45,28,9,2026
Jet Airways,Delhi,Cochin,2,1760,5,9,2019,23,5,4,25,5,11,2026
Jet Airways,Banglore,Delhi,0,180,6,3,2019,17,45,20,45,28,9,2026
IndiGo,Kolkata,Banglore,2,335,21,5,2019,6,35,12,10,28,9,2026
Air India,Mumbai,Hyderabad,0,90,18,6,2019,13,55,15,25,28,9,2026
Jet Airways,Delhi,Cochin,1,330,18,5,2019,7,5,12,35,28,9,2026
Vistara,Banglore,Delhi,0,170,18,6,2019,9,45,12,35,28,9,2026
Jet Airways,Delhi,Cochin,1,1010,6,3,2019,19,45,12,35,6,4,2026
SpiceJet,Banglore,New Delhi,0,175,24,3,2019,9,35,12,30,28,9,2026
GoAir,Delhi,Cochin,1,540,6,6,2019,10,35,19,35,28,9,2026
Air Asia,Kolkata,Banglore,0,150,27,3,2019,22,50,1,20,28,3,2026
Air India,Delhi,Cochin,2,1410,24,6,2019,19,45,19,15,25,6,2026
IndiGo,Kolkata,Banglore,1,265,6,9,2019,19,20,23,45,28,9,2026
SpiceJet,Banglore,Delhi,0,160,15,6,2019,5,55,8,35,28,9,2026
Multiple carriers,Delhi,Cochin,1,680,3,6,2019,7,30,18,50,28,9,2026
Vistara,Banglore,Delhi,0,155,4,6,2019,17,0,19,35,28,9,2026
Jet Airways,Delhi,Cochin,2,1615,5,6,2019,9,40,12,35,5,7,2026
Air India,Banglore,Delhi,0,165,5,9,2019,17,0,19,45,28,9,2026
Air India,Chennai,Kolkata,0,135,18,5,2019,11,40,13,55,28,9,2026
Multiple carriers,Delhi,Cochin,1,480,5,9,2019,13,0,21,0,28,9,2026
SpiceJet,Kolkata,Banglore,0,160,27,3,2019,6,55,9,35,28,9,2026
Jet Airways,Banglore,New Delhi,1,1045,18,3,2019,11,40,5,5,16,3,2026
IndiGo,Banglore,New Delhi,0,165,3,3,2019,6,0,8,45,28,9,2026
Jet Airways,Delhi,Cochin,2,1375,5,6,2019,5,30,4,25,5,7,2026
IndiGo,Chennai,Kolkata,0,145,3,6,2019,14,40,17,5,28,9,2026
Jet Airways,Banglore,New Delhi,1,740,3,1,2019,8,0,20,20,28,9,2026
IndiGo,Banglore,Delhi,0,165,6,12,2019,6,5,8,50,28,9,2026
Jet Airways,Delhi,Cochin,0,195,6,1,2019,11,0,14,15,28,9,2026
Multiple carriers,Delhi,Cochin,1,555,5,9,2019,10,0,19,15,28,9,2026
Jet Airways,Banglore,Delhi,0,180,6,9,2019,17,45,20,45,28,9,2026
Air India,Banglore,New Delhi,1,325,3,9,2019,6,50,12,15,28,9,2026
Multiple carriers,Delhi,Cochin,1,455,6,6,2019,14,55,22,30,28,9,2026
SpiceJet,Mumbai,Hyderabad,0,90,6,12,2019,13,15,14,45,28,9,2026
IndiGo,Kolkata,Banglore,0,155,15,5,2019,4,40,7,15,28,9,2026
Air India,Kolkata,Banglore,2,920,21,5,2019,10,0,1,20,22,5,2026
Jet Airways,Kolkata,Banglore,1,1450,21,5,2019,9,35,9,45,22,5,2026
IndiGo,Banglore,Delhi,0,175,5,6,2019,18,55,21,50,28,9,2026
Jet Airways,Delhi,Cochin,2,810,27,6,2019,5,30,19,0,28,9,2026
SpiceJet,Kolkata,Banglore,0,150,6,3,2019,17,10,19,40,28,9,2026
Multiple carriers,Delhi,Cochin,1,900,6,6,2019,6,0,21,0,28,9,2026
Vistara,Kolkata,Banglore,1,1555,5,12,2019,7,10,9,5,13,5,2026
Jet Airways,Mumbai,Hyderabad,0,90,27,3,2019,15,50,17,20,28,9,2026
Multiple carriers,Delhi,Cochin,1,470,6,3,2019,11,25,19,15,28,9,2026
IndiGo,Banglore,New Delhi,0,170,15,3,2019,22,20,1,10,16,3,2026
SpiceJet,Kolkata,Banglore,0,140,15,4,2019,22,20,0,40,16,4,2026
Air India,Kolkata,Banglore,2,875,5,1,2019,5,50,20,25,28,9,2026
Jet Airways,Kolkata,Banglore,1,475,18,5,2019,8,25,16,20,28,9,2026
IndiGo,Kolkata,Banglore,1,220,5,12,2019,19,35,23,15,28,9,2026
IndiGo,Banglore,Delhi,0,175,5,12,2019,7,10,10,5,28,9,2026
Air India,Banglore,New Delhi,0,165,24,3,2019,17,0,19,45,28,9,2026
IndiGo,Kolkata,Banglore,0,155,4,6,2019,4,40,7,15,28,9,2026
Multiple carriers,Delhi,Cochin,2,460,6,6,2019,17,50,1,30,6,7,2026
Air India,Delhi,Cochin,0,185,18,4,2019,18,5,21,10,28,9,2026
Jet Airways,Delhi,Cochin,2,1365,21,3,2019,5,40,4,25,22,3,2026
Jet Airways,Kolkata,Banglore,1,665,24,5,2019,21,10,8,15,25,5,2026
SpiceJet,Kolkata,Banglore,0,145,5,3,2019,9,0,11,25,28,9,2026
Air India,Delhi,Cochin,1,965,27,5,2019,17,20,9,25,28,5,2026
Jet Airways,Kolkata,Banglore,1,1730,6,9,2019,9,35,14,25,6,10,2026
Jet Airways,Kolkata,Banglore,1,705,6,9,2019,6,30,18,15,28,9,2026
GoAir,Kolkata,Banglore,0,155,27,6,2019,15,20,17,55,28,9,2026
Jet Airways,Delhi,Cochin,1,535,3,6,2019,9,55,18,50,28,9,2026
IndiGo,Banglore,Delhi,0,170,5,9,2019,23,30,2,20,5,10,2026
Air India,Chennai,Kolkata,0,135,6,9,2019,11,40,13,55,28,9,2026
Vistara,Banglore,Delhi,0,165,21,5,2019,19,30,22,15,28,9,2026
Jet Airways,Delhi,Cochin,1,745,27,5,2019,16,0,4,25,28,5,2026
Jet Airways,Kolkata,Banglore,1,1745,5,12,2019,17,0,22,5,13,5,2026
Jet Airways,Kolkata,Banglore,1,800,6,12,2019,20,25,9,45,13,6,2026
SpiceJet,Banglore,Delhi,0,160,5,9,2019,5,55,8,35,28,9,2026
SpiceJet,Banglore,Delhi,0,170,5,9,2019,9,30,12,20,28,9,2026
Air India,Kolkata,Banglore,2,1700,5,9,2019,9,25,13,45,5,10,2026
Multiple carriers,Delhi,Cochin,1,705,3,6,2019,7,30,19,15,28,9,2026
SpiceJet,Kolkata,Banglore,0,140,15,3,2019,22,20,0,40,16,3,2026
Multiple carriers,Delhi,Cochin,1,725,27,3,2019,8,55,21,0,28,9,2026
Vistara,Banglore,Delhi,0,155,18,4,2019,17,0,19,35,28,9,2026
Air Asia,Banglore,Delhi,0,170,21,5,2019,23,55,2,45,22,5,2026
Multiple carriers,Delhi,Cochin,1,385,6,3,2019,9,45,16,10,28,9,2026
Jet Airways,Kolkata,Banglore,1,690,6,12,2019,9,35,21,5,28,9,2026
Air India,Delhi,Cochin,2,500,21,5,2019,10,55,19,15,28,9,2026
IndiGo,Banglore,Delhi,0,170,5,12,2019,13,0,15,50,28,9,2026
Jet Airways,Kolkata,Banglore,1,1745,5,6,2019,17,0,22,5,5,7,2026
Air India,Delhi,Cochin,1,1335,27,5,2019,21,0,19,15,28,5,2026
IndiGo,Delhi,Cochin,1,295,18,5,2019,5,10,10,5,28,9,2026
Multiple carriers,Delhi,Cochin,1,620,21,3,2019,15,15,1,35,22,3,2026
Jet Airways,Delhi,Cochin,1,1530,6,9,2019,17,30,19,0,6,10,2026
IndiGo,Kolkata,Banglore,0,165,27,5,2019,9,35,12,20,28,9,2026
IndiGo,Delhi,Cochin,1,645,3,3,2019,4,45,15,30,28,9,2026
Multiple carriers,Delhi,Cochin,1,615,6,1,2019,9,0,19,15,28,9,2026
Multiple carriers,Delhi,Cochin,1,450,27,6,2019,18,0,1,30,28,6,2026
Jet Airways,Banglore,New Delhi,1,745,3,1,2019,8,55,21,20,28,9,2026
Jet Airways,Delhi,Cochin,1,1005,5,9,2019,2,15,19,0,28,9,2026
SpiceJet,Kolkata,Banglore,0,145,5,9,2019,9,0,11,25,28,9,2026
IndiGo,Banglore,Delhi,0,170,4,6,2019,8,30,11,20,28,9,2026
Jet Airways,Delhi,Cochin,2,1950,21,3,2019,10,20,18,50,22,3,2026
Vistara,Banglore,Delhi,0,170,27,6,2019,9,45,12,35,28,9,2026
Jet Airways,Delhi,Cochin,2,810,24,6,2019,23,5,12,35,25,6,2026
Jet Airways,Kolkata,Banglore,1,690,5,6,2019,9,35,21,5,28,9,2026
Jet Airways,Delhi,Cochin,1,395,27,3,2019,21,50,4,25,28,3,2026
IndiGo,Kolkata,Banglore,1,265,6,12,2019,19,20,23,45,28,9,2026
Jet Airways,Delhi,Cochin,1,925,27,3,2019,13,0,4,25,28,3,2026
IndiGo,Chennai,Kolkata,0,145,5,9,2019,5,15,7,40,28,9,2026
Vistara,Chennai,Kolkata,0,135,24,3,2019,7,5,9,20,28,9,2026
Jet Airways,Kolkata,Banglore,1,1200,5,9,2019,14,5,10,5,5,10,2026
IndiGo,Delhi,Cochin,1,515,27,4,2019,7,35,16,10,28,9,2026
IndiGo,Delhi,Cochin,0,195,18,5,2019,14,25,17,40,28,9,2026
SpiceJet,Kolkata,Banglore,0,140,15,4,2019,22,20,0,40,16,4,2026
Multiple carriers,Delhi,Cochin,1,690,24,5,2019,7,30,19,0,28,9,2026
Jet Airways,Banglore,New Delhi,1,610,18,3,2019,22,50,9,0,16,3,2026
Jet Airways,Kolkata,Banglore,1,735,6,12,2019,20,0,8,15,13,6,2026
Multiple carriers,Delhi,Cochin,1,585,6,1,2019,9,15,19,0,28,9,2026
Jet Airways,Delhi,Cochin,2,1195,21,5,2019,23,5,19,0,22,5,2026
Multiple carriers,Delhi,Cochin,1,535,6,1,2019,10,20,19,15,28,9,2026
IndiGo,Kolkata,Banglore,0,155,6,6,2019,4,40,7,15,28,9,2026
IndiGo,Mumbai,Hyderabad,0,90,27,3,2019,20,5,21,35,28,9,2026
Air India,Delhi,Cochin,0,170,3,3,2019,5,10,8,0,28,9,2026
Air India,Banglore,New Delhi,1,700,3,3,2019,11,5,22,45,28,9,2026
Jet Airways,Banglore,New Delhi,1,325,15,3,2019,7,0,12,25,28,9,2026
IndiGo,Delhi,Cochin,1,490,6,6,2019,14,20,22,30,28,9,2026
Jet Airways,Kolkata,Banglore,1,1265,6,9,2019,21,10,18,15,6,10,2026
SpiceJet,Delhi,Cochin,1,270,6,3,2019,8,45,13,15,28,9,2026
Jet Airways,Banglore,New Delhi,1,860,3,12,2019,7,0,21,20,28,9,2026
Air India,Delhi,Cochin,2,1410,21,3,2019,19,45,19,15,22,3,2026
IndiGo,Mumbai,Hyderabad,0,90,15,3,2019,2,30,4,0,28,9,2026
Jet Airways,Delhi,Cochin,1,535,3,3,2019,9,55,18,50,28,9,2026
IndiGo,Kolkata,Banglore,1,290,15,5,2019,15,15,20,5,28,9,2026
Jet Airways,Banglore,New Delhi,1,1420,21,3,2019,8,0,7,40,19,3,2026
Jet Airways,Kolkata,Banglore,1,585,24,3,2019,8,25,18,10,28,9,2026
Air Asia,Kolkata,Banglore,1,720,4,1,2019,22,40,10,40,4,2,2026
Jet Airways,Delhi,Cochin,1,1595,6,3,2019,10,0,12,35,6,4,2026
Jet Airways,Mumbai,Hyderabad,0,85,6,12,2019,2,55,4,20,28,9,2026
IndiGo,Delhi,Cochin,0,195,6,6,2019,5,35,8,50,28,9,2026
Vistara,Banglore,New Delhi,0,160,3,9,2019,7,0,9,40,28,9,2026
IndiGo,Banglore,Delhi,0,170,4,12,2019,13,0,15,50,28,9,2026
Multiple carriers,Delhi,Cochin,1,540,27,5,2019,10,0,19,0,28,9,2026
SpiceJet,Kolkata,Banglore,1,435,5,12,2019,11,15,18,30,28,9,2026
Air Asia,Kolkata,Banglore,0,150,18,4,2019,22,50,1,20,19,4,2026
Air India,Mumbai,Hyderabad,0,80,27,5,2019,21,5,22,25,28,9,2026
SpiceJet,Chennai,Kolkata,0,135,6,12,2019,9,45,12,0,28,9,2026
Jet Airways,Delhi,Cochin,1,775,3,9,2019,6,50,19,45,28,9,2026
Air India,Kolkata,Banglore,1,1615,18,5,2019,17,30,20,25,19,5,2026
IndiGo,Kolkata,Banglore,1,315,5,12,2019,21,0,2,15,13,5,2026
Air India,Kolkata,Banglore,2,1385,5,1,2019,9,50,8,55,5,2,2026
Air India,Delhi,Cochin,1,320,27,5,2019,17,40,23,0,28,9,2026
Jet Airways,Delhi,Cochin,1,825,5,6,2019,22,50,12,35,5,7,2026
IndiGo,Delhi,Cochin,1,810,6,6,2019,7,30,21,0,28,9,2026
Jet Airways,Banglore,Delhi,0,175,24,4,2019,15,15,18,10,28,9,2026
Multiple carriers,Delhi,Cochin,1,615,21,5,2019,8,45,19,0,28,9,2026
Air Asia,Banglore,Delhi,0,170,24,4,2019,4,55,7,45,28,9,2026
Multiple carriers,Delhi,Cochin,1,555,6,1,2019,10,0,19,15,28,9,2026
Jet Airways,Delhi,Cochin,1,1005,18,5,2019,2,15,19,0,28,9,2026
Multiple carriers,Delhi,Cochin,1,750,27,5,2019,13,0,1,30,28,5,2026
Jet Airways,Banglore,Delhi,0,175,15,5,2019,15,15,18,10,28,9,2026
Multiple carriers,Delhi,Cochin,1,675,6,3,2019,8,0,19,15,28,9,2026
Multiple carriers,Delhi,Cochin,1,935,21,3,2019,10,0,1,35,22,3,2026
Jet Airways,Delhi,Cochin,1,1280,15,6,2019,7,5,4,25,16,6,2026
SpiceJet,Chennai,Kolkata,0,135,6,9,2019,8,20,10,35,28,9,2026
Multiple carriers,Delhi,Cochin,1,535,27,5,2019,10,20,19,15,28,9,2026
Jet Airways,Kolkata,Banglore,1,330,6,12,2019,6,30,12,0,28,9,2026
IndiGo,Delhi,Cochin,1,480,3,6,2019,7,30,15,30,28,9,2026
SpiceJet,Kolkata,Banglore,0,155,5,9,2019,6,55,9,30,28,9,2026
Air India,Kolkata,Banglore,2,1200,5,9,2019,9,25,5,25,5,10,2026
Jet Airways,Kolkata,Banglore,1,1220,24,3,2019,8,25,4,45,25,3,2026
SpiceJet,Banglore,Delhi,0,175,15,5,2019,21,10,0,5,16,5,2026
SpiceJet,Chennai,Kolkata,0,135,15,6,2019,9,45,12,0,28,9,2026
SpiceJet,Delhi,Cochin,1,270,15,5,2019,8,45,13,15,28,9,2026
Jet Airways,Mumbai,Hyderabad,0,90,24,5,2019,10,20,11,50,28,9,2026
IndiGo,Mumbai,Hyderabad,0,95,6,1,2019,20,5,21,40,28,9,2026
IndiGo,Mumbai,Hyderabad,0,85,21,3,2019,21,20,22,45,28,9,2026
SpiceJet,Chennai,Kolkata,0,140,18,5,2019,17,45,20,5,28,9,2026
Multiple carriers,Delhi,Cochin,1,930,27,6,2019,10,0,1,30,28,6,2026
Multiple carriers,Delhi,Cochin,1,755,3,6,2019,13,0,1,35,3,7,2026
SpiceJet,Banglore,Delhi,0,170,6,3,2019,9,30,12,20,28,9,2026
IndiGo,Kolkata,Banglore,0,155,21,6,2019,4,40,7,15,28,9,2026
GoAir,Delhi,Cochin,1,370,6,1,2019,7,25,13,35,28,9,2026
IndiGo,Delhi,Cochin,1,845,15,6,2019,11,25,1,30,16,6,2026
Air India,Delhi,Cochin,1,765,4,6,2019,20,40,9,25,4,7,2026
IndiGo,Delhi,Cochin,1,315,6,1,2019,7,15,12,30,28,9,2026
Jet Airways,Banglore,Delhi,0,180,5,12,2019,19,50,22,50,28,9,2026
SpiceJet,Mumbai,Hyderabad,0,90,5,9,2019,5,45,7,15,28,9,2026
Jet Airways,Delhi,Cochin,2,910,6,3,2019,21,25,12,35,6,4,2026
IndiGo,Banglore,Delhi,0,170,27,5,2019,22,10,1,0,28,5,2026
Air India,Delhi,Cochin,2,1485,21,3,2019,18,30,19,15,22,3,2026
IndiGo,Mumbai,Hyderabad,0,90,5,9,2019,2,35,4,5,28,9,2026
Multiple carriers,Delhi,Cochin,1,545,27,6,2019,7,5,16,10,28,9,2026
Air India,Kolkata,Banglore,2,875,5,6,2019,5,50,20,25,28,9,2026
Jet Airways,Banglore,Delhi,0,180,24,4,2019,8,20,11,20,28,9,2026
Multiple carriers,Delhi,Cochin,1,690,5,9,2019,7,30,19,0,28,9,2026
SpiceJet,Delhi,Cochin,1,270,4,1,2019,8,45,13,15,28,9,2026
Jet Airways,Delhi,Cochin,1,995,3,3,2019,2,15,18,50,28,9,2026
Air India,Delhi,Cochin,2,1560,6,9,2019,17,15,19,15,6,10,2026
Jet Airways,Kolkata,Banglore,1,1330,5,6,2019,6,30,4,40,5,7,2026
Air India,Delhi,Cochin,1,320,21,5,2019,17,40,23,0,28,9,2026
Jet Airways,Delhi,Cochin,1,1235,6,12,2019,16,0,12,35,13,6,2026
Multiple carriers,Delhi,Cochin,1,620,3,6,2019,15,15,1,35,3,7,2026
IndiGo,Kolkata,Banglore,1,265,15,4,2019,19,20,23,45,28,9,2026
Jet Airways,Kolkata,Banglore,1,1720,6,12,2019,18,55,23,35,13,6,2026
Multiple carriers,Delhi,Cochin,1,600,6,12,2019,9,0,19,0,28,9,2026
Multiple carriers,Delhi,Cochin,1,720,24,6,2019,9,0,21,0,28,9,2026
Jet Airways,Banglore,New Delhi,1,450,18,3,2019,11,40,19,10,28,9,2026
Jet Airways,Kolkata,Banglore,1,345,24,3,2019,13,55,19,40,28,9,2026
Air India,Kolkata,Banglore,2,1390,18,5,2019,12,0,11,10,19,5,2026
Jet Airways,Kolkata,Banglore,1,520,5,9,2019,20,0,4,40,5,10,2026
Jet Airways,Kolkata,Banglore,1,1155,5,1,2019,14,5,9,20,5,2,2026
Jet Airways,Delhi,Cochin,1,1145,24,6,2019,17,30,12,35,25,6,2026
Air India,Kolkata,Banglore,2,1700,6,9,2019,9,25,13,45,6,10,2026
Multiple carriers,Delhi,Cochin,1,575,3,3,2019,16,0,1,35,3,4,2026
Air India,Delhi,Cochin,2,1580,5,9,2019,16,55,19,15,5,10,2026
Air India,Chennai,Kolkata,0,135,27,3,2019,11,40,13,55,28,9,2026
Jet Airways,Mumbai,Hyderabad,0,90,18,3,2019,10,20,11,50,28,9,2026
IndiGo,Chennai,Kolkata,0,145,6,9,2019,5,15,7,40,28,9,2026
SpiceJet,Mumbai,Hyderabad,0,90,24,6,2019,13,15,14,45,28,9,2026
Multiple carriers,Delhi,Cochin,1,795,3,3,2019,2,15,15,30,28,9,2026
Air India,Kolkata,Banglore,2,1320,21,5,2019,14,30,12,30,22,5,2026
Vistara,Kolkata,Banglore,1,700,24,5,2019,7,10,18,50,28,9,2026
SpiceJet,Banglore,Delhi,0,160,4,6,2019,5,55,8,35,28,9,2026
Jet Airways,Kolkata,Banglore,1,395,5,6,2019,17,0,23,35,28,9,2026
SpiceJet,Mumbai,Hyderabad,0,90,5,3,2019,13,15,14,45,28,9,2026
Air India,Kolkata,Banglore,1,1350,5,9,2019,9,25,7,55,5,10,2026
Jet Airways,Kolkata,Banglore,1,1730,5,12,2019,9,35,14,25,13,5,2026
Multiple carriers,Delhi,Cochin,1,910,6,1,2019,3,50,19,0,28,9,2026
IndiGo,Delhi,Cochin,1,320,3,6,2019,2,5,7,25,28,9,2026
Air Asia,Delhi,Cochin,1,625,6,1,2019,20,45,7,10,6,2,2026
Multiple carriers,Delhi,Cochin,1,450,27,5,2019,18,0,1,30,28,5,2026
Jet Airways,Banglore,New Delhi,1,305,3,1,2019,14,5,19,10,28,9,2026
Air Asia,Banglore,Delhi,0,170,18,6,2019,23,55,2,45,19,6,2026
IndiGo,Kolkata,Banglore,0,155,15,6,2019,22,15,0,50,16,6,2026
Jet Airways,Banglore,New Delhi,1,450,3,6,2019,5,45,13,15,28,9,2026
Jet Airways,Delhi,Cochin,1,1355,4,3,2019,14,0,12,35,4,4,2026
Jet Airways,Delhi,Cochin,1,335,4,9,2019,22,50,4,25,4,10,2026
Multiple carriers,Delhi,Cochin,1,720,6,9,2019,9,0,21,0,28,9,2026
Jet Airways,Banglore,New Delhi,1,890,3,1,2019,18,40,9,30,3,2,2026
IndiGo,Banglore,New Delhi,0,165,21,3,2019,0,40,3,25,28,9,2026
Multiple carriers,Delhi,Cochin,1,600,15,6,2019,9,15,19,15,28,9,2026
Air India,Delhi,Cochin,1,555,6,1,2019,10,0,19,15,28,9,2026
Jet Airways,Delhi,Cochin,1,330,27,6,2019,7,5,12,35,28,9,2026
Jet Airways,Kolkata,Banglore,1,800,24,5,2019,6,30,19,50,28,9,2026
Jet Airways,Kolkata,Banglore,1,685,6,6,2019,8,25,19,50,28,9,2026
Air India,Kolkata,Banglore,2,1830,21,5,2019,12,0,18,30,22,5,2026
Air India,Mumbai,Hyderabad,0,80,24,3,2019,6,20,7,40,28,9,2026
Air Asia,Kolkata,Banglore,0,150,18,5,2019,22,50,1,20,19,5,2026
Jet Airways,Kolkata,Banglore,1,1145,24,3,2019,16,55,12,0,25,3,2026
Air India,Kolkata,Banglore,0,150,18,3,2019,14,15,16,45,28,9,2026
Jet Airways,Delhi,Cochin,2,425,6,9,2019,5,30,12,35,28,9,2026
Jet Airways,Banglore,Delhi,0,180,21,4,2019,7,10,10,10,28,9,2026
Jet Airways,Kolkata,Banglore,1,1480,5,6,2019,20,25,21,5,5,7,2026
Air India,Banglore,New Delhi,2,2420,3,3,2019,5,50,22,10,3,7,2026
Jet Airways,Mumbai,Hyderabad,0,90,15,3,2019,10,20,11,50,28,9,2026
Air Asia,Banglore,Delhi,0,165,18,5,2019,11,10,13,55,28,9,2026
Jet Airways,Delhi,Cochin,2,1375,24,6,2019,5,30,4,25,25,6,2026
IndiGo,Mumbai,Hyderabad,0,90,6,9,2019,6,25,7,55,28,9,2026
Air India,Kolkata,Banglore,2,1045,6,6,2019,5,50,23,15,28,9,2026
Multiple carriers,Delhi,Cochin,1,480,27,5,2019,13,0,21,0,28,9,2026
Jet Airways,Kolkata,Banglore,1,635,18,5,2019,5,45,16,20,28,9,2026
IndiGo,Chennai,Kolkata,0,140,5,3,2019,19,35,21,55,28,9,2026
Jet Airways,Kolkata,Banglore,1,345,21,5,2019,14,5,19,50,28,9,2026
Multiple carriers,Delhi,Cochin,1,615,27,5,2019,9,0,19,15,28,9,2026
IndiGo,Delhi,Cochin,0,195,18,4,2019,14,20,17,35,28,9,2026
Air India,Delhi,Cochin,1,965,4,6,2019,17,20,9,25,4,7,2026
Jet Airways,Mumbai,Hyderabad,0,85,4,1,2019,7,5,8,30,28,9,2026
Jet Airways,Kolkata,Banglore,1,1730,21,5,2019,9,35,14,25,22,5,2026
IndiGo,Mumbai,Hyderabad,0,90,5,12,2019,16,55,18,25,28,9,2026
IndiGo,Kolkata,Banglore,0,150,27,5,2019,15,15,17,45,28,9,2026
IndiGo,Kolkata,Banglore,0,160,27,3,2019,21,25,0,5,28,3,2026
Jet Airways,Delhi,Cochin,1,1530,27,5,2019,17,30,19,0,28,5,2026
IndiGo,Delhi,Cochin,1,570,6,12,2019,16,0,1,30,13,6,2026
Jet Airways,Banglore,New Delhi,1,1400,3,6,2019,8,55,8,15,3,7,2026
Multiple carriers,Delhi,Cochin,1,470,21,5,2019,11,25,19,15,28,9,2026
IndiGo,Banglore,Delhi,0,180,15,5,2019,21,15,0,15,16,5,2026
SpiceJet,Banglore,Delhi,0,170,21,5,2019,9,30,12,20,28,9,2026
IndiGo,Banglore,Delhi,0,175,6,12,2019,7,10,10,5,28,9,2026
Air India,Banglore,New Delhi,0,165,3,3,2019,21,10,23,55,28,9,2026
Air India,Delhi,Cochin,2,1560,6,1,2019,17,15,19,15,6,2,2026
GoAir,Delhi,Cochin,1,355,27,5,2019,7,0,12,55,28,9,2026
Vistara,Banglore,New Delhi,0,160,24,3,2019,11,30,14,10,28,9,2026
Air India,Delhi,Cochin,1,320,18,5,2019,17,40,23,0,28,9,2026
SpiceJet,Mumbai,Hyderabad,0,90,6,9,2019,5,45,7,15,28,9,2026
Jet Airways,Banglore,Delhi,0,185,6,12,2019,18,55,22,0,28,9,2026
IndiGo,Mumbai,Hyderabad,0,95,4,1,2019,20,5,21,40,28,9,2026
SpiceJet,Kolkata,Banglore,0,140,6,6,2019,22,20,0,40,6,7,2026
Air Asia,Kolkata,Banglore,1,710,24,5,2019,7,35,19,25,28,9,2026
SpiceJet,Chennai,Kolkata,0,135,6,3,2019,8,20,10,35,28,9,2026
Jet Airways,Delhi,Cochin,1,1235,6,3,2019,16,0,12,35,6,4,2026
Jet Airways,Banglore,New Delhi,1,305,21,3,2019,14,5,19,10,28,9,2026
Jet Airways,Kolkata,Banglore,1,775,4,1,2019,21,10,10,5,4,2,2026
SpiceJet,Banglore,Delhi,0,175,6,1,2019,21,10,0,5,6,2,2026
Jet Airways,Banglore,New Delhi,1,470,15,3,2019,16,55,0,45,13,3,2026
IndiGo,Delhi,Cochin,1,305,21,3,2019,20,30,1,35,22,3,2026
Jet Airways,Banglore,New Delhi,1,640,18,3,2019,22,50,9,30,16,3,2026
Jet Airways,Banglore,Delhi,0,180,27,6,2019,17,45,20,45,28,9,2026
SpiceJet,Kolkata,Banglore,0,145,18,4,2019,9,0,11,25,28,9,2026
Jet Airways,Kolkata,Banglore,1,745,24,3,2019,19,45,8,10,25,3,2026
IndiGo,Delhi,Cochin,1,305,4,1,2019,20,25,1,30,4,2,2026
Jet Airways,Delhi,Cochin,2,1620,15,6,2019,9,35,12,35,16,6,2026
Air Asia,Kolkata,Banglore,1,220,5,12,2019,6,50,10,30,28,9,2026
GoAir,Banglore,New Delhi,0,175,3,3,2019,7,45,10,40,28,9,2026
GoAir,Delhi,Cochin,1,355,4,9,2019,7,25,13,20,28,9,2026
Air India,Delhi,Cochin,0,180,15,3,2019,14,10,17,10,28,9,2026
Air India,Mumbai,Hyderabad,0,75,6,6,2019,19,30,20,45,28,9,2026
SpiceJet,Kolkata,Banglore,0,150,18,5,2019,14,55,17,25,28,9,2026
SpiceJet,Delhi,Cochin,1,310,27,3,2019,6,10,11,20,28,9,2026
SpiceJet,Delhi,Cochin,1,315,21,5,2019,6,5,11,20,28,9,2026
Jet Airways,Delhi,Cochin,1,450,6,9,2019,11,30,19,0,28,9,2026
Jet Airways,Kolkata,Banglore,1,945,4,1,2019,16,30,8,15,4,2,2026
Multiple carriers,Delhi,Cochin,1,780,15,5,2019,8,0,21,0,28,9,2026
IndiGo,Chennai,Kolkata,0,145,24,3,2019,11,35,14,0,28,9,2026
SpiceJet,Banglore,Delhi,0,170,6,12,2019,9,30,12,20,28,9,2026
IndiGo,Banglore,Delhi,0,170,27,5,2019,23,30,2,20,28,5,2026
Jet Airways,Delhi,Cochin,2,1420,21,3,2019,19,10,18,50,22,3,2026
Vistara,Kolkata,Banglore,1,695,24,3,2019,7,10,18,45,28,9,2026
Jet Airways,Kolkata,Banglore,1,1285,15,5,2019,18,55,16,20,16,5,2026
Jet Airways,Kolkata,Banglore,1,1365,5,1,2019,20,25,19,10,5,2,2026
IndiGo,Kolkata,Banglore,0,150,24,4,2019,15,15,17,45,28,9,2026
Jet Airways,Delhi,Cochin,1,1485,24,6,2019,18,15,19,0,25,6,2026
Jet Airways,Kolkata,Banglore,1,365,4,1,2019,16,30,22,35,28,9,2026
IndiGo,Delhi,Cochin,1,310,21,5,2019,17,5,22,15,28,9,2026
SpiceJet,Kolkata,Banglore,0,145,27,6,2019,9,0,11,25,28,9,2026
Jet Airways,Delhi,Cochin,1,1165,3,6,2019,9,0,4,25,3,7,2026
IndiGo,Banglore,Delhi,0,175,27,6,2019,18,55,21,50,28,9,2026
SpiceJet,Kolkata,Banglore,0,140,24,5,2019,22,20,0,40,25,5,2026
IndiGo,Banglore,Delhi,0,170,18,6,2019,0,25,3,15,28,9,2026
Multiple carriers,Delhi,Cochin,1,455,6,6,2019,11,40,19,15,28,9,2026
Multiple carriers,Delhi,Cochin,1,540,3,6,2019,7,10,16,10,28,9,2026
IndiGo,Delhi,Cochin,0,195,24,6,2019,5,35,8,50,28,9,2026
Jet Airways,Delhi,Cochin,2,440,6,12,2019,11,40,19,0,28,9,2026
IndiGo,Banglore,Delhi,0,175,6,6,2019,7,10,10,5,28,9,2026
Air India,Mumbai,Hyderabad,0,75,5,12,2019,19,30,20,45,28,9,2026
Jet Airways,Delhi,Cochin,2,1995,21,3,2019,19,10,4,25,23,3,2026
Multiple carriers,Delhi,Cochin,1,390,21,3,2019,9,0,15,30,28,9,2026
IndiGo,Kolkata,Banglore,0,155,27,4,2019,4,40,7,15,28,9,2026
Multiple carriers,Delhi,Cochin,1,465,24,5,2019,17,45,1,30,25,5,2026
Jet Airways,Delhi,Cochin,1,1415,3,9,2019,19,15,18,50,3,10,2026
Air Asia,Kolkata,Banglore,0,150,24,3,2019,22,50,1,20,25,3,2026
Jet Airways,Banglore,New Delhi,1,325,18,3,2019,7,0,12,25,28,9,2026
Jet Airways,Delhi,Cochin,1,825,15,6,2019,22,50,12,35,16,6,2026
IndiGo,Mumbai,Hyderabad,0,90,5,9,2019,16,55,18,25,28,9,2026
Multiple carriers,Delhi,Cochin,1,570,6,12,2019,16,0,1,30,13,6,2026
SpiceJet,Chennai,Kolkata,0,140,21,6,2019,17,45,20,5,28,9,2026
IndiGo,Delhi,Cochin,1,515,21,3,2019,4,45,13,20,28,9,2026
Air India,Banglore,Delhi,0,165,15,6,2019,17,0,19,45,28,9,2026
Multiple carriers,Delhi,Cochin,1,390,3,6,2019,9,0,15,30,28,9,2026
IndiGo,Mumbai,Hyderabad,0,90,24,3,2019,2,30,4,0,28,9,2026
Jet Airways,Delhi,Cochin,1,1685,3,9,2019,0,20,4,25,3,10,2026
Jet Airways,Kolkata,Banglore,1,1730,5,9,2019,9,35,14,25,5,10,2026
Air India,Chennai,Kolkata,0,135,3,3,2019,11,40,13,55,28,9,2026
Air India,Delhi,Cochin,2,970,27,3,2019,17,15,9,25,28,3,2026
IndiGo,Delhi,Cochin,1,895,6,12,2019,10,35,1,30,13,6,2026
IndiGo,Delhi,Cochin,1,985,3,3,2019,9,10,1,35,3,4,2026
Multiple carriers,Delhi,Cochin,1,630,6,3,2019,8,30,19,0,28,9,2026
IndiGo,Chennai,Kolkata,0,140,5,12,2019,14,45,17,5,28,9,2026
Jet Airways,Kolkata,Banglore,1,475,21,5,2019,8,25,16,20,28,9,2026
IndiGo,Delhi,Cochin,1,895,6,12,2019,7,35,22,30,28,9,2026
GoAir,Delhi,Cochin,1,310,27,3,2019,14,10,19,20,28,9,2026
Jet Airways,Delhi,Cochin,1,335,6,6,2019,22,50,4,25,6,7,2026
Air India,Delhi,Cochin,2,2295,3,9,2019,5,0,19,15,3,10,2026
Air India,Delhi,Cochin,1,1010,15,6,2019,6,10,23,0,28,9,2026
Multiple carriers,Delhi,Cochin,1,465,6,6,2019,17,45,1,30,6,7,2026
Vistara,Chennai,Kolkata,0,140,6,6,2019,17,45,20,5,28,9,2026
Multiple carriers,Delhi,Cochin,3,835,6,12,2019,11,35,1,30,13,6,2026
Air India,Delhi,Cochin,2,1470,18,5,2019,18,45,19,15,19,5,2026
SpiceJet,Chennai,Kolkata,0,155,18,3,2019,9,30,12,5,28,9,2026
Air India,Banglore,New Delhi,1,240,15,3,2019,8,15,12,15,28,9,2026
Air India,Delhi,Cochin,2,1210,6,3,2019,13,15,9,25,6,4,2026
Multiple carriers,Delhi,Cochin,1,750,15,6,2019,13,0,1,30,16,6,2026
IndiGo,Banglore,Delhi,0,175,18,5,2019,18,55,21,50,28,9,2026
Jet Airways,Banglore,New Delhi,1,1290,3,6,2019,22,50,20,20,3,7,2026
Multiple carriers,Delhi,Cochin,1,930,6,9,2019,10,0,1,30,6,10,2026
Air India,Kolkata,Banglore,2,1165,5,6,2019,10,0,5,25,5,7,2026
Air India,Delhi,Cochin,1,765,5,1,2019,20,40,9,25,5,2,2026
Jet Airways,Banglore,New Delhi,1,565,18,3,2019,22,50,8,15,16,3,2026
GoAir,Delhi,Cochin,1,355,4,3,2019,7,0,12,55,28,9,2026
IndiGo,Kolkata,Banglore,0,165,27,3,2019,9,35,12,20,28,9,2026
IndiGo,Kolkata,Banglore,0,150,5,6,2019,15,15,17,45,28,9,2026
Jet Airways,Kolkata,Banglore,1,1630,18,5,2019,20,25,23,35,19,5,2026
IndiGo,Banglore,Delhi,0,170,24,5,2019,4,0,6,50,28,9,2026
Multiple carriers,Delhi,Cochin,1,440,18,5,2019,11,40,19,0,28,9,2026
IndiGo,Kolkata,Banglore,0,165,15,3,2019,9,35,12,20,28,9,2026
GoAir,Delhi,Cochin,1,370,5,9,2019,7,25,13,35,28,9,2026
Air India,Delhi,Cochin,1,965,6,12,2019,17,20,9,25,13,6,2026
Jet Airways,Banglore,Delhi,0,175,27,6,2019,15,15,18,10,28,9,2026
Multiple carriers,Delhi,Cochin,1,780,18,5,2019,8,0,21,0,28,9,2026
Air India,Banglore,Delhi,0,170,4,6,2019,13,20,16,10,28,9,2026
Air India,Kolkata,Banglore,1,965,21,5,2019,19,0,11,5,22,5,2026
Air India,Delhi,Cochin,0,185,6,9,2019,18,5,21,10,28,9,2026
IndiGo,Delhi,Cochin,1,275,21,4,2019,7,35,12,10,28,9,2026
IndiGo,Banglore,Delhi,0,175,24,4,2019,0,30,3,25,28,9,2026
SpiceJet,Banglore,New Delhi,0,170,15,3,2019,5,45,8,35,28,9,2026
SpiceJet,Kolkata,Banglore,0,140,3,3,2019,22,20,0,40,3,4,2026
IndiGo,Banglore,Delhi,0,170,21,5,2019,20,0,22,50,28,9,2026
IndiGo,Banglore,Delhi,0,170,6,6,2019,13,0,15,50,28,9,2026
SpiceJet,Chennai,Kolkata,0,135,24,5,2019,9,45,12,0,28,9,2026
Air India,Delhi,Cochin,2,1560,27,6,2019,17,15,19,15,28,6,2026
IndiGo,Kolkata,Banglore,1,315,6,12,2019,21,0,2,15,13,6,2026
Multiple carriers,Delhi,Cochin,1,705,5,9,2019,7,30,19,15,28,9,2026
Air India,Delhi,Cochin,1,1590,27,3,2019,20,30,23,0,28,3,2026
IndiGo,Banglore,Delhi,0,170,18,4,2019,13,0,15,50,28,9,2026
Air India,Delhi,Cochin,2,1595,3,3,2019,16,40,19,15,3,4,2026
IndiGo,Delhi,Cochin,1,515,6,9,2019,7,35,16,10,28,9,2026
Air India,Kolkata,Banglore,1,625,21,5,2019,10,0,20,25,28,9,2026
IndiGo,Chennai,Kolkata,0,140,6,3,2019,14,45,17,5,28,9,2026
SpiceJet,Delhi,Cochin,1,380,21,4,2019,15,45,22,5,28,9,2026
GoAir,Delhi,Cochin,1,310,15,5,2019,14,25,19,35,28,9,2026
Air India,Delhi,Cochin,1,375,21,3,2019,13,0,19,15,28,9,2026
Jet Airways,Kolkata,Banglore,1,435,24,5,2019,10,20,17,35,28,9,2026
Jet Airways,Kolkata,Banglore,1,750,5,1,2019,9,35,22,5,28,9,2026
SpiceJet,Kolkata,Banglore,0,155,6,1,2019,6,55,9,30,28,9,2026
Air India,Kolkata,Banglore,2,1210,21,5,2019,9,25,5,35,22,5,2026
Jet Airways,Kolkata,Banglore,1,1500,21,5,2019,17,0,18,0,22,5,2026
Jet Airways,Banglore,Delhi,0,175,5,3,2019,11,10,14,5,28,9,2026
Jet Airways,Delhi,Cochin,2,1760,24,5,2019,23,5,4,25,26,5,2026
IndiGo,Kolkata,Banglore,0,150,21,5,2019,14,25,16,55,28,9,2026
Jet Airways,Banglore,Delhi,0,180,27,4,2019,8,20,11,20,28,9,2026
Air India,Kolkata,Banglore,2,610,18,5,2019,8,20,18,30,28,9,2026
Jet Airways,Kolkata,Banglore,1,1400,6,12,2019,18,55,18,15,13,6,2026
Jet Airways,Kolkata,Banglore,1,330,5,9,2019,6,30,12,0,28,9,2026
Vistara,Chennai,Kolkata,0,140,6,3,2019,17,45,20,5,28,9,2026
Air India,Delhi,Cochin,2,1595,21,3,2019,16,40,19,15,22,3,2026
Jet Airways,Kolkata,Banglore,1,735,15,5,2019,20,0,8,15,16,5,2026
Jet Airways,Delhi,Cochin,2,830,24,6,2019,14,35,4,25,25,6,2026
Jet Airways,Delhi,Cochin,1,655,6,6,2019,17,30,4,25,6,7,2026
IndiGo,Kolkata,Banglore,1,220,24,5,2019,19,35,23,15,28,9,2026
Jet Airways,Delhi,Cochin,1,350,21,3,2019,13,0,18,50,28,9,2026
IndiGo,Banglore,Delhi,0,175,18,5,2019,7,10,10,5,28,9,2026
IndiGo,Mumbai,Hyderabad,0,90,24,3,2019,20,5,21,35,28,9,2026
Jet Airways,Delhi,Cochin,0,195,6,3,2019,11,0,14,15,28,9,2026
SpiceJet,Kolkata,Banglore,0,145,4,6,2019,9,0,11,25,28,9,2026
IndiGo,Mumbai,Hyderabad,0,85,21,3,2019,19,5,20,30,28,9,2026
Jet Airways,Kolkata,Banglore,1,800,6,9,2019,20,0,9,20,6,10,2026
SpiceJet,Mumbai,Hyderabad,0,90,18,6,2019,13,15,14,45,28,9,2026
Jet Airways,Kolkata,Banglore,1,450,24,5,2019,21,10,4,40,25,5,2026
Multiple carriers,Delhi,Cochin,1,555,15,6,2019,13,15,22,30,28,9,2026
Jet Airways,Delhi,Cochin,1,1415,27,6,2019,13,0,12,35,28,6,2026
SpiceJet,Mumbai,Hyderabad,0,90,27,5,2019,22,45,0,15,28,5,2026
Multiple carriers,Delhi,Cochin,1,555,6,12,2019,10,0,19,15,28,9,2026
Jet Airways,Banglore,New Delhi,0,175,24,3,2019,11,10,14,5,28,9,2026
Jet Airways,Kolkata,Banglore,1,475,6,9,2019,8,25,16,20,28,9,2026
Multiple carriers,Delhi,Cochin,1,455,27,6,2019,14,55,22,30,28,9,2026
Jet Airways,Kolkata,Banglore,1,1315,5,6,2019,14,5,12,0,5,7,2026
Air India,Delhi,Cochin,1,555,6,3,2019,10,0,19,15,28,9,2026
Vistara,Kolkata,Banglore,1,1580,21,5,2019,20,20,22,40,22,5,2026
Jet Airways,Kolkata,Banglore,1,1730,24,5,2019,9,35,14,25,25,5,2026
Jet Airways,Delhi,Cochin,0,195,21,5,2019,9,50,13,5,28,9,2026
Jet Airways,Kolkata,Banglore,1,1525,24,3,2019,21,10,22,35,25,3,2026
Multiple carriers,Delhi,Cochin,1,535,15,6,2019,10,20,19,15,28,9,2026
Multiple carriers,Delhi,Cochin,1,720,21,3,2019,9,0,21,0,28,9,2026
Jet Airways,Delhi,Cochin,2,1375,6,12,2019,5,30,4,25,13,6,2026
Air India,Delhi,Cochin,1,735,6,3,2019,7,0,19,15,28,9,2026
IndiGo,Chennai,Kolkata,0,145,24,5,2019,5,15,7,40,28,9,2026
IndiGo,Chennai,Kolkata,0,140,3,9,2019,5,15,7,35,28,9,2026
Jet Airways,Kolkata,Banglore,1,505,6,9,2019,9,35,18,0,28,9,2026
Multiple carriers,Delhi,Cochin,1,910,3,3,2019,7,10,22,20,28,9,2026
Jet Airways,Mumbai,Hyderabad,0,85,21,5,2019,7,5,8,30,28,9,2026
Jet Airways,Kolkata,Banglore,1,450,6,12,2019,21,10,4,40,13,6,2026
Air India,Chennai,Kolkata,0,135,21,5,2019,11,40,13,55,28,9,2026
IndiGo,Kolkata,Banglore,0,160,5,6,2019,21,25,0,5,5,7,2026
Multiple carriers,Delhi,Cochin,1,615,27,5,2019,9,0,19,15,28,9,2026
Jet Airways,Delhi,Cochin,1,350,3,6,2019,13,0,18,50,28,9,2026
Jet Airways,Delhi,Cochin,1,330,15,6,2019,7,5,12,35,28,9,2026
Jet Airways,Banglore,Delhi,0,180,15,4,2019,17,45,20,45,28,9,2026
Multiple carriers,Delhi,Cochin,1,465,3,6,2019,14,35,22,20,28,9,2026
SpiceJet,Mumbai,Hyderabad,0,80,21,3,2019,5,45,7,5,28,9,2026
Jet Airways,Delhi,Cochin,2,830,6,9,2019,14,35,4,25,6,10,2026
Air India,Delhi,Cochin,0,230,21,5,2019,14,5,17,55,28,9,2026
Multiple carriers,Delhi,Cochin,2,850,21,3,2019,7,10,21,20,28,9,2026
Air India,Kolkata,Banglore,1,905,24,5,2019,16,50,7,55,25,5,2026
IndiGo,Mumbai,Hyderabad,0,85,18,3,2019,19,5,20,30,28,9,2026
Air India,Delhi,Cochin,1,1125,27,3,2019,13,30,8,15,28,3,2026
Jet Airways,Banglore,New Delhi,1,1235,15,3,2019,11,40,8,15,16,3,2026
Air India,Delhi,Cochin,2,2170,3,6,2019,7,5,19,15,3,7,2026
Jet Airways,Delhi,Cochin,1,335,27,6,2019,22,50,4,25,28,6,2026
Jet Airways,Delhi,Cochin,2,2135,3,6,2019,16,50,4,25,3,8,2026
Jet Airways,Delhi,Cochin,1,715,21,5,2019,7,5,19,0,28,9,2026
IndiGo,Delhi,Cochin,1,325,21,4,2019,2,0,7,25,28,9,2026
Jet Airways,Delhi,Cochin,1,650,27,3,2019,8,0,18,50,28,9,2026
Jet Airways,Banglore,New Delhi,0,160,3,1,2019,19,55,22,35,28,9,2026
Jet Airways,Delhi,Cochin,1,1570,15,6,2019,2,15,4,25,16,6,2026
Jet Airways,Delhi,Cochin,1,1325,6,9,2019,20,55,19,0,6,10,2026
Multiple carriers,Delhi,Cochin,1,480,21,3,2019,13,0,21,0,28,9,2026
IndiGo,Delhi,Cochin,1,340,21,5,2019,15,10,20,50,28,9,2026
Jet Airways,Kolkata,Banglore,1,1595,18,5,2019,20,0,22,35,19,5,2026
SpiceJet,Kolkata,Banglore,0,150,18,5,2019,17,10,19,40,28,9,2026
Air India,Mumbai,Hyderabad,0,80,18,3,2019,21,5,22,25,28,9,2026
Jet Airways,Delhi,Cochin,1,1505,6,9,2019,11,30,12,35,6,10,2026
IndiGo,Kolkata,Banglore,0,150,27,5,2019,14,25,16,55,28,9,2026
IndiGo,Delhi,Cochin,1,425,21,3,2019,8,25,15,30,28,9,2026
Multiple carriers,Delhi,Cochin,1,480,27,5,2019,17,30,1,30,28,5,2026
Jet Airways,Kolkata,Banglore,1,705,5,9,2019,6,30,18,15,28,9,2026
Jet Airways,Kolkata,Banglore,1,450,4,1,2019,21,10,4,40,4,2,2026
IndiGo,Kolkata,Banglore,1,240,6,6,2019,6,20,10,20,28,9,2026
Air India,Kolkata,Banglore,2,445,24,5,2019,5,50,13,15,28,9,2026
Jet Airways,Delhi,Cochin,1,620,21,5,2019,2,15,12,35,28,9,2026
IndiGo,Chennai,Kolkata,0,140,24,3,2019,22,5,0,25,25,3,2026
Jet Airways,Delhi,Cochin,1,600,21,5,2019,9,0,19,0,28,9,2026
Jet Airways,Kolkata,Banglore,1,330,5,1,2019,6,30,12,0,28,9,2026
Jet Airways,Delhi,Cochin,2,425,5,9,2019,5,30,12,35,28,9,2026
Vistara,Chennai,Kolkata,0,140,6,12,2019,17,45,20,5,28,9,2026
IndiGo,Banglore,Delhi,0,175,18,4,2019,18,25,21,20,28,9,2026
Jet Airways,Delhi,Cochin,1,335,6,1,2019,22,50,4,25,6,2,2026
Vistara,Banglore,New Delhi,0,165,3,9,2019,9,50,12,35,28,9,2026
Multiple carriers,Delhi,Cochin,1,450,6,6,2019,18,0,1,30,6,7,2026
Jet Airways,Delhi,Cochin,1,540,5,9,2019,10,0,19,0,28,9,2026
Vistara,Banglore,Delhi,0,160,4,12,2019,7,0,9,40,28,9,2026
Jet Airways,Banglore,New Delhi,1,435,18,3,2019,14,5,21,20,28,9,2026
IndiGo,Delhi,Cochin,1,570,5,9,2019,16,0,1,30,5,10,2026
Jet Airways,Banglore,New Delhi,1,695,18,3,2019,21,25,9,0,16,3,2026
GoAir,Banglore,Delhi,0,170,4,12,2019,11,40,14,30,28,9,2026
Multiple carriers,Delhi,Cochin,1,390,6,1,2019,19,0,1,30,6,2,2026
Multiple carriers,Delhi,Cochin,1,490,6,6,2019,12,50,21,0,28,9,2026
Jet Airways,Delhi,Cochin,1,1270,6,6,2019,21,50,19,0,6,7,2026
Jet Airways,Banglore,New Delhi,1,520,18,3,2019,11,40,20,20,28,9,2026
IndiGo,Delhi,Cochin,1,380,6,1,2019,16,10,22,30,28,9,2026
Air Asia,Delhi,Cochin,1,870,6,1,2019,7,55,22,25,28,9,2026
Jet Airways,Kolkata,Banglore,1,450,4,1,2019,21,10,4,40,4,2,2026
Jet Airways,Delhi,Cochin,1,715,6,12,2019,7,5,19,0,28,9,2026
Jet Airways,Kolkata,Banglore,1,435,5,9,2019,10,20,17,35,28,9,2026
Jet Airways,Delhi,Cochin,1,300,6,6,2019,14,0,19,0,28,9,2026
IndiGo,Delhi,Cochin,1,300,4,3,2019,10,35,15,35,28,9,2026
Air India,Kolkata,Banglore,1,965,4,9,2019,19,0,11,5,4,10,2026
Jet Airways,Banglore,Delhi,0,180,5,3,2019,8,20,11,20,28,9,2026
IndiGo,Banglore,New Delhi,0,170,3,3,2019,13,0,15,50,28,9,2026
SpiceJet,Delhi,Cochin,1,315,6,1,2019,6,5,11,20,28,9,2026
Jet Airways,Banglore,New Delhi,1,1365,21,3,2019,8,55,7,40,19,3,2026
Multiple carriers,Delhi,Cochin,1,760,5,9,2019,12,50,1,30,5,10,2026
Air India,Delhi,Cochin,0,185,18,6,2019,18,5,21,10,28,9,2026
Air India,Banglore,New Delhi,1,855,3,3,2019,9,30,23,45,28,9,2026
IndiGo,Banglore,Delhi,0,175,21,4,2019,0,30,3,25,28,9,2026
Air Asia,Delhi,Cochin,1,865,27,3,2019,16,45,7,10,28,3,2026
Multiple carriers,Delhi,Cochin,1,705,6,6,2019,7,30,19,15,28,9,2026
SpiceJet,Kolkata,Banglore,0,145,24,4,2019,9,0,11,25,28,9,2026
Jet Airways,Delhi,Cochin,2,810,5,9,2019,5,30,19,0,28,9,2026
Jet Airways,Banglore,New Delhi,1,800,3,9,2019,8,0,21,20,28,9,2026
Air India,Delhi,Cochin,2,1560,6,6,2019,17,15,19,15,6,7,2026
Jet Airways,Mumbai,Hyderabad,2,605,3,12,2019,6,30,16,35,28,9,2026
Vistara,Delhi,Cochin,0,190,6,1,2019,6,0,9,10,28,9,2026
Multiple carriers,Delhi,Cochin,1,565,6,12,2019,13,5,22,30,28,9,2026
Air India,Delhi,Cochin,1,615,21,3,2019,9,0,19,15,28,9,2026
SpiceJet,Mumbai,Hyderabad,0,90,18,5,2019,22,45,0,15,19,5,2026
Multiple carriers,Delhi,Cochin,1,570,3,6,2019,11,30,21,0,28,9,2026
Jet Airways,Delhi,Cochin,2,1525,24,6,2019,17,35,19,0,25,6,2026
Air India,Mumbai,Hyderabad,0,90,27,6,2019,13,55,15,25,28,9,2026
Jet Airways,Delhi,Cochin,1,805,21,3,2019,15,0,4,25,22,3,2026
Air India,Banglore,New Delhi,1,1490,21,3,2019,10,30,11,20,19,3,2026
Multiple carriers,Delhi,Cochin,1,700,3,6,2019,13,55,1,35,3,7,2026
IndiGo,Chennai,Kolkata,0,145,5,12,2019,5,15,7,40,28,9,2026
Multiple carriers,Delhi,Cochin,1,460,15,6,2019,4,55,12,35,28,9,2026
SpiceJet,Kolkata,Banglore,0,140,15,5,2019,22,20,0,40,16,5,2026
Jet Airways,Kolkata,Banglore,1,1365,5,1,2019,20,25,19,10,5,2,2026
Air India,Banglore,Delhi,0,170,6,12,2019,13,20,16,10,28,9,2026
Jet Airways,Banglore,Delhi,0,180,24,6,2019,19,50,22,50,28,9,2026
Air India,Delhi,Cochin,1,965,27,6,2019,17,20,9,25,28,6,2026
Jet Airways,Delhi,Cochin,2,1615,6,1,2019,9,40,12,35,6,2,2026
Air India,Kolkata,Banglore,1,545,5,12,2019,9,25,18,30,28,9,2026
Multiple carriers,Delhi,Cochin,1,520,15,6,2019,10,35,19,15,28,9,2026
Air India,Banglore,New Delhi,3,1620,3,1,2019,5,50,8,50,3,2,2026
IndiGo,Banglore,Delhi,0,165,24,6,2019,1,30,4,15,28,9,2026
Jet Airways,Delhi,Cochin,2,560,6,9,2019,9,40,19,0,28,9,2026
Multiple carriers,Delhi,Cochin,1,450,27,3,2019,8,0,15,30,28,9,2026
IndiGo,Delhi,Cochin,1,320,21,3,2019,2,5,7,25,28,9,2026
Jet Airways,Delhi,Cochin,1,715,27,5,2019,7,5,19,0,28,9,2026
SpiceJet,Banglore,New Delhi,0,170,18,3,2019,20,30,23,20,28,9,2026
Jet Airways,Delhi,Cochin,2,870,3,9,2019,13,55,4,25,3,10,2026
IndiGo,Kolkata,Banglore,0,155,18,4,2019,17,15,19,50,28,9,2026
Vistara,Chennai,Kolkata,0,135,5,3,2019,7,5,9,20,28,9,2026
Vistara,Kolkata,Banglore,1,1065,6,6,2019,17,0,10,45,6,7,2026
Multiple carriers,Delhi,Cochin,1,660,18,5,2019,10,0,21,0,28,9,2026
Jet Airways,Delhi,Cochin,2,1375,24,6,2019,5,30,4,25,25,6,2026
Jet Airways,Banglore,Delhi,0,185,21,5,2019,18,55,22,0,28,9,2026
Vistara,Banglore,Delhi,0,165,18,4,2019,19,30,22,15,28,9,2026
Jet Airways,Banglore,New Delhi,1,490,15,3,2019,8,0,16,10,28,9,2026
Air Asia,Kolkata,Banglore,0,150,3,6,2019,22,50,1,20,3,7,2026
Jet Airways,Kolkata,Banglore,1,435,6,12,2019,10,20,17,35,28,9,2026
SpiceJet,Mumbai,Hyderabad,0,85,24,3,2019,22,45,0,10,25,3,2026
Multiple carriers,Delhi,Cochin,1,740,15,5,2019,6,40,19,0,28,9,2026
Jet Airways,Delhi,Cochin,2,1300,6,12,2019,6,45,4,25,13,6,2026
Vistara,Banglore,Delhi,0,170,21,6,2019,21,0,23,50,28,9,2026
Air India,Delhi,Cochin,0,170,21,3,2019,5,10,8,0,28,9,2026
SpiceJet,Chennai,Kolkata,0,135,18,5,2019,9,45,12,0,28,9,2026
Jet Airways,Banglore,New Delhi,1,400,18,3,2019,5,45,12,25,28,9,2026
IndiGo,Banglore,Delhi,0,170,4,12,2019,10,10,13,0,28,9,2026
Air India,Delhi,Cochin,2,1470,24,6,2019,18,45,19,15,25,6,2026
Jet Airways,Kolkata,Banglore,1,685,6,6,2019,8,25,19,50,28,9,2026
Air India,Kolkata,Banglore,2,1625,5,12,2019,5,50,8,55,13,5,2026
Multiple carriers,Delhi,Cochin,1,480,3,6,2019,13,0,21,0,28,9,2026
Jet Airways,Kolkata,Banglore,1,1330,4,1,2019,6,30,4,40,4,2,2026
Jet Airways,Delhi,Cochin,1,1655,24,6,2019,9,0,12,35,25,6,2026
Jet Airways,Delhi,Cochin,2,1430,24,6,2019,19,10,19,0,25,6,2026
Jet Airways,Banglore,New Delhi,1,995,3,6,2019,16,55,9,30,3,7,2026
Jet Airways,Kolkata,Banglore,1,870,24,5,2019,20,25,10,55,25,5,2026
Air India,Kolkata,Banglore,0,150,15,3,2019,14,15,16,45,28,9,2026
Jet Airways,Delhi,Cochin,1,360,5,9,2019,13,0,19,0,28,9,2026
Air India,Delhi,Cochin,2,2295,6,12,2019,5,0,19,15,13,6,2026
SpiceJet,Kolkata,Banglore,0,155,24,4,2019,6,55,9,30,28,9,2026
IndiGo,Delhi,Cochin,0,195,18,4,2019,5,35,8,50,28,9,2026
Jet Airways,Delhi,Cochin,2,1045,27,6,2019,19,10,12,35,28,6,2026
SpiceJet,Mumbai,Hyderabad,0,80,3,9,2019,5,45,7,5,28,9,2026
Air India,Kolkata,Banglore,1,1100,6,6,2019,16,50,11,10,6,7,2026
Jet Airways,Delhi,Cochin,1,1395,5,9,2019,19,45,19,0,5,10,2026
Jet Airways,Mumbai,Hyderabad,0,90,18,5,2019,10,20,11,50,28,9,2026
Multiple carriers,Delhi,Cochin,1,660,27,6,2019,8,0,19,0,28,9,2026
IndiGo,Mumbai,Hyderabad,0,90,6,3,2019,6,25,7,55,28,9,2026
Jet Airways Business,Banglore,New Delhi,1,300,3,1,2019,5,45,10,45,28,9,2026
Jet Airways,Banglore,New Delhi,1,1280,24,3,2019,11,40,9,0,19,3,2026
Jet Airways,Delhi,Cochin,1,550,15,6,2019,19,15,4,25,16,6,2026
Jet Airways,Delhi,Cochin,2,1375,6,6,2019,5,30,4,25,6,7,2026
IndiGo,Banglore,New Delhi,0,170,24,3,2019,10,10,13,0,28,9,2026
IndiGo,Kolkata,Banglore,0,165,18,5,2019,9,35,12,20,28,9,2026
SpiceJet,Delhi,Cochin,1,315,27,5,2019,6,5,11,20,28,9,2026
SpiceJet,Chennai,Kolkata,0,135,15,5,2019,9,45,12,0,28,9,2026
SpiceJet,Banglore,New Delhi,0,175,3,1,2019,9,35,12,30,28,9,2026
IndiGo,Kolkata,Banglore,1,290,5,12,2019,15,15,20,5,28,9,2026
Multiple carriers,Delhi,Cochin,1,700,3,3,2019,13,55,1,35,3,4,2026
IndiGo,Banglore,New Delhi,0,175,24,3,2019,7,10,10,5,28,9,2026
IndiGo,Chennai,Kolkata,0,155,3,9,2019,17,5,19,40,28,9,2026
IndiGo,Delhi,Cochin,1,305,27,5,2019,23,30,4,35,28,5,2026
SpiceJet,Mumbai,Hyderabad,0,90,24,6,2019,22,45,0,15,25,6,2026
Jet Airways,Kolkata,Banglore,1,345,5,12,2019,14,5,19,50,28,9,2026
Multiple carriers,Delhi,Cochin,1,630,27,6,2019,15,0,1,30,28,6,2026
IndiGo,Kolkata,Banglore,0,165,21,3,2019,22,10,0,55,22,3,2026
Jet Airways,Kolkata,Banglore,1,730,6,12,2019,21,10,9,20,13,6,2026
IndiGo,Delhi,Cochin,1,325,6,9,2019,2,0,7,25,28,9,2026
Air India,Kolkata,Banglore,2,1840,15,5,2019,5,50,12,30,16,5,2026
Jet Airways,Kolkata,Banglore,1,1260,24,3,2019,21,10,18,10,25,3,2026
IndiGo,Delhi,Cochin,1,305,5,9,2019,20,25,1,30,5,10,2026
SpiceJet,Chennai,Kolkata,0,135,27,5,2019,8,20,10,35,28,9,2026
Jet Airways,Kolkata,Banglore,1,1485,24,5,2019,20,0,20,45,25,5,2026
Air India,Delhi,Cochin,2,735,27,3,2019,7,0,19,15,28,9,2026
IndiGo,Banglore,New Delhi,0,170,3,9,2019,16,55,19,45,28,9,2026
Jet Airways,Kolkata,Banglore,1,705,5,12,2019,6,30,18,15,28,9,2026
Air India,Mumbai,Hyderabad,2,255,3,6,2019,21,10,16,55,28,9,2026
Jet Airways,Kolkata,Banglore,1,1155,6,12,2019,14,5,9,20,13,6,2026
Jet Airways,Delhi,Cochin,1,540,15,6,2019,10,0,19,0,28,9,2026
Air India,Banglore,Delhi,0,170,6,1,2019,21,5,23,55,28,9,2026
Jet Airways,Kolkata,Banglore,1,845,15,5,2019,20,0,10,5,16,5,2026
IndiGo,Banglore,Delhi,0,175,15,4,2019,18,55,21,50,28,9,2026
Air India,Banglore,New Delhi,2,1795,3,1,2019,17,0,22,55,3,2,2026
Multiple carriers,Delhi,Cochin,1,795,18,5,2019,6,0,19,15,28,9,2026
Jet Airways,Kolkata,Banglore,1,1215,5,1,2019,8,25,4,40,5,2,2026
Air India,Mumbai,Hyderabad,0,80,21,6,2019,6,20,7,40,28,9,2026
SpiceJet,Kolkata,Banglore,1,435,6,9,2019,11,15,18,30,28,9,2026
GoAir,Banglore,Delhi,0,175,18,6,2019,7,45,10,40,28,9,2026
IndiGo,Delhi,Cochin,2,765,3,9,2019,8,35,21,20,28,9,2026
IndiGo,Mumbai,Hyderabad,0,85,15,3,2019,12,0,13,25,28,9,2026
Air India,Delhi,Cochin,1,320,6,1,2019,17,40,23,0,28,9,2026
Multiple carriers,Delhi,Cochin,1,720,15,6,2019,7,0,19,0,28,9,2026
Multiple carriers,Delhi,Cochin,1,420,6,6,2019,14,0,21,0,28,9,2026
Jet Airways,Delhi,Cochin,2,1375,5,9,2019,5,30,4,25,5,10,2026
IndiGo,Kolkata,Banglore,0,150,24,6,2019,15,15,17,45,28,9,2026
Air India,Delhi,Cochin,0,170,27,4,2019,5,10,8,0,28,9,2026
Jet Airways,Delhi,Cochin,2,1195,24,6,2019,23,5,19,0,25,6,2026
GoAir,Banglore,Delhi,0,175,6,6,2019,7,45,10,40,28,9,2026
Jet Airways,Banglore,New Delhi,1,805,21,3,2019,5,45,19,10,28,9,2026
SpiceJet,Kolkata,Banglore,0,150,5,9,2019,17,10,19,40,28,9,2026
Jet Airways,Delhi,Cochin,2,1615,6,1,2019,9,40,12,35,6,2,2026
Air Asia,Kolkata,Banglore,1,710,6,6,2019,7,35,19,25,28,9,2026
Vistara,Kolkata,Banglore,1,975,18,5,2019,7,10,23,25,28,9,2026
Multiple carriers,Delhi,Cochin,1,480,5,9,2019,17,30,1,30,5,10,2026
Jet Airways,Delhi,Cochin,2,810,27,6,2019,23,5,12,35,28,6,2026
Jet Airways,Mumbai,Hyderabad,0,90,24,3,2019,15,50,17,20,28,9,2026
Multiple carriers,Delhi,Cochin,1,735,15,5,2019,8,45,21,0,28,9,2026
Air India,Kolkata,Banglore,2,1100,5,6,2019,7,0,1,20,5,7,2026
Air India,Kolkata,Banglore,1,1545,5,12,2019,9,25,11,10,13,5,2026
Vistara,Delhi,Cochin,0,190,15,3,2019,6,0,9,10,28,9,2026
SpiceJet,Kolkata,Banglore,0,150,3,6,2019,17,15,19,45,28,9,2026
IndiGo,Banglore,Delhi,0,180,4,9,2019,21,15,0,15,4,10,2026
IndiGo,Banglore,New Delhi,1,295,3,1,2019,12,10,17,5,28,9,2026
IndiGo,Delhi,Cochin,1,630,6,3,2019,15,0,1,30,6,4,2026
Air Asia,Kolkata,Banglore,0,150,4,12,2019,19,55,22,25,28,9,2026
Vistara,Banglore,Delhi,0,155,15,6,2019,17,0,19,35,28,9,2026
SpiceJet,Delhi,Cochin,1,360,27,3,2019,15,55,21,55,28,9,2026
Multiple carriers,Delhi,Cochin,1,755,3,9,2019,0,20,12,55,28,9,2026
Multiple carriers,Delhi,Cochin,1,830,21,5,2019,11,40,1,30,22,5,2026
IndiGo,Delhi,Cochin,1,860,27,3,2019,6,40,21,0,28,9,2026
SpiceJet,Kolkata,Banglore,1,315,5,12,2019,15,5,20,20,28,9,2026
Air Asia,Delhi,Cochin,1,590,24,6,2019,20,45,6,35,25,6,2026
IndiGo,Banglore,Delhi,0,180,5,6,2019,21,15,0,15,5,7,2026
IndiGo,Chennai,Kolkata,0,140,15,3,2019,7,55,10,15,28,9,2026
Jet Airways,Mumbai,Hyderabad,0,90,21,5,2019,19,35,21,5,28,9,2026
GoAir,Delhi,Cochin,1,540,21,5,2019,10,35,19,35,28,9,2026
Jet Airways,Banglore,New Delhi,1,1480,18,3,2019,7,0,7,40,16,3,2026
Jet Airways,Delhi,Cochin,1,1530,6,1,2019,17,30,19,0,6,2,2026
Jet Airways,Delhi,Cochin,2,1490,27,6,2019,11,45,12,35,28,6,2026
Air India,Chennai,Kolkata,0,135,3,1,2019,11,40,13,55,28,9,2026
Air India,Banglore,New Delhi,1,370,3,1,2019,17,0,23,10,28,9,2026
Jet Airways,Delhi,Cochin,2,1705,27,6,2019,8,10,12,35,28,6,2026
Jet Airways,Banglore,New Delhi,1,1420,18,3,2019,8,0,7,40,16,3,2026
IndiGo,Banglore,Delhi,0,170,6,1,2019,8,30,11,20,28,9,2026
Vistara,Chennai,Kolkata,0,135,6,3,2019,7,5,9,20,28,9,2026
Vistara,Kolkata,Banglore,1,965,24,5,2019,17,0,9,5,25,5,2026
Jet Airways,Kolkata,Banglore,1,735,5,12,2019,20,0,8,15,13,5,2026
Air India,Delhi,Cochin,0,170,4,6,2019,5,10,8,0,28,9,2026
Jet Airways,Banglore,New Delhi,1,300,15,3,2019,5,45,10,45,28,9,2026
Jet Airways,Kolkata,Banglore,1,450,6,9,2019,21,10,4,40,6,10,2026
SpiceJet,Chennai,Kolkata,0,135,6,9,2019,9,45,12,0,28,9,2026
IndiGo,Delhi,Cochin,1,810,3,3,2019,7,30,21,0,28,9,2026
Jet Airways,Banglore,Delhi,0,180,4,1,2019,19,50,22,50,28,9,2026
Air India,Banglore,New Delhi,0,165,15,3,2019,6,10,8,55,28,9,2026
Vistara,Kolkata,Banglore,1,1555,6,6,2019,7,10,9,5,6,7,2026
Jet Airways,Kolkata,Banglore,1,1545,21,5,2019,6,30,8,15,22,5,2026
SpiceJet,Mumbai,Hyderabad,0,90,18,5,2019,5,45,7,15,28,9,2026
SpiceJet,Banglore,Delhi,0,175,18,4,2019,21,10,0,5,19,4,2026
Air India,Kolkata,Banglore,2,1185,6,12,2019,16,45,12,30,13,6,2026
Jet Airways,Banglore,Delhi,0,185,24,5,2019,18,55,22,0,28,9,2026
Jet Airways,Delhi,Cochin,2,810,15,6,2019,5,30,19,0,28,9,2026
Vistara,Chennai,Kolkata,0,135,6,12,2019,7,5,9,20,28,9,2026
Jet Airways,Delhi,Cochin,1,395,27,6,2019,21,50,4,25,28,6,2026
SpiceJet,Chennai,Kolkata,0,140,27,6,2019,17,45,20,5,28,9,2026
Jet Airways,Delhi,Cochin,2,810,18,5,2019,5,30,19,0,28,9,2026
IndiGo,Delhi,Cochin,0,195,18,6,2019,14,20,17,35,28,9,2026
SpiceJet,Banglore,Delhi,0,160,6,1,2019,5,55,8,35,28,9,2026
IndiGo,Delhi,Cochin,1,965,5,9,2019,4,55,21,0,28,9,2026
Jet Airways,Delhi,Cochin,1,455,27,3,2019,20,50,4,25,28,3,2026
Jet Airways,Banglore,Delhi,0,180,24,5,2019,8,20,11,20,28,9,2026
Air Asia,Delhi,Cochin,1,315,27,3,2019,7,55,13,10,28,9,2026
Jet Airways,Delhi,Cochin,1,1610,21,3,2019,16,0,18,50,22,3,2026
Air India,Delhi,Cochin,2,500,27,5,2019,10,55,19,15,28,9,2026
SpiceJet,Kolkata,Banglore,0,155,4,3,2019,6,55,9,30,28,9,2026
Jet Airways,Kolkata,Banglore,1,1695,24,3,2019,13,55,18,10,25,3,2026
Air India,Delhi,Cochin,2,1730,27,5,2019,14,25,19,15,28,5,2026
Air India,Mumbai,Hyderabad,2,710,3,6,2019,5,5,16,55,28,9,2026
Jet Airways,Delhi,Cochin,1,1520,21,3,2019,17,30,18,50,22,3,2026
Jet Airways,Kolkata,Banglore,1,665,4,1,2019,21,10,8,15,4,2,2026
SpiceJet,Chennai,Kolkata,0,155,27,3,2019,9,30,12,5,28,9,2026
Multiple carriers,Delhi,Cochin,1,490,6,3,2019,12,50,21,0,28,9,2026
Air Asia,Delhi,Cochin,1,870,6,3,2019,7,55,22,25,28,9,2026
SpiceJet,Kolkata,Banglore,0,155,21,5,2019,6,55,9,30,28,9,2026
Multiple carriers,Delhi,Cochin,1,795,27,5,2019,6,0,19,15,28,9,2026
Jet Airways,Kolkata,Banglore,1,520,15,5,2019,20,0,4,40,16,5,2026
Jet Airways,Kolkata,Banglore,1,1150,15,5,2019,21,10,16,20,16,5,2026
Multiple carriers,Delhi,Cochin,1,750,6,12,2019,13,0,1,30,13,6,2026
Multiple carriers,Delhi,Cochin,1,810,3,6,2019,7,30,21,0,28,9,2026
Multiple carriers,Delhi,Cochin,2,460,6,3,2019,17,50,1,30,6,4,2026
SpiceJet,Banglore,Delhi,0,170,6,3,2019,9,30,12,20,28,9,2026
Air India,Mumbai,Hyderabad,2,205,3,6,2019,13,30,16,55,28,9,2026
SpiceJet,Banglore,Delhi,0,160,18,5,2019,5,55,8,35,28,9,2026
Jet Airways,Kolkata,Banglore,1,965,24,3,2019,6,30,22,35,28,9,2026
Vistara,Delhi,Cochin,0,190,6,1,2019,14,40,17,50,28,9,2026
SpiceJet,Mumbai,Hyderabad,0,90,4,1,2019,5,45,7,15,28,9,2026
IndiGo,Delhi,Cochin,1,455,27,5,2019,8,35,16,10,28,9,2026
Jet Airways,Mumbai,Hyderabad,0,85,4,3,2019,2,55,4,20,28,9,2026
Jet Airways,Delhi,Cochin,2,1300,15,6,2019,6,45,4,25,16,6,2026
Multiple carriers,Delhi,Cochin,1,690,5,1,2019,7,30,19,0,28,9,2026
Air India,Kolkata,Banglore,1,1545,24,5,2019,9,25,11,10,25,5,2026
Vistara,Banglore,Delhi,0,160,6,1,2019,7,0,9,40,28,9,2026
Jet Airways,Mumbai,Hyderabad,2,1380,3,6,2019,17,50,16,50,3,7,2026
Jet Airways,Kolkata,Banglore,1,1430,21,5,2019,20,0,19,50,22,5,2026
Jet Airways,Kolkata,Banglore,1,1325,5,6,2019,17,0,15,5,5,7,2026
Air India,Banglore,New Delhi,2,2345,3,1,2019,8,50,23,55,3,2,2026
Air India,Delhi,Cochin,2,1420,6,12,2019,9,45,9,25,13,6,2026
Jet Airways,Kolkata,Banglore,1,590,4,1,2019,6,30,16,20,28,9,2026
IndiGo,Banglore,New Delhi,0,175,3,1,2019,7,10,10,5,28,9,2026
Jet Airways,Kolkata,Banglore,1,1495,21,5,2019,18,55,19,50,22,5,2026
Jet Airways,Delhi,Cochin,2,505,6,6,2019,20,0,4,25,6,7,2026
Jet Airways,Delhi,Cochin,1,1145,6,3,2019,17,30,12,35,6,4,2026
Jet Airways,Delhi,Cochin,2,1430,5,9,2019,19,10,19,0,5,10,2026
IndiGo,Delhi,Cochin,1,305,5,9,2019,23,30,4,35,5,10,2026
IndiGo,Delhi,Cochin,1,750,18,5,2019,8,30,21,0,28,9,2026
Multiple carriers,Delhi,Cochin,1,620,27,3,2019,15,15,1,35,28,3,2026
IndiGo,Banglore,Delhi,0,175,4,9,2019,18,25,21,20,28,9,2026
SpiceJet,Kolkata,Banglore,0,140,6,12,2019,22,20,0,40,13,6,2026
Jet Airways,Banglore,New Delhi,1,400,15,3,2019,5,45,12,25,28,9,2026
Jet Airways,Kolkata,Banglore,1,775,15,5,2019,21,10,10,5,16,5,2026
Air India,Banglore,Delhi,0,165,4,6,2019,6,10,8,55,28,9,2026
IndiGo,Kolkata,Banglore,0,155,4,6,2019,17,15,19,50,28,9,2026
Air Asia,Kolkata,Banglore,0,150,18,6,2019,19,55,22,25,28,9,2026
Air India,Delhi,Cochin,0,170,18,4,2019,5,10,8,0,28,9,2026
Multiple carriers,Delhi,Cochin,1,555,27,5,2019,13,15,22,30,28,9,2026
Multiple carriers,Delhi,Cochin,1,930,6,1,2019,10,0,1,30,6,2,2026
Jet Airways,Delhi,Cochin,2,1615,6,3,2019,9,40,12,35,6,4,2026
Jet Airways,Kolkata,Banglore,1,425,18,5,2019,16,30,23,35,28,9,2026
Jet Airways,Banglore,Delhi,0,180,24,5,2019,7,10,10,10,28,9,2026
Multiple carriers,Delhi,Cochin,1,470,27,6,2019,11,25,19,15,28,9,2026
Jet Airways,Kolkata,Banglore,1,365,4,1,2019,16,30,22,35,28,9,2026
Air India,Kolkata,Banglore,1,1435,6,9,2019,20,30,20,25,6,10,2026
Air India,Delhi,Cochin,2,1490,18,5,2019,6,50,7,40,19,5,2026
Air India,Kolkata,Banglore,0,150,6,3,2019,14,15,16,45,28,9,2026
Jet Airways,Banglore,Delhi,0,185,15,4,2019,18,55,22,0,28,9,2026
IndiGo,Kolkata,Banglore,0,155,24,5,2019,20,20,22,55,28,9,2026
Air India,Banglore,New Delhi,2,1625,21,3,2019,8,15,11,20,19,3,2026
Jet Airways,Mumbai,Hyderabad,0,90,24,5,2019,19,35,21,5,28,9,2026
Air India,Banglore,New Delhi,1,480,15,3,2019,11,50,19,50,28,9,2026
Air Asia,Kolkata,Banglore,0,150,27,5,2019,22,50,1,20,28,5,2026
Jet Airways,Mumbai,Hyderabad,0,85,6,6,2019,2,55,4,20,28,9,2026
Jet Airways,Delhi,Cochin,1,1105,6,3,2019,10,0,4,25,6,4,2026
Jet Airways,Delhi,Cochin,1,1165,15,6,2019,9,0,4,25,16,6,2026
Jet Airways,Kolkata,Banglore,1,1295,6,9,2019,20,25,18,0,6,10,2026
IndiGo,Delhi,Cochin,1,320,4,6,2019,6,50,12,10,28,9,2026
Jet Airways,Banglore,New Delhi,1,800,3,12,2019,21,25,10,45,13,3,2026
Jet Airways,Kolkata,Banglore,1,330,5,12,2019,6,30,12,0,28,9,2026
IndiGo,Banglore,Delhi,0,170,27,6,2019,23,30,2,20,28,6,2026
IndiGo,Delhi,Cochin,1,635,18,5,2019,11,55,22,30,28,9,2026
Jet Airways,Kolkata,Banglore,1,590,24,5,2019,8,25,18,15,28,9,2026
Jet Airways,Delhi,Cochin,2,1615,27,5,2019,9,40,12,35,28,5,2026
Jet Airways,Banglore,New Delhi,1,490,3,1,2019,8,0,16,10,28,9,2026
Jet Airways,Delhi,Cochin,1,1225,6,6,2019,8,0,4,25,6,7,2026
Air Asia,Banglore,Delhi,0,170,18,4,2019,23,55,2,45,19,4,2026
IndiGo,Chennai,Kolkata,0,165,6,1,2019,15,40,18,25,28,9,2026
IndiGo,Banglore,Delhi,0,170,24,6,2019,4,0,6,50,28,9,2026
Jet Airways,Banglore,New Delhi,1,570,3,1,2019,8,55,18,25,28,9,2026
IndiGo,Delhi,Cochin,0,195,27,6,2019,5,35,8,50,28,9,2026
Jet Airways,Mumbai,Hyderabad,0,90,15,3,2019,10,20,11,50,28,9,2026
Air India,Delhi,Cochin,2,1820,6,9,2019,12,55,19,15,6,10,2026
Multiple carriers,Delhi,Cochin,1,540,6,9,2019,7,10,16,10,28,9,2026
IndiGo,Mumbai,Hyderabad,0,90,6,9,2019,19,5,20,35,28,9,2026
Jet Airways,Kolkata,Banglore,1,1570,24,5,2019,17,0,19,10,25,5,2026
Jet Airways,Kolkata,Banglore,1,365,5,1,2019,16,30,22,35,28,9,2026
Air India,Kolkata,Banglore,2,1365,24,3,2019,9,10,7,55,25,3,2026
SpiceJet,Banglore,New Delhi,0,170,18,3,2019,5,45,8,35,28,9,2026
IndiGo,Kolkata,Banglore,0,155,6,1,2019,9,35,12,10,28,9,2026
Vistara,Banglore,Delhi,0,170,5,6,2019,9,45,12,35,28,9,2026
Vistara,Banglore,Delhi,0,170,18,5,2019,21,0,23,50,28,9,2026
Jet Airways,Kolkata,Banglore,1,1540,5,6,2019,20,25,22,5,5,7,2026
SpiceJet,Kolkata,Banglore,1,435,6,9,2019,11,35,18,50,28,9,2026
Jet Airways,Delhi,Cochin,1,1485,5,9,2019,18,15,19,0,5,10,2026
Jet Airways,Kolkata,Banglore,1,345,6,9,2019,14,5,19,50,28,9,2026
Air India,Kolkata,Banglore,2,590,21,5,2019,12,0,21,50,28,9,2026
IndiGo,Banglore,Delhi,0,175,27,4,2019,18,25,21,20,28,9,2026
Jet Airways,Delhi,Cochin,1,1325,6,3,2019,20,55,19,0,6,4,2026
SpiceJet,Kolkata,Banglore,0,145,15,4,2019,9,0,11,25,28,9,2026
Jet Airways,Delhi,Cochin,1,1505,18,5,2019,11,30,12,35,19,5,2026
Jet Airways,Kolkata,Banglore,1,800,5,12,2019,6,30,19,50,28,9,2026
Multiple carriers,Delhi,Cochin,1,545,6,3,2019,7,5,16,10,28,9,2026
IndiGo,Delhi,Cochin,1,750,6,3,2019,8,30,21,0,28,9,2026
IndiGo,Chennai,Kolkata,0,140,6,9,2019,7,55,10,15,28,9,2026
Multiple carriers,Delhi,Cochin,1,665,3,9,2019,8,40,19,45,28,9,2026
Air India,Banglore,Delhi,0,170,5,6,2019,21,5,23,55,28,9,2026
SpiceJet,Mumbai,Hyderabad,0,90,5,1,2019,22,45,0,15,5,2,2026
Jet Airways,Kolkata,Banglore,1,960,5,6,2019,20,0,12,0,5,7,2026
Jet Airways,Delhi,Cochin,2,810,15,6,2019,5,30,19,0,28,9,2026
Jet Airways,Delhi,Cochin,1,715,24,6,2019,7,5,19,0,28,9,2026
IndiGo,Kolkata,Banglore,0,165,3,3,2019,10,10,12,55,28,9,2026
Jet Airways,Delhi,Cochin,2,1615,24,6,2019,9,40,12,35,25,6,2026
Multiple carriers,Delhi,Cochin,1,890,3,3,2019,4,0,18,50,28,9,2026
Jet Airways,Kolkata,Banglore,1,345,6,9,2019,14,5,19,50,28,9,2026
Vistara,Mumbai,Hyderabad,1,1190,3,6,2019,20,55,16,45,3,7,2026
IndiGo,Delhi,Cochin,1,860,4,9,2019,6,40,21,0,28,9,2026
Multiple carriers,Delhi,Cochin,1,795,15,6,2019,6,0,19,15,28,9,2026
Multiple carriers,Delhi,Cochin,1,750,6,9,2019,13,0,1,30,6,10,2026
Jet Airways,Delhi,Cochin,2,1430,21,5,2019,19,10,19,0,22,5,2026
Air India,Delhi,Cochin,1,1640,21,5,2019,6,5,9,25,22,5,2026
Jet Airways,Banglore,Delhi,0,180,5,6,2019,17,45,20,45,28,9,2026
Jet Airways,Delhi,Cochin,1,1505,21,5,2019,11,30,12,35,22,5,2026
Multiple carriers,Delhi,Cochin,1,630,24,6,2019,8,30,19,0,28,9,2026
Jet Airways,Banglore,New Delhi,1,1110,3,6,2019,16,55,11,25,3,7,2026
Jet Airways,Delhi,Cochin,1,885,27,6,2019,21,50,12,35,28,6,2026
Air India,Kolkata,Banglore,2,1170,6,12,2019,9,10,4,40,13,6,2026
Air India,Delhi,Cochin,1,375,5,9,2019,13,0,19,15,28,9,2026
Jet Airways,Delhi,Cochin,2,1125,6,12,2019,9,40,4,25,13,6,2026
Jet Airways,Kolkata,Banglore,1,1545,5,12,2019,6,30,8,15,13,5,2026
Jet Airways,Kolkata,Banglore,1,1025,6,9,2019,18,55,12,0,6,10,2026
Jet Airways,Banglore,New Delhi,1,1280,3,1,2019,14,5,11,25,3,2,2026
Air Asia,Kolkata,Banglore,0,150,6,1,2019,22,50,1,20,6,2,2026
IndiGo,Banglore,New Delhi,0,165,3,9,2019,0,40,3,25,28,9,2026
IndiGo,Banglore,Delhi,0,170,5,6,2019,23,30,2,20,5,7,2026
Jet Airways,Delhi,Cochin,1,1505,6,1,2019,11,30,12,35,6,2,2026
IndiGo,Banglore,Delhi,0,180,18,5,2019,16,55,19,55,28,9,2026
SpiceJet,Kolkata,Banglore,0,155,4,9,2019,6,55,9,30,28,9,2026
IndiGo,Mumbai,Hyderabad,0,95,5,12,2019,20,5,21,40,28,9,2026
Vistara,Banglore,Delhi,0,160,6,6,2019,7,0,9,40,28,9,2026
IndiGo,Chennai,Kolkata,0,140,5,1,2019,14,45,17,5,28,9,2026
IndiGo,Kolkata,Banglore,0,150,4,1,2019,14,25,16,55,28,9,2026
Multiple carriers,Delhi,Cochin,1,450,21,3,2019,8,0,15,30,28,9,2026
Multiple carriers,Delhi,Cochin,1,660,6,9,2019,8,0,19,0,28,9,2026
Jet Airways,Banglore,Delhi,0,175,27,5,2019,15,15,18,10,28,9,2026
Air India,Kolkata,Banglore,1,1440,18,5,2019,14,35,14,35,19,5,2026
Jet Airways,Delhi,Cochin,2,1295,6,6,2019,21,25,19,0,6,7,2026
Air India,Delhi,Cochin,1,735,6,1,2019,7,0,19,15,28,9,2026
SpiceJet,Chennai,Kolkata,0,140,21,6,2019,17,45,20,5,28,9,2026
Jet Airways,Delhi,Cochin,2,810,5,9,2019,5,30,19,0,28,9,2026
Jet Airways,Banglore,Delhi,0,180,4,6,2019,7,10,10,10,28,9,2026
Multiple carriers,Delhi,Cochin,2,625,21,5,2019,15,5,1,30,22,5,2026
SpiceJet,Kolkata,Banglore,0,150,21,5,2019,17,10,19,40,28,9,2026
IndiGo,Delhi,Cochin,1,635,6,1,2019,11,55,22,30,28,9,2026
IndiGo,Mumbai,Hyderabad,0,90,15,5,2019,6,25,7,55,28,9,2026
Jet Airways,Delhi,Cochin,2,440,6,1,2019,11,40,19,0,28,9,2026
Vistara,Kolkata,Banglore,1,1555,6,12,2019,7,10,9,5,13,6,2026
Jet Airways,Delhi,Cochin,2,2245,21,3,2019,5,25,18,50,22,3,2026
IndiGo,Chennai,Kolkata,0,140,24,3,2019,19,35,21,55,28,9,2026
Jet Airways,Delhi,Cochin,1,660,27,6,2019,8,0,19,0,28,9,2026
Jet Airways,Kolkata,Banglore,1,870,5,6,2019,20,25,10,55,5,7,2026
SpiceJet,Kolkata,Banglore,0,150,15,6,2019,17,10,19,40,28,9,2026
Air Asia,Delhi,Cochin,1,470,6,9,2019,7,55,15,45,28,9,2026
SpiceJet,Kolkata,Banglore,0,150,4,6,2019,14,55,17,25,28,9,2026
Jet Airways,Banglore,New Delhi,1,435,3,6,2019,14,5,21,20,28,9,2026
GoAir,Banglore,New Delhi,0,175,24,3,2019,7,45,10,40,28,9,2026
Vistara,Banglore,Delhi,0,170,4,1,2019,11,30,14,20,28,9,2026
Jet Airways,Delhi,Cochin,0,195,6,6,2019,11,0,14,15,28,9,2026
Jet Airways,Kolkata,Banglore,1,1080,15,5,2019,20,25,14,25,16,5,2026
Multiple carriers,Delhi,Cochin,1,570,6,3,2019,11,30,21,0,28,9,2026
Air Asia,Delhi,Cochin,1,865,3,9,2019,16,45,7,10,3,10,2026
Vistara,Kolkata,Banglore,1,385,6,6,2019,17,0,23,25,28,9,2026
Multiple carriers,Delhi,Cochin,1,480,27,6,2019,17,30,1,30,28,6,2026
IndiGo,Delhi,Cochin,1,480,6,1,2019,17,30,1,30,6,2,2026
SpiceJet,Kolkata,Banglore,0,150,6,9,2019,17,10,19,40,28,9,2026
SpiceJet,Kolkata,Banglore,1,315,15,4,2019,15,5,20,20,28,9,2026
Air India,Kolkata,Banglore,2,2245,24,3,2019,9,50,23,15,25,3,2026
SpiceJet,Chennai,Kolkata,0,135,18,3,2019,8,20,10,35,28,9,2026
SpiceJet,Banglore,Delhi,0,175,27,6,2019,21,10,0,5,28,6,2026
Air India,Delhi,Cochin,2,1395,15,6,2019,20,0,19,15,16,6,2026
Vistara,Banglore,New Delhi,1,915,3,9,2019,6,40,21,55,28,9,2026
Jet Airways,Mumbai,Hyderabad,0,90,6,1,2019,19,35,21,5,28,9,2026
Air India,Delhi,Cochin,1,1010,21,3,2019,6,10,23,0,28,9,2026
Jet Airways,Kolkata,Banglore,1,1025,6,9,2019,18,55,12,0,6,10,2026
IndiGo,Banglore,Delhi,0,170,21,6,2019,20,0,22,50,28,9,2026
Vistara,Banglore,Delhi,0,160,27,5,2019,7,0,9,40,28,9,2026
Jet Airways,Delhi,Cochin,1,1655,27,6,2019,9,0,12,35,28,6,2026
Jet Airways,Delhi,Cochin,1,1280,6,6,2019,7,5,4,25,6,7,2026
IndiGo,Delhi,Cochin,1,810,24,6,2019,7,30,21,0,28,9,2026
Jet Airways,Kolkata,Banglore,1,685,5,6,2019,8,25,19,50,28,9,2026
IndiGo,Banglore,Delhi,0,185,21,6,2019,18,15,21,20,28,9,2026
Air India,Banglore,Delhi,0,165,21,6,2019,17,0,19,45,28,9,2026
IndiGo,Banglore,Delhi,0,165,6,9,2019,1,30,4,15,28,9,2026
Multiple carriers,Delhi,Cochin,1,440,3,9,2019,0,20,7,40,28,9,2026
Jet Airways,Kolkata,Banglore,1,1215,6,9,2019,8,25,4,40,6,10,2026
IndiGo,Delhi,Cochin,1,315,3,3,2019,9,55,15,10,28,9,2026
Jet Airways,Kolkata,Banglore,1,665,21,5,2019,21,10,8,15,22,5,2026
Jet Airways,Banglore,Delhi,0,180,24,5,2019,7,10,10,10,28,9,2026
Multiple carriers,Delhi,Cochin,1,480,6,6,2019,13,0,21,0,28,9,2026
Jet Airways,Delhi,Cochin,2,2820,3,3,2019,5,25,4,25,3,5,2026
Vistara,Banglore,Delhi,0,165,4,6,2019,19,30,22,15,28,9,2026
Air India,Delhi,Cochin,2,1560,21,5,2019,17,15,19,15,22,5,2026
GoAir,Banglore,Delhi,0,175,18,5,2019,7,45,10,40,28,9,2026
IndiGo,Mumbai,Hyderabad,0,90,6,12,2019,12,0,13,30,28,9,2026
Air India,Delhi,Cochin,1,705,21,4,2019,20,30,8,15,22,4,2026
IndiGo,Kolkata,Banglore,0,150,6,9,2019,14,25,16,55,28,9,2026
Jet Airways,Delhi,Cochin,1,1620,27,5,2019,16,0,19,0,28,5,2026
SpiceJet,Kolkata,Banglore,0,150,5,1,2019,17,10,19,40,28,9,2026
Air India,Mumbai,Hyderabad,0,85,15,3,2019,15,0,16,25,28,9,2026
Air India,Kolkata,Banglore,1,1485,4,1,2019,14,35,15,20,4,2,2026
Jet Airways,Kolkata,Banglore,1,405,24,3,2019,13,55,20,40,28,9,2026
IndiGo,Delhi,Cochin,1,325,15,6,2019,2,0,7,25,28,9,2026
IndiGo,Kolkata,Banglore,0,165,3,9,2019,10,10,12,55,28,9,2026
Jet Airways,Banglore,New Delhi,1,1045,3,1,2019,11,40,5,5,3,2,2026
SpiceJet,Banglore,New Delhi,0,175,15,3,2019,9,35,12,30,28,9,2026
Air Asia,Kolkata,Banglore,1,215,24,3,2019,19,55,23,30,28,9,2026
IndiGo,Kolkata,Banglore,0,155,5,1,2019,22,15,0,50,5,2,2026
Jet Airways,Kolkata,Banglore,1,750,18,5,2019,5,45,18,15,28,9,2026
IndiGo,Banglore,New Delhi,0,170,24,3,2019,23,30,2,20,25,3,2026
Air Asia,Banglore,New Delhi,0,170,24,3,2019,5,50,8,40,28,9,2026
Air India,Delhi,Cochin,2,1220,15,5,2019,13,5,9,25,16,5,2026
Jet Airways,Delhi,Cochin,1,540,4,1,2019,10,0,19,0,28,9,2026
Jet Airways,Delhi,Cochin,2,1775,5,9,2019,13,25,19,0,5,10,2026
Multiple carriers,Delhi,Cochin,1,480,21,3,2019,13,0,21,0,28,9,2026
Multiple carriers,Delhi,Cochin,1,435,5,9,2019,18,15,1,30,5,10,2026
IndiGo,Kolkata,Banglore,0,155,21,5,2019,17,15,19,50,28,9,2026
Multiple carriers,Delhi,Cochin,1,690,15,6,2019,7,30,19,0,28,9,2026
Vistara,Chennai,Kolkata,0,135,27,6,2019,7,5,9,20,28,9,2026
Jet Airways,Delhi,Cochin,2,440,5,9,2019,11,40,19,0,28,9,2026
Jet Airways,Delhi,Cochin,1,825,27,6,2019,22,50,12,35,28,6,2026
Air India,Kolkata,Banglore,0,150,6,1,2019,14,15,16,45,28,9,2026
Jet Airways,Banglore,New Delhi,1,780,21,3,2019,18,40,7,40,19,3,2026
Jet Airways,Banglore,New Delhi,1,685,21,3,2019,8,55,20,20,28,9,2026
SpiceJet,Mumbai,Hyderabad,0,90,5,12,2019,22,45,0,15,13,5,2026
Air India,Delhi,Cochin,2,1275,5,9,2019,22,0,19,15,5,10,2026
Air India,Kolkata,Banglore,2,955,18,5,2019,9,25,1,20,19,5,2026
Multiple carriers,Delhi,Cochin,2,625,18,5,2019,15,5,1,30,19,5,2026
IndiGo,Chennai,Kolkata,0,145,15,3,2019,14,40,17,5,28,9,2026
Multiple carriers,Delhi,Cochin,1,780,6,3,2019,6,0,19,0,28,9,2026
IndiGo,Chennai,Kolkata,0,135,3,6,2019,13,20,15,35,28,9,2026
Multiple carriers Premium economy,Delhi,Cochin,1,810,21,3,2019,7,30,21,0,28,9,2026
Multiple carriers,Delhi,Cochin,1,705,3,6,2019,7,30,19,15,28,9,2026
Jet Airways,Delhi,Cochin,1,745,6,6,2019,16,0,4,25,6,7,2026
Jet Airways,Banglore,Delhi,0,185,21,4,2019,18,55,22,0,28,9,2026
Jet Airways,Delhi,Cochin,2,1130,15,6,2019,9,35,4,25,16,6,2026
IndiGo,Delhi,Cochin,1,515,24,6,2019,7,35,16,10,28,9,2026
Vistara,Kolkata,Banglore,1,1645,24,3,2019,17,0,20,25,25,3,2026
Multiple carriers,Delhi,Cochin,3,565,6,9,2019,11,35,21,0,28,9,2026
Air India,Kolkata,Banglore,1,965,18,5,2019,19,0,11,5,19,5,2026
Jet Airways,Kolkata,Banglore,1,590,4,1,2019,8,25,18,15,28,9,2026
IndiGo,Delhi,Cochin,1,350,21,3,2019,7,30,13,20,28,9,2026
Air India,Banglore,New Delhi,2,1475,3,12,2019,8,50,9,25,13,3,2026
Jet Airways,Delhi,Cochin,2,1390,4,9,2019,13,25,12,35,4,10,2026
IndiGo,Banglore,Delhi,0,180,18,4,2019,21,15,0,15,19,4,2026
Air Asia,Kolkata,Banglore,1,215,18,5,2019,19,55,23,30,28,9,2026
IndiGo,Mumbai,Hyderabad,0,85,15,3,2019,21,20,22,45,28,9,2026
Air India,Delhi,Cochin,2,1410,3,9,2019,19,45,19,15,3,10,2026
SpiceJet,Kolkata,Banglore,0,140,15,3,2019,22,20,0,40,16,3,2026
Air Asia,Delhi,Cochin,1,830,24,6,2019,16,45,6,35,25,6,2026
Air India,Banglore,Delhi,0,170,21,4,2019,13,20,16,10,28,9,2026
Jet Airways,Delhi,Cochin,1,1295,6,9,2019,15,0,12,35,6,10,2026
Vistara,Kolkata,Banglore,1,355,6,9,2019,17,0,22,55,28,9,2026
Jet Airways,Banglore,New Delhi,1,1475,21,3,2019,11,40,12,15,19,3,2026
Jet Airways,Kolkata,Banglore,1,1080,5,12,2019,20,25,14,25,13,5,2026
Air India,Banglore,New Delhi,1,1595,3,1,2019,9,30,12,5,3,2,2026
Jet Airways,Delhi,Cochin,2,1320,6,12,2019,14,35,12,35,13,6,2026
Multiple carriers,Delhi,Cochin,1,620,3,9,2019,15,15,1,35,3,10,2026
Jet Airways,Delhi,Cochin,2,1125,15,6,2019,9,40,4,25,16,6,2026
Jet Airways,Delhi,Cochin,1,620,27,5,2019,2,15,12,35,28,9,2026
Air India,Delhi,Cochin,2,1210,6,6,2019,13,15,9,25,6,7,2026
Jet Airways,Kolkata,Banglore,1,1630,5,6,2019,20,25,23,35,5,7,2026
SpiceJet,Kolkata,Banglore,0,140,6,3,2019,22,20,0,40,6,4,2026
Air India,Kolkata,Banglore,2,1700,6,9,2019,9,25,13,45,6,10,2026
Jet Airways,Banglore,New Delhi,1,625,3,1,2019,5,45,16,10,28,9,2026
Jet Airways,Kolkata,Banglore,1,1285,4,1,2019,18,55,16,20,4,2,2026
Air Asia,Kolkata,Banglore,1,710,5,6,2019,7,35,19,25,28,9,2026
Jet Airways,Delhi,Cochin,1,745,6,3,2019,16,0,4,25,6,4,2026
SpiceJet,Chennai,Kolkata,0,155,3,12,2019,9,30,12,5,28,9,2026
IndiGo,Kolkata,Banglore,0,150,18,5,2019,14,25,16,55,28,9,2026
Jet Airways,Delhi,Cochin,1,1010,24,6,2019,19,45,12,35,25,6,2026
Jet Airways,Delhi,Cochin,2,1140,6,6,2019,9,25,4,25,6,7,2026
IndiGo,Delhi,Cochin,1,755,21,3,2019,8,25,21,0,28,9,2026
Jet Airways,Banglore,New Delhi,1,1590,3,9,2019,5,45,8,15,13,3,2026
SpiceJet,Kolkata,Banglore,0,155,24,6,2019,6,55,9,30,28,9,2026
IndiGo,Delhi,Cochin,1,300,3,9,2019,5,5,10,5,28,9,2026
Jet Airways,Kolkata,Banglore,1,1075,5,6,2019,17,0,10,55,5,7,2026
SpiceJet,Chennai,Kolkata,0,140,27,5,2019,17,45,20,5,28,9,2026
Multiple carriers,Delhi,Cochin,1,730,3,3,2019,6,40,18,50,28,9,2026
Jet Airways,Banglore,Delhi,0,180,21,4,2019,17,45,20,45,28,9,2026
Jet Airways,Mumbai,Hyderabad,0,90,27,3,2019,10,20,11,50,28,9,2026
Jet Airways,Kolkata,Banglore,1,1285,5,1,2019,17,0,14,25,5,2,2026
Air India,Delhi,Cochin,1,1010,3,9,2019,6,10,23,0,28,9,2026
Jet Airways,Delhi,Cochin,2,1060,3,9,2019,10,45,4,25,3,10,2026
Jet Airways,Kolkata,Banglore,1,1520,5,6,2019,9,35,10,55,5,7,2026
IndiGo,Chennai,Kolkata,0,140,27,6,2019,13,15,15,35,28,9,2026
Jet Airways,Mumbai,Hyderabad,0,90,27,3,2019,2,55,4,25,28,9,2026
IndiGo,Delhi,Cochin,0,185,21,3,2019,14,30,17,35,28,9,2026
Jet Airways,Delhi,Cochin,1,1485,21,5,2019,18,15,19,0,22,5,2026
Air India,Kolkata,Banglore,0,155,27,4,2019,20,45,23,20,28,9,2026
Air Asia,Kolkata,Banglore,1,215,6,6,2019,19,55,23,30,28,9,2026
SpiceJet,Kolkata,Banglore,0,150,3,9,2019,9,0,11,30,28,9,2026
Air India,Delhi,Cochin,1,1535,5,9,2019,5,15,6,50,5,10,2026
Air India,Chennai,Kolkata,0,135,5,1,2019,11,40,13,55,28,9,2026
IndiGo,Kolkata,Banglore,0,155,6,3,2019,11,30,14,5,28,9,2026
SpiceJet,Kolkata,Banglore,0,145,27,6,2019,9,0,11,25,28,9,2026
IndiGo,Banglore,Delhi,0,175,15,6,2019,7,10,10,5,28,9,2026
Jet Airways,Mumbai,Hyderabad,0,90,15,3,2019,19,35,21,5,28,9,2026
Vistara,Banglore,Delhi,0,160,4,3,2019,7,0,9,40,28,9,2026
Jet Airways,Kolkata,Banglore,1,730,4,1,2019,21,10,9,20,4,2,2026
Air India,Delhi,Cochin,0,180,5,9,2019,14,10,17,10,28,9,2026
Air India,Delhi,Cochin,1,555,6,12,2019,10,0,19,15,28,9,2026
Air India,Kolkata,Banglore,2,1200,15,5,2019,9,25,5,25,16,5,2026
Jet Airways,Mumbai,Hyderabad,0,90,21,3,2019,10,20,11,50,28,9,2026
Air India,Kolkata,Banglore,2,875,5,9,2019,5,50,20,25,28,9,2026
IndiGo,Delhi,Cochin,1,860,27,6,2019,6,40,21,0,28,9,2026
Jet Airways,Banglore,Delhi,0,185,4,1,2019,18,55,22,0,28,9,2026
IndiGo,Delhi,Cochin,1,345,27,6,2019,21,50,3,35,28,6,2026
Jet Airways,Kolkata,Banglore,1,790,24,3,2019,6,30,19,40,28,9,2026
Jet Airways,Kolkata,Banglore,1,875,24,5,2019,14,5,4,40,25,5,2026
IndiGo,Chennai,Kolkata,0,145,15,6,2019,11,35,14,0,28,9,2026
IndiGo,Banglore,Delhi,0,165,24,5,2019,1,30,4,15,28,9,2026
Jet Airways,Delhi,Cochin,1,865,15,6,2019,14,0,4,25,16,6,2026
Jet Airways,Delhi,Cochin,1,1620,6,3,2019,16,0,19,0,6,4,2026
Air India,Banglore,New Delhi,3,685,3,6,2019,12,0,23,25,28,9,2026
Jet Airways,Delhi,Cochin,1,300,18,5,2019,14,0,19,0,28,9,2026
Jet Airways,Banglore,Delhi,0,180,4,3,2019,8,20,11,20,28,9,2026
Jet Airways,Delhi,Cochin,1,550,21,5,2019,19,15,4,25,22,5,2026
Air India,Delhi,Cochin,2,1580,24,6,2019,16,55,19,15,25,6,2026
Air India,Mumbai,Hyderabad,0,75,24,5,2019,19,30,20,45,28,9,2026
Air India,Delhi,Cochin,2,1380,27,5,2019,20,15,19,15,28,5,2026
Jet Airways,Delhi,Cochin,1,1570,6,1,2019,2,15,4,25,6,2,2026
SpiceJet,Chennai,Kolkata,0,140,18,3,2019,17,45,20,5,28,9,2026
Air India,Kolkata,Banglore,0,155,24,5,2019,20,45,23,20,28,9,2026
Jet Airways,Delhi,Cochin,2,1735,21,3,2019,13,55,18,50,22,3,2026
IndiGo,Delhi,Cochin,2,880,27,3,2019,6,40,21,20,28,9,2026
Air India,Delhi,Cochin,1,795,3,3,2019,9,45,23,0,28,9,2026
Jet Airways,Delhi,Cochin,2,1300,15,6,2019,6,45,4,25,16,6,2026
Air India,Kolkata,Banglore,1,1615,6,6,2019,17,30,20,25,6,7,2026
Air India,Delhi,Cochin,1,760,6,3,2019,19,0,7,40,6,4,2026
IndiGo,Kolkata,Banglore,0,155,18,6,2019,4,40,7,15,28,9,2026
Jet Airways,Mumbai,Hyderabad,0,85,6,3,2019,7,5,8,30,28,9,2026
Jet Airways,Banglore,New Delhi,1,1005,21,3,2019,18,40,11,25,19,3,2026
Multiple carriers,Delhi,Cochin,1,760,6,1,2019,12,50,1,30,6,2,2026
SpiceJet,Banglore,Delhi,0,170,27,5,2019,9,30,12,20,28,9,2026
Vistara,Kolkata,Banglore,1,1640,6,12,2019,17,0,20,20,13,6,2026
IndiGo,Kolkata,Banglore,0,165,4,1,2019,9,35,12,20,28,9,2026
Jet Airways,Mumbai,Hyderabad,0,85,5,12,2019,7,5,8,30,28,9,2026
Vistara,Delhi,Cochin,0,190,24,4,2019,14,40,17,50,28,9,2026
Air India,Kolkata,Banglore,0,155,27,5,2019,20,45,23,20,28,9,2026
Jet Airways,Delhi,Cochin,1,1325,18,5,2019,20,55,19,0,19,5,2026
SpiceJet,Delhi,Cochin,1,295,15,4,2019,17,55,22,50,28,9,2026
Jet Airways,Delhi,Cochin,2,1375,21,5,2019,5,30,4,25,22,5,2026
Air India,Delhi,Cochin,1,1420,6,1,2019,9,45,9,25,6,2,2026
IndiGo,Delhi,Cochin,1,345,4,9,2019,21,50,3,35,4,10,2026
IndiGo,Delhi,Cochin,1,425,24,4,2019,5,5,12,10,28,9,2026
Jet Airways,Kolkata,Banglore,1,1745,24,5,2019,17,0,22,5,25,5,2026
Jet Airways,Kolkata,Banglore,1,1285,5,1,2019,17,0,14,25,5,2,2026
SpiceJet,Mumbai,Hyderabad,0,85,15,3,2019,22,45,0,10,16,3,2026
Air Asia,Kolkata,Banglore,0,155,3,9,2019,10,20,12,55,28,9,2026
Air India,Kolkata,Banglore,2,1105,6,6,2019,14,30,8,55,6,7,2026
Jet Airways,Banglore,Delhi,0,180,24,6,2019,8,20,11,20,28,9,2026
Jet Airways,Mumbai,Hyderabad,0,90,6,12,2019,10,20,11,50,28,9,2026
Jet Airways,Delhi,Cochin,1,1485,15,6,2019,18,15,19,0,16,6,2026
Multiple carriers,Delhi,Cochin,1,525,24,6,2019,3,50,12,35,28,9,2026
SpiceJet,Kolkata,Banglore,0,140,24,4,2019,22,20,0,40,25,4,2026
Multiple carriers,Delhi,Cochin,1,485,3,3,2019,10,45,18,50,28,9,2026
Jet Airways,Banglore,New Delhi,1,495,15,3,2019,7,0,15,15,28,9,2026
Jet Airways,Banglore,Delhi,0,185,5,9,2019,18,55,22,0,28,9,2026
Air India,Delhi,Cochin,0,185,6,3,2019,18,5,21,10,28,9,2026
Vistara,Kolkata,Banglore,1,1350,6,9,2019,20,20,18,50,6,10,2026
Jet Airways,Banglore,New Delhi,1,625,3,6,2019,5,45,16,10,28,9,2026
Jet Airways,Banglore,New Delhi,1,1325,3,1,2019,7,0,5,5,3,2,2026
Air India,Delhi,Cochin,2,2295,6,6,2019,5,0,19,15,6,7,2026
Jet Airways,Delhi,Cochin,2,1615,27,6,2019,9,40,12,35,28,6,2026
Air India,Delhi,Cochin,1,1420,6,6,2019,9,45,9,25,6,7,2026
Air India,Kolkata,Banglore,2,1625,6,12,2019,5,50,8,55,13,6,2026
Jet Airways,Kolkata,Banglore,1,570,24,3,2019,13,55,23,25,28,9,2026
Multiple carriers,Delhi,Cochin,1,915,21,3,2019,10,20,1,35,22,3,2026
SpiceJet,Banglore,New Delhi,1,475,3,9,2019,10,20,18,15,28,9,2026
SpiceJet,Chennai,Kolkata,0,140,18,6,2019,17,45,20,5,28,9,2026
Jet Airways,Delhi,Cochin,1,450,15,4,2019,11,30,19,0,28,9,2026
Vistara,Delhi,Cochin,0,190,15,5,2019,6,0,9,10,28,9,2026
Jet Airways,Delhi,Cochin,2,1125,27,5,2019,9,40,4,25,28,5,2026
Air India,Banglore,New Delhi,1,1675,15,3,2019,6,55,10,50,16,3,2026
Jet Airways,Delhi,Cochin,1,1385,21,3,2019,19,45,18,50,22,3,2026
Jet Airways,Delhi,Cochin,1,1100,15,6,2019,18,15,12,35,16,6,2026
IndiGo,Banglore,Delhi,0,170,18,4,2019,8,30,11,20,28,9,2026
IndiGo,Kolkata,Banglore,1,330,5,1,2019,7,10,12,40,28,9,2026
Jet Airways,Delhi,Cochin,2,1390,27,6,2019,13,25,12,35,28,6,2026
IndiGo,Delhi,Cochin,0,195,27,4,2019,5,35,8,50,28,9,2026
Multiple carriers,Delhi,Cochin,1,485,21,3,2019,10,45,18,50,28,9,2026
Jet Airways,Delhi,Cochin,1,620,6,1,2019,2,15,12,35,28,9,2026
Air India,Delhi,Cochin,1,1535,27,3,2019,5,15,6,50,28,3,2026
Jet Airways,Delhi,Cochin,2,1195,24,5,2019,23,5,19,0,25,5,2026
Jet Airways,Delhi,Cochin,1,825,6,1,2019,22,50,12,35,6,2,2026
Jet Airways,Mumbai,Hyderabad,0,85,3,1,2019,7,10,8,35,28,9,2026
Air India,Delhi,Cochin,1,570,27,5,2019,13,30,23,0,28,9,2026
Air India,Kolkata,Banglore,1,675,24,5,2019,9,50,21,5,28,9,2026
Vistara,Kolkata,Banglore,1,700,5,1,2019,7,10,18,50,28,9,2026
Jet Airways,Kolkata,Banglore,1,1055,6,12,2019,16,30,10,5,13,6,2026
Air India,Delhi,Cochin,2,1275,4,9,2019,22,0,19,15,4,10,2026
Jet Airways,Delhi,Cochin,1,1395,6,12,2019,19,45,19,0,13,6,2026
SpiceJet,Kolkata,Banglore,0,140,27,6,2019,22,20,0,40,28,6,2026
Air India,Kolkata,Banglore,1,545,5,6,2019,9,25,18,30,28,9,2026
Air India,Mumbai,Hyderabad,2,1795,3,6,2019,6,0,11,55,3,7,2026
IndiGo,Kolkata,Banglore,1,315,4,6,2019,15,15,20,30,28,9,2026
SpiceJet,Banglore,Delhi,0,170,6,12,2019,9,30,12,20,28,9,2026
Multiple carriers,Delhi,Cochin,1,470,15,6,2019,11,25,19,15,28,9,2026
IndiGo,Delhi,Cochin,1,480,6,12,2019,17,30,1,30,13,6,2026
Multiple carriers,Delhi,Cochin,1,520,24,6,2019,10,20,19,0,28,9,2026
Jet Airways,Delhi,Cochin,1,1270,27,5,2019,21,50,19,0,28,5,2026
Jet Airways,Kolkata,Banglore,1,1160,24,3,2019,13,55,9,15,25,3,2026
IndiGo,Kolkata,Banglore,0,160,3,6,2019,20,25,23,5,28,9,2026
Jet Airways,Banglore,Delhi,0,185,6,6,2019,18,55,22,0,28,9,2026
Multiple carriers,Delhi,Cochin,1,570,6,12,2019,11,30,21,0,28,9,2026
IndiGo,Delhi,Cochin,1,345,5,9,2019,21,50,3,35,5,10,2026
IndiGo,Banglore,New Delhi,0,175,3,3,2019,10,5,13,0,28,9,2026
Jet Airways,Delhi,Cochin,2,1295,6,6,2019,21,25,19,0,6,7,2026
Vistara,Kolkata,Banglore,1,385,5,6,2019,17,0,23,25,28,9,2026
Multiple carriers,Delhi,Cochin,1,720,27,5,2019,9,0,21,0,28,9,2026
Multiple carriers,Delhi,Cochin,1,510,27,5,2019,17,0,1,30,28,5,2026
Jet Airways,Delhi,Cochin,2,1375,24,6,2019,5,30,4,25,25,6,2026
Multiple carriers,Delhi,Cochin,1,690,5,9,2019,7,30,19,0,28,9,2026
Jet Airways,Delhi,Cochin,2,2295,3,6,2019,5,30,19,45,3,7,2026
Multiple carriers,Delhi,Cochin,1,460,21,5,2019,17,15,0,55,22,5,2026
Air Asia,Delhi,Cochin,1,625,27,6,2019,20,45,7,10,28,6,2026
SpiceJet,Chennai,Kolkata,0,135,5,12,2019,9,45,12,0,28,9,2026
SpiceJet,Kolkata,Banglore,0,150,15,6,2019,14,55,17,25,28,9,2026
Jet Airways,Delhi,Cochin,2,830,6,12,2019,14,35,4,25,13,6,2026
Jet Airways,Delhi,Cochin,0,195,6,9,2019,11,0,14,15,28,9,2026
IndiGo,Banglore,Delhi,0,170,21,6,2019,8,30,11,20,28,9,2026
Air India,Mumbai,Hyderabad,2,810,3,12,2019,19,40,9,10,13,3,2026
Jet Airways,Kolkata,Banglore,1,1450,5,12,2019,9,35,9,45,13,5,2026
SpiceJet,Chennai,Kolkata,0,155,15,3,2019,9,30,12,5,28,9,2026
SpiceJet,Mumbai,Hyderabad,0,90,6,12,2019,5,45,7,15,28,9,2026
IndiGo,Banglore,Delhi,0,170,21,5,2019,22,10,1,0,22,5,2026
Air India,Kolkata,Banglore,1,1700,6,6,2019,16,45,21,5,6,7,2026
IndiGo,Chennai,Kolkata,0,145,5,1,2019,5,15,7,40,28,9,2026
Jet Airways,Delhi,Cochin,2,1615,5,1,2019,9,40,12,35,5,2,2026
Air India,Delhi,Cochin,1,320,6,9,2019,17,40,23,0,28,9,2026
Multiple carriers,Delhi,Cochin,1,580,3,6,2019,9,10,18,50,28,9,2026
Jet Airways,Banglore,New Delhi,1,1555,3,1,2019,22,50,0,45,3,3,2026
SpiceJet,Chennai,Kolkata,0,140,6,1,2019,17,45,20,5,28,9,2026
Air India,Kolkata,Banglore,1,1435,24,5,2019,20,30,20,25,25,5,2026
Vistara,Kolkata,Banglore,1,700,18,5,2019,7,10,18,50,28,9,2026
Jet Airways,Delhi,Cochin,1,1680,6,9,2019,15,0,19,0,6,10,2026
Jet Airways,Banglore,Delhi,0,185,15,6,2019,18,55,22,0,28,9,2026
Jet Airways,Banglore,New Delhi,1,1055,21,3,2019,14,5,7,40,19,3,2026
Multiple carriers,Delhi,Cochin,1,390,27,6,2019,19,0,1,30,28,6,2026
IndiGo,Delhi,Cochin,0,195,15,5,2019,14,25,17,40,28,9,2026
Multiple carriers,Delhi,Cochin,1,420,6,12,2019,14,0,21,0,28,9,2026
GoAir,Banglore,Delhi,0,175,27,5,2019,7,45,10,40,28,9,2026
Air India,Delhi,Cochin,1,925,15,6,2019,3,50,19,15,28,9,2026
IndiGo,Kolkata,Banglore,1,255,4,6,2019,6,15,10,30,28,9,2026
Air India,Kolkata,Banglore,2,1210,24,3,2019,9,25,5,35,25,3,2026
GoAir,Banglore,Delhi,0,175,24,4,2019,7,45,10,40,28,9,2026
Air India,Kolkata,Banglore,1,925,5,6,2019,17,30,8,55,5,7,2026
Air India,Kolkata,Banglore,2,470,24,3,2019,5,50,13,40,28,9,2026
Jet Airways,Delhi,Cochin,2,2525,21,3,2019,10,20,4,25,23,3,2026
IndiGo,Kolkata,Banglore,0,165,21,4,2019,9,35,12,20,28,9,2026
IndiGo,Banglore,Delhi,0,165,15,5,2019,1,30,4,15,28,9,2026
Jet Airways,Delhi,Cochin,2,1760,5,9,2019,23,5,4,25,5,11,2026
Air Asia,Kolkata,Banglore,0,150,21,6,2019,19,55,22,25,28,9,2026
Jet Airways,Delhi,Cochin,2,1025,15,6,2019,19,30,12,35,16,6,2026
Air India,Kolkata,Banglore,2,1560,24,3,2019,9,10,11,10,25,3,2026
IndiGo,Banglore,Delhi,0,175,4,3,2019,18,55,21,50,28,9,2026
IndiGo,Banglore,Delhi,0,170,21,5,2019,10,10,13,0,28,9,2026
Air Asia,Delhi,Cochin,1,865,6,1,2019,16,45,7,10,6,2,2026
Vistara,Kolkata,Banglore,1,965,5,6,2019,17,0,9,5,5,7,2026
Multiple carriers Premium economy,Delhi,Cochin,1,620,21,3,2019,8,55,19,15,28,9,2026
Air India,Chennai,Kolkata,0,135,15,3,2019,11,40,13,55,28,9,2026
Jet Airways,Kolkata,Banglore,1,1295,24,5,2019,20,25,18,0,25,5,2026
Air India,Kolkata,Banglore,1,1515,18,5,2019,12,0,13,15,19,5,2026
Jet Airways,Kolkata,Banglore,1,1155,24,5,2019,14,5,9,20,25,5,2026
Vistara,Banglore,New Delhi,0,175,3,1,2019,21,10,0,5,3,2,2026
Air India,Kolkata,Banglore,2,875,5,12,2019,5,50,20,25,28,9,2026
Air India,Delhi,Cochin,1,1640,3,6,2019,6,5,9,25,3,7,2026
Jet Airways,Banglore,New Delhi,1,405,15,3,2019,11,40,18,25,28,9,2026
GoAir,Delhi,Cochin,1,355,15,6,2019,7,0,12,55,28,9,2026
Jet Airways,Kolkata,Banglore,1,850,18,5,2019,8,25,22,35,28,9,2026
SpiceJet,Mumbai,Hyderabad,0,90,15,5,2019,22,45,0,15,16,5,2026
IndiGo,Chennai,Kolkata,0,140,18,6,2019,22,5,0,25,19,6,2026
IndiGo,Delhi,Cochin,1,895,6,9,2019,7,35,22,30,28,9,2026
IndiGo,Delhi,Cochin,1,265,3,3,2019,7,35,12,0,28,9,2026
Air India,Mumbai,Hyderabad,0,75,3,12,2019,19,30,20,45,28,9,2026
Multiple carriers,Delhi,Cochin,1,840,24,6,2019,11,30,1,30,25,6,2026
Jet Airways,Kolkata,Banglore,1,590,24,3,2019,6,30,16,20,28,9,2026
IndiGo,Delhi,Cochin,1,965,24,4,2019,4,55,21,0,28,9,2026
IndiGo,Kolkata,Banglore,0,165,18,4,2019,9,35,12,20,28,9,2026
Air India,Delhi,Cochin,2,1485,6,12,2019,18,30,19,15,13,6,2026
Jet Airways,Banglore,New Delhi,1,1175,3,12,2019,20,35,16,10,13,3,2026
Jet Airways,Delhi,Cochin,2,1375,6,1,2019,5,30,4,25,6,2,2026
Air India,Mumbai,Hyderabad,2,1795,3,12,2019,6,0,11,55,13,3,2026
Jet Airways,Kolkata,Banglore,1,875,21,5,2019,14,5,4,40,22,5,2026
Jet Airways,Delhi,Cochin,1,1530,15,6,2019,17,30,19,0,16,6,2026
Jet Airways,Kolkata,Banglore,1,585,6,6,2019,18,55,4,40,6,7,2026
Jet Airways,Kolkata,Banglore,1,1570,18,5,2019,17,0,19,10,19,5,2026
Multiple carriers,Delhi,Cochin,1,600,24,6,2019,9,0,19,0,28,9,2026
Jet Airways,Kolkata,Banglore,1,1330,5,12,2019,6,30,4,40,13,5,2026
Multiple carriers,Delhi,Cochin,1,735,3,9,2019,7,30,19,45,28,9,2026
Jet Airways,Kolkata,Banglore,1,1075,5,12,2019,17,0,10,55,13,5,2026
Jet Airways,Kolkata,Banglore,1,1075,6,6,2019,17,0,10,55,6,7,2026
Air Asia,Banglore,Delhi,0,170,5,6,2019,4,55,7,45,28,9,2026
Air India,Banglore,New Delhi,2,1625,15,3,2019,8,15,11,20,16,3,2026
Air India,Delhi,Cochin,1,570,24,6,2019,13,30,23,0,28,9,2026
IndiGo,Kolkata,Banglore,0,155,24,6,2019,15,30,18,5,28,9,2026
Jet Airways,Kolkata,Banglore,1,585,18,5,2019,18,55,4,40,19,5,2026
Jet Airways,Delhi,Cochin,1,1395,6,3,2019,19,45,19,0,6,4,2026
Vistara,Banglore,New Delhi,0,165,21,3,2019,9,50,12,35,28,9,2026
SpiceJet,Kolkata,Banglore,0,150,24,3,2019,9,0,11,30,28,9,2026
Air India,Banglore,Delhi,0,165,5,12,2019,6,10,8,55,28,9,2026
Jet Airways,Kolkata,Banglore,1,510,6,12,2019,14,5,22,35,28,9,2026
Air India,Kolkata,Banglore,1,1555,24,3,2019,7,0,8,55,25,3,2026
Jet Airways,Delhi,Cochin,1,540,24,6,2019,10,0,19,0,28,9,2026
Vistara,Mumbai,Hyderabad,1,745,3,12,2019,7,30,19,55,28,9,2026
IndiGo,Banglore,Delhi,0,170,27,5,2019,13,0,15,50,28,9,2026
Air India,Kolkata,Banglore,0,150,3,9,2019,14,15,16,45,28,9,2026
Air Asia,Kolkata,Banglore,0,150,15,3,2019,22,50,1,20,16,3,2026
Jet Airways,Kolkata,Banglore,1,890,5,12,2019,21,10,12,0,13,5,2026
IndiGo,Banglore,Delhi,0,175,15,5,2019,0,30,3,25,28,9,2026
Multiple carriers,Delhi,Cochin,1,435,15,6,2019,18,15,1,30,16,6,2026
IndiGo,Banglore,Delhi,0,170,24,5,2019,8,30,11,20,28,9,2026
IndiGo,Mumbai,Hyderabad,0,90,6,3,2019,21,20,22,50,28,9,2026
SpiceJet,Kolkata,Banglore,0,150,27,3,2019,9,0,11,30,28,9,2026
Air India,Banglore,Delhi,0,165,18,4,2019,17,0,19,45,28,9,2026
SpiceJet,Banglore,Delhi,0,160,27,5,2019,5,55,8,35,28,9,2026
IndiGo,Kolkata,Banglore,1,235,4,9,2019,19,55,23,50,28,9,2026
Air India,Delhi,Cochin,2,500,24,6,2019,10,55,19,15,28,9,2026
Jet Airways,Banglore,New Delhi,1,435,18,3,2019,8,0,15,15,28,9,2026
Jet Airways,Delhi,Cochin,1,1530,6,12,2019,17,30,19,0,13,6,2026
GoAir,Kolkata,Banglore,1,455,18,5,2019,16,40,0,15,19,5,2026
Jet Airways,Banglore,New Delhi,1,845,3,12,2019,8,55,23,0,28,9,2026
Jet Airways,Kolkata,Banglore,1,890,24,3,2019,13,55,4,45,25,3,2026
IndiGo,Kolkata,Banglore,1,345,24,3,2019,5,35,11,20,28,9,2026
IndiGo,Delhi,Cochin,1,455,27,6,2019,8,35,16,10,28,9,2026
Air India,Banglore,Delhi,0,170,4,12,2019,21,5,23,55,28,9,2026
SpiceJet,Kolkata,Banglore,1,520,6,12,2019,8,35,17,15,28,9,2026
Jet Airways,Delhi,Cochin,1,885,6,1,2019,21,50,12,35,6,2,2026
Jet Airways,Mumbai,Hyderabad,1,1610,3,6,2019,14,0,16,50,3,7,2026
Jet Airways,Kolkata,Banglore,1,400,15,5,2019,14,5,20,45,28,9,2026
IndiGo,Banglore,Delhi,0,180,21,4,2019,21,15,0,15,22,4,2026
Jet Airways,Kolkata,Banglore,1,1655,5,6,2019,6,30,10,5,5,7,2026
SpiceJet,Mumbai,Hyderabad,0,90,4,3,2019,5,45,7,15,28,9,2026
Air India,Kolkata,Banglore,1,1185,24,3,2019,20,30,16,15,25,3,2026
IndiGo,Delhi,Cochin,1,635,27,3,2019,15,0,1,35,28,3,2026
IndiGo,Delhi,Cochin,1,940,21,3,2019,6,40,22,20,28,9,2026
Jet Airways,Delhi,Cochin,1,1595,4,1,2019,10,0,12,35,4,2,2026
Jet Airways,Delhi,Cochin,1,395,27,6,2019,21,50,4,25,28,6,2026
Air India,Banglore,New Delhi,2,2105,3,3,2019,11,5,22,10,3,7,2026
Jet Airways,Delhi,Cochin,1,335,5,9,2019,22,50,4,25,5,10,2026
Jet Airways,Delhi,Cochin,1,610,3,6,2019,18,15,4,25,3,7,2026
Air India,Kolkata,Banglore,3,2115,5,12,2019,12,0,23,15,13,5,2026
Multiple carriers,Delhi,Cochin,1,600,5,6,2019,9,0,19,0,28,9,2026
Jet Airways,Kolkata,Banglore,1,1025,4,1,2019,6,30,23,35,28,9,2026
Jet Airways,Delhi,Cochin,1,925,27,5,2019,13,0,4,25,28,5,2026
Jet Airways,Kolkata,Banglore,1,435,6,9,2019,10,20,17,35,28,9,2026
Air India,Delhi,Cochin,2,1105,27,6,2019,13,15,7,40,28,6,2026
Air India,Kolkata,Banglore,2,1665,5,1,2019,10,0,13,45,5,2,2026
Jet Airways,Kolkata,Banglore,1,1285,5,12,2019,18,55,16,20,13,5,2026
IndiGo,Banglore,Delhi,0,180,4,6,2019,16,55,19,55,28,9,2026
Vistara,Banglore,Delhi,0,170,5,6,2019,21,0,23,50,28,9,2026
Jet Airways,Delhi,Cochin,1,395,6,6,2019,21,50,4,25,6,7,2026
IndiGo,Delhi,Cochin,1,860,27,5,2019,6,40,21,0,28,9,2026
IndiGo,Delhi,Cochin,2,880,21,3,2019,6,40,21,20,28,9,2026
Jet Airways,Delhi,Cochin,1,620,6,6,2019,2,15,12,35,28,9,2026
IndiGo,Kolkata,Banglore,0,155,21,5,2019,22,15,0,50,22,5,2026
Air India,Delhi,Cochin,1,555,3,6,2019,10,0,19,15,28,9,2026
Jet Airways,Kolkata,Banglore,1,690,18,5,2019,9,35,21,5,28,9,2026
Air India,Kolkata,Banglore,1,745,6,9,2019,9,25,21,50,28,9,2026
Multiple carriers,Delhi,Cochin,1,605,21,3,2019,9,10,19,15,28,9,2026
Jet Airways,Delhi,Cochin,1,1485,6,3,2019,18,15,19,0,6,4,2026
IndiGo,Delhi,Cochin,2,765,3,3,2019,8,35,21,20,28,9,2026
Air Asia,Kolkata,Banglore,1,710,4,1,2019,7,35,19,25,28,9,2026
Air India,Delhi,Cochin,1,640,6,12,2019,21,0,7,40,13,6,2026
Air India,Banglore,Delhi,0,165,5,3,2019,6,10,8,55,28,9,2026
SpiceJet,Kolkata,Banglore,0,150,24,6,2019,17,10,19,40,28,9,2026
Multiple carriers,Delhi,Cochin,1,705,6,6,2019,7,30,19,15,28,9,2026
Jet Airways,Banglore,New Delhi,1,745,3,12,2019,8,55,21,20,28,9,2026
IndiGo,Banglore,Delhi,0,175,5,3,2019,18,25,21,20,28,9,2026
Air India,Kolkata,Banglore,2,590,5,12,2019,12,0,21,50,28,9,2026
IndiGo,Kolkata,Banglore,0,165,6,3,2019,20,25,23,10,28,9,2026
IndiGo,Banglore,New Delhi,0,170,24,3,2019,16,55,19,45,28,9,2026
Air India,Kolkata,Banglore,2,1165,6,6,2019,10,0,5,25,6,7,2026
IndiGo,Banglore,New Delhi,1,300,21,3,2019,14,25,19,25,28,9,2026
Jet Airways,Banglore,Delhi,0,165,15,5,2019,6,0,8,45,28,9,2026
Multiple carriers,Delhi,Cochin,1,520,5,6,2019,10,20,19,0,28,9,2026
Multiple carriers,Delhi,Cochin,1,470,18,5,2019,11,25,19,15,28,9,2026
Air India,Kolkata,Banglore,0,155,6,3,2019,20,45,23,20,28,9,2026
Jet Airways,Delhi,Cochin,1,600,6,9,2019,9,0,19,0,28,9,2026
SpiceJet,Kolkata,Banglore,1,435,5,6,2019,11,15,18,30,28,9,2026
Air Asia,Kolkata,Banglore,1,220,4,1,2019,6,50,10,30,28,9,2026
Air India,Delhi,Cochin,1,615,3,6,2019,9,0,19,15,28,9,2026
Air India,Kolkata,Banglore,1,905,15,5,2019,16,50,7,55,16,5,2026
Multiple carriers,Delhi,Cochin,1,540,24,6,2019,10,0,19,0,28,9,2026
Jet Airways,Delhi,Cochin,2,1300,24,6,2019,6,45,4,25,25,6,2026
GoAir,Kolkata,Banglore,1,455,5,6,2019,16,40,0,15,5,7,2026
Jet Airways,Banglore,Delhi,0,165,5,3,2019,6,0,8,45,28,9,2026
Jet Airways,Delhi,Cochin,2,1365,3,9,2019,5,40,4,25,3,10,2026
Air India,Banglore,New Delhi,1,1420,3,9,2019,17,0,16,40,13,3,2026
Multiple carriers,Delhi,Cochin,1,395,15,5,2019,6,0,12,35,28,9,2026
Jet Airways,Kolkata,Banglore,1,730,5,1,2019,16,30,4,40,5,2,2026
SpiceJet,Chennai,Kolkata,0,135,5,3,2019,9,45,12,0,28,9,2026
Jet Airways,Banglore,New Delhi,1,950,3,1,2019,8,55,0,45,3,2,2026
Air Asia,Kolkata,Banglore,0,150,4,1,2019,19,55,22,25,28,9,2026
IndiGo,Kolkata,Banglore,0,155,6,1,2019,4,40,7,15,28,9,2026
Jet Airways,Mumbai,Hyderabad,0,90,15,6,2019,19,35,21,5,28,9,2026
Jet Airways,Delhi,Cochin,0,195,5,12,2019,11,0,14,15,28,9,2026
IndiGo,Delhi,Cochin,1,975,21,3,2019,4,45,21,0,28,9,2026
Jet Airways,Kolkata,Banglore,1,1285,4,1,2019,18,55,16,20,4,2,2026
Jet Airways,Kolkata,Banglore,1,425,6,12,2019,16,30,23,35,28,9,2026
Jet Airways,Kolkata,Banglore,1,1730,5,1,2019,9,35,14,25,5,2,2026
Air India,Delhi,Cochin,0,170,18,5,2019,5,10,8,0,28,9,2026
IndiGo,Chennai,Kolkata,0,140,5,6,2019,22,5,0,25,5,7,2026
Air India,Mumbai,Hyderabad,0,75,5,6,2019,19,30,20,45,28,9,2026
Air India,Mumbai,Hyderabad,0,80,6,12,2019,21,5,22,25,28,9,2026
Jet Airways,Kolkata,Banglore,1,740,6,6,2019,8,25,20,45,28,9,2026
Multiple carriers,Delhi,Cochin,1,390,6,9,2019,19,0,1,30,6,10,2026
Jet Airways,Delhi,Cochin,1,1425,15,6,2019,19,15,19,0,16,6,2026
Jet Airways,Kolkata,Banglore,1,800,6,9,2019,6,30,19,50,28,9,2026
Air India,Chennai,Kolkata,0,135,15,5,2019,11,40,13,55,28,9,2026
Jet Airways,Kolkata,Banglore,1,425,5,9,2019,16,30,23,35,28,9,2026
SpiceJet,Kolkata,Banglore,0,140,5,3,2019,22,20,0,40,5,4,2026
Air India,Kolkata,Banglore,1,675,6,9,2019,9,50,21,5,28,9,2026
Vistara,Banglore,Delhi,0,170,5,6,2019,11,30,14,20,28,9,2026
Air India,Mumbai,Hyderabad,0,75,3,3,2019,19,30,20,45,28,9,2026
Air India,Kolkata,Banglore,2,920,5,9,2019,10,0,1,20,5,10,2026
IndiGo,Kolkata,Banglore,0,165,3,9,2019,9,35,12,20,28,9,2026
IndiGo,Delhi,Cochin,1,320,5,9,2019,17,5,22,25,28,9,2026
Vistara,Kolkata,Banglore,1,700,5,12,2019,7,10,18,50,28,9,2026
Jet Airways,Kolkata,Banglore,1,365,5,9,2019,16,30,22,35,28,9,2026
GoAir,Banglore,Delhi,0,165,21,6,2019,20,55,23,40,28,9,2026
Jet Airways,Delhi,Cochin,1,450,21,5,2019,20,55,4,25,22,5,2026
IndiGo,Delhi,Cochin,1,400,21,3,2019,6,40,13,20,28,9,2026
IndiGo,Kolkata,Banglore,0,165,24,6,2019,9,35,12,20,28,9,2026
IndiGo,Chennai,Kolkata,0,145,6,6,2019,5,15,7,40,28,9,2026
IndiGo,Kolkata,Banglore,0,155,24,5,2019,11,30,14,5,28,9,2026
Jet Airways,Delhi,Cochin,1,660,3,9,2019,17,25,4,25,3,10,2026
IndiGo,Mumbai,Hyderabad,0,90,5,1,2019,16,55,18,25,28,9,2026
Air Asia,Banglore,Delhi,0,170,4,9,2019,4,55,7,45,28,9,2026
SpiceJet,Banglore,New Delhi,0,170,15,3,2019,5,45,8,35,28,9,2026
Jet Airways,Kolkata,Banglore,1,1210,24,3,2019,13,55,10,5,25,3,2026
IndiGo,Banglore,New Delhi,0,175,24,3,2019,21,20,0,15,28,3,2026
Vistara,Delhi,Cochin,0,190,15,4,2019,6,0,9,10,28,9,2026
Air India,Delhi,Cochin,2,435,15,5,2019,12,0,19,15,28,9,2026
Jet Airways,Delhi,Cochin,0,195,5,9,2019,11,0,14,15,28,9,2026
Multiple carriers,Delhi,Cochin,1,540,6,12,2019,10,0,19,0,28,9,2026
Jet Airways,Delhi,Cochin,2,1760,27,5,2019,23,5,4,25,29,5,2026
Jet Airways,Banglore,Delhi,0,180,27,6,2019,17,45,20,45,28,9,2026
IndiGo,Mumbai,Hyderabad,0,90,18,5,2019,16,55,18,25,28,9,2026
Air India,Delhi,Cochin,0,170,5,9,2019,5,10,8,0,28,9,2026
Multiple carriers,Delhi,Cochin,1,730,27,5,2019,7,5,19,15,28,9,2026
Air India,Chennai,Kolkata,0,135,6,12,2019,11,40,13,55,28,9,2026
IndiGo,Banglore,Delhi,0,165,6,3,2019,6,5,8,50,28,9,2026
Jet Airways,Kolkata,Banglore,1,800,5,6,2019,18,55,8,15,5,7,2026
Jet Airways,Delhi,Cochin,1,610,6,3,2019,18,15,4,25,6,4,2026
Jet Airways,Kolkata,Banglore,1,800,18,5,2019,18,55,8,15,19,5,2026
Jet Airways,Banglore,New Delhi,1,315,15,3,2019,7,0,12,15,28,9,2026
Jet Airways,Banglore,Delhi,0,180,4,12,2019,7,10,10,10,28,9,2026
Jet Airways,Delhi,Cochin,1,1270,5,9,2019,21,50,19,0,5,10,2026
Jet Airways,Kolkata,Banglore,1,740,24,5,2019,8,25,20,45,28,9,2026
Jet Airways,Delhi,Cochin,1,1015,5,9,2019,11,30,4,25,5,10,2026
IndiGo,Banglore,Delhi,0,180,18,6,2019,21,15,0,15,19,6,2026
Jet Airways,Kolkata,Banglore,1,1285,24,5,2019,18,55,16,20,25,5,2026
Air India,Kolkata,Banglore,1,1435,5,6,2019,20,30,20,25,5,7,2026
Multiple carriers,Delhi,Cochin,1,455,27,3,2019,11,40,19,15,28,9,2026
Jet Airways,Kolkata,Banglore,1,575,6,6,2019,9,35,19,10,28,9,2026
IndiGo,Chennai,Kolkata,0,140,18,5,2019,14,45,17,5,28,9,2026
Jet Airways,Delhi,Cochin,1,520,21,5,2019,19,45,4,25,22,5,2026
Jet Airways,Delhi,Cochin,2,600,15,6,2019,18,25,4,25,16,6,2026
Jet Airways,Kolkata,Banglore,1,505,15,5,2019,9,35,18,0,28,9,2026
Jet Airways,Delhi,Cochin,1,1670,21,3,2019,15,0,18,50,22,3,2026
Air India,Banglore,New Delhi,2,980,15,3,2019,5,50,22,10,28,9,2026
Jet Airways,Banglore,New Delhi,1,885,18,3,2019,16,55,7,40,16,3,2026
Air India,Delhi,Cochin,2,1600,6,12,2019,5,0,7,40,13,6,2026
Jet Airways,Kolkata,Banglore,1,800,5,6,2019,20,0,9,20,5,7,2026
Multiple carriers,Delhi,Cochin,2,625,15,6,2019,15,5,1,30,16,6,2026
Jet Airways,Kolkata,Banglore,1,690,24,5,2019,9,35,21,5,28,9,2026
Multiple carriers,Delhi,Cochin,1,570,5,9,2019,11,30,21,0,28,9,2026
Air India,Delhi,Cochin,1,1640,4,6,2019,6,5,9,25,4,7,2026
Jet Airways,Kolkata,Banglore,1,1640,4,1,2019,16,30,19,50,4,2,2026
Jet Airways,Delhi,Cochin,2,1140,6,12,2019,9,25,4,25,13,6,2026
Jet Airways,Delhi,Cochin,1,1260,3,9,2019,21,50,18,50,3,10,2026
Multiple carriers,Delhi,Cochin,1,600,6,9,2019,9,0,19,0,28,9,2026
IndiGo,Kolkata,Banglore,0,155,24,5,2019,15,30,18,5,28,9,2026
Jet Airways,Kolkata,Banglore,1,400,18,5,2019,14,5,20,45,28,9,2026
Air India,Kolkata,Banglore,2,1505,24,5,2019,9,25,10,30,25,5,2026
Jet Airways,Delhi,Cochin,2,1375,21,5,2019,5,30,4,25,22,5,2026
Jet Airways,Banglore,New Delhi,1,375,18,3,2019,22,50,5,5,16,3,2026
Multiple carriers,Delhi,Cochin,1,690,24,6,2019,7,30,19,0,28,9,2026
Air Asia,Banglore,Delhi,0,165,5,6,2019,11,10,13,55,28,9,2026
IndiGo,Delhi,Cochin,1,490,6,3,2019,14,20,22,30,28,9,2026
IndiGo,Banglore,New Delhi,0,170,3,1,2019,13,0,15,50,28,9,2026
Jet Airways,Banglore,Delhi,0,175,4,9,2019,11,10,14,5,28,9,2026
Air India,Delhi,Cochin,1,795,15,6,2019,9,45,23,0,28,9,2026
Jet Airways,Delhi,Cochin,2,440,5,9,2019,11,40,19,0,28,9,2026
IndiGo,Chennai,Kolkata,0,140,5,12,2019,13,15,15,35,28,9,2026
Jet Airways,Kolkata,Banglore,1,1005,6,9,2019,17,0,9,45,6,10,2026
Air India,Delhi,Cochin,2,1410,3,3,2019,19,45,19,15,3,4,2026
Jet Airways,Delhi,Cochin,1,995,3,6,2019,2,15,18,50,28,9,2026
Multiple carriers,Delhi,Cochin,2,460,6,12,2019,17,50,1,30,13,6,2026
Air Asia,Delhi,Cochin,1,330,15,5,2019,7,55,13,25,28,9,2026
Air India,Delhi,Cochin,1,765,6,1,2019,20,40,9,25,6,2,2026
IndiGo,Kolkata,Banglore,0,165,15,4,2019,9,35,12,20,28,9,2026
Jet Airways,Banglore,Delhi,0,180,4,3,2019,17,45,20,45,28,9,2026
Air India,Chennai,Kolkata,0,135,5,9,2019,11,40,13,55,28,9,2026
Jet Airways,Kolkata,Banglore,1,1375,18,5,2019,5,45,4,40,19,5,2026
Multiple carriers,Delhi,Cochin,1,545,6,12,2019,7,5,16,10,28,9,2026
Jet Airways,Delhi,Cochin,1,520,6,3,2019,19,45,4,25,6,4,2026
Air India,Banglore,New Delhi,1,895,21,3,2019,8,15,23,10,28,9,2026
Vistara,Banglore,Delhi,0,170,5,12,2019,11,30,14,20,28,9,2026
Jet Airways,Kolkata,Banglore,1,800,24,5,2019,20,0,9,20,25,5,2026
Jet Airways,Delhi,Cochin,2,1300,6,1,2019,6,45,4,25,6,2,2026
Air India,Banglore,New Delhi,1,1645,3,1,2019,5,50,9,15,3,2,2026
SpiceJet,Kolkata,Banglore,0,155,15,4,2019,6,55,9,30,28,9,2026
IndiGo,Banglore,Delhi,0,175,27,4,2019,7,10,10,5,28,9,2026
Jet Airways,Delhi,Cochin,2,1615,6,9,2019,9,40,12,35,6,10,2026
Jet Airways,Delhi,Cochin,2,1375,6,1,2019,5,30,4,25,6,2,2026
IndiGo,Banglore,New Delhi,0,170,3,1,2019,22,20,1,10,3,2,2026
Jet Airways,Banglore,New Delhi,1,765,3,12,2019,18,55,7,40,13,3,2026
Multiple carriers,Delhi,Cochin,1,900,15,6,2019,6,0,21,0,28,9,2026
Jet Airways,Kolkata,Banglore,1,1520,6,6,2019,9,35,10,55,6,7,2026
IndiGo,Delhi,Cochin,1,325,4,3,2019,2,0,7,25,28,9,2026
IndiGo,Banglore,New Delhi,1,245,21,3,2019,11,20,15,25,28,9,2026
IndiGo,Banglore,Delhi,0,170,27,5,2019,10,10,13,0,28,9,2026
Jet Airways,Delhi,Cochin,2,1140,6,9,2019,9,25,4,25,6,10,2026
IndiGo,Kolkata,Banglore,0,155,4,1,2019,20,20,22,55,28,9,2026
Jet Airways,Kolkata,Banglore,1,800,6,9,2019,20,25,9,45,6,10,2026
Multiple carriers,Delhi,Cochin,1,705,15,6,2019,7,30,19,15,28,9,2026
Air India,Delhi,Cochin,1,640,15,6,2019,21,0,7,40,16,6,2026
Multiple carriers,Delhi,Cochin,1,630,6,3,2019,15,0,1,30,6,4,2026
Jet Airways,Kolkata,Banglore,1,735,6,12,2019,20,0,8,15,13,6,2026
Jet Airways,Kolkata,Banglore,1,1170,15,5,2019,16,30,12,0,16,5,2026
Air India,Delhi,Cochin,1,320,15,6,2019,17,40,23,0,28,9,2026
Jet Airways,Delhi,Cochin,1,1680,6,6,2019,15,0,19,0,6,7,2026
Multiple carriers Premium economy,Delhi,Cochin,1,395,21,3,2019,19,0,1,35,22,3,2026
Multiple carriers,Delhi,Cochin,1,615,6,3,2019,15,15,1,30,6,4,2026
Jet Airways,Delhi,Cochin,2,1430,18,5,2019,19,10,19,0,19,5,2026
Jet Airways,Kolkata,Banglore,1,590,6,9,2019,6,30,16,20,28,9,2026
Jet Airways,Mumbai,Hyderabad,0,90,24,3,2019,2,55,4,25,28,9,2026
Jet Airways,Banglore,Delhi,0,175,4,3,2019,15,15,18,10,28,9,2026
Vistara,Kolkata,Banglore,1,1550,24,5,2019,17,0,18,50,25,5,2026
Jet Airways,Delhi,Cochin,1,600,5,9,2019,9,0,19,0,28,9,2026
IndiGo,Kolkata,Banglore,1,275,24,4,2019,19,35,0,10,25,4,2026
GoAir,Delhi,Cochin,1,535,27,3,2019,10,25,19,20,28,9,2026
Multiple carriers,Delhi,Cochin,1,620,27,3,2019,8,55,19,15,28,9,2026
Air India,Kolkata,Banglore,2,1155,5,6,2019,16,45,12,0,5,7,2026
Air India,Banglore,New Delhi,0,165,3,1,2019,6,10,8,55,28,9,2026
Air India,Delhi,Cochin,2,970,15,5,2019,17,15,9,25,16,5,2026
Vistara,Banglore,Delhi,0,160,4,1,2019,7,0,9,40,28,9,2026
IndiGo,Delhi,Cochin,1,415,24,6,2019,18,35,1,30,25,6,2026
Air India,Banglore,New Delhi,1,920,15,3,2019,22,0,13,20,16,3,2026
SpiceJet,Kolkata,Banglore,0,155,18,5,2019,6,55,9,30,28,9,2026
IndiGo,Mumbai,Hyderabad,0,90,18,6,2019,9,15,10,45,28,9,2026
Jet Airways,Kolkata,Banglore,1,910,5,9,2019,18,55,10,5,5,10,2026
IndiGo,Delhi,Cochin,0,195,6,3,2019,14,25,17,40,28,9,2026
Air India,Kolkata,Banglore,2,1830,24,3,2019,16,45,23,15,25,3,2026
Air India,Banglore,New Delhi,1,1490,3,9,2019,10,30,11,20,13,3,2026
Jet Airways,Delhi,Cochin,2,1760,21,5,2019,23,5,4,25,23,5,2026
Multiple carriers,Delhi,Cochin,1,910,27,5,2019,10,20,1,30,28,5,2026
Jet Airways,Delhi,Cochin,2,1295,6,3,2019,21,25,19,0,6,4,2026
SpiceJet,Mumbai,Hyderabad,0,90,5,3,2019,22,45,0,15,5,4,2026
Jet Airways,Mumbai,Hyderabad,0,85,18,5,2019,7,5,8,30,28,9,2026
IndiGo,Delhi,Cochin,1,835,15,6,2019,8,35,22,30,28,9,2026
Jet Airways,Delhi,Cochin,2,535,6,9,2019,19,30,4,25,6,10,2026
IndiGo,Mumbai,Hyderabad,0,90,4,1,2019,16,55,18,25,28,9,2026
Multiple carriers,Delhi,Cochin,1,660,18,5,2019,8,0,19,0,28,9,2026
Air India,Banglore,New Delhi,2,435,3,1,2019,10,30,17,45,28,9,2026
Air India,Delhi,Cochin,2,1380,27,6,2019,20,15,19,15,28,6,2026
Jet Airways,Kolkata,Banglore,1,800,5,1,2019,20,0,9,20,5,2,2026
Jet Airways,Kolkata,Banglore,1,475,6,12,2019,8,25,16,20,28,9,2026
Jet Airways,Delhi,Cochin,1,395,6,9,2019,21,50,4,25,6,10,2026
Multiple carriers,Delhi,Cochin,1,480,4,9,2019,13,0,21,0,28,9,2026
Jet Airways,Banglore,New Delhi,1,1285,3,12,2019,22,55,20,20,13,3,2026
SpiceJet,Banglore,Delhi,0,170,15,5,2019,9,30,12,20,28,9,2026
IndiGo,Banglore,Delhi,0,170,18,4,2019,10,10,13,0,28,9,2026
Multiple carriers,Delhi,Cochin,1,450,3,3,2019,8,0,15,30,28,9,2026
Jet Airways,Delhi,Cochin,2,1195,27,5,2019,23,5,19,0,28,5,2026
Air India,Delhi,Cochin,1,555,18,5,2019,10,0,19,15,28,9,2026
Vistara,Kolkata,Banglore,1,865,24,5,2019,20,20,10,45,25,5,2026
Vistara,Kolkata,Banglore,1,865,6,9,2019,20,20,10,45,6,10,2026
Jet Airways,Kolkata,Banglore,1,345,24,3,2019,13,55,19,40,28,9,2026
Jet Airways,Kolkata,Banglore,1,1400,18,5,2019,18,55,18,15,19,5,2026
Air India,Delhi,Cochin,1,1535,27,6,2019,5,15,6,50,28,6,2026
Vistara,Banglore,Delhi,0,155,27,4,2019,17,0,19,35,28,9,2026
Jet Airways,Banglore,New Delhi,1,755,21,3,2019,22,50,11,25,19,3,2026
Jet Airways,Banglore,New Delhi,1,640,3,1,2019,22,50,9,30,3,2,2026
Jet Airways,Kolkata,Banglore,1,1575,18,5,2019,14,5,16,20,19,5,2026
Vistara,Delhi,Cochin,0,190,3,3,2019,6,0,9,10,28,9,2026
Air India,Delhi,Cochin,0,170,6,3,2019,5,10,8,0,28,9,2026
Air India,Kolkata,Banglore,2,1390,5,1,2019,12,0,11,10,5,2,2026
SpiceJet,Kolkata,Banglore,0,140,4,9,2019,22,20,0,40,4,10,2026
IndiGo,Delhi,Cochin,1,380,24,6,2019,16,10,22,30,28,9,2026
Jet Airways,Banglore,Delhi,0,175,21,6,2019,15,15,18,10,28,9,2026
Air Asia,Kolkata,Banglore,1,720,6,9,2019,22,40,10,40,6,10,2026
Jet Airways,Delhi,Cochin,2,1125,4,9,2019,9,40,4,25,4,10,2026
Air India,Kolkata,Banglore,2,535,5,1,2019,9,25,18,20,28,9,2026
Jet Airways,Delhi,Cochin,2,1125,15,6,2019,9,40,4,25,16,6,2026
Multiple carriers,Delhi,Cochin,1,465,5,9,2019,17,45,1,30,5,10,2026
IndiGo,Kolkata,Banglore,1,280,5,12,2019,17,35,22,15,28,9,2026
IndiGo,Mumbai,Hyderabad,0,90,3,1,2019,2,30,4,0,28,9,2026
IndiGo,Banglore,New Delhi,1,290,15,3,2019,7,30,12,20,28,9,2026
SpiceJet,Kolkata,Banglore,0,140,24,3,2019,22,20,0,40,25,3,2026
Air India,Banglore,Delhi,0,165,5,6,2019,17,0,19,45,28,9,2026
Multiple carriers,Delhi,Cochin,1,480,6,1,2019,13,0,21,0,28,9,2026
Jet Airways,Banglore,New Delhi,1,375,18,3,2019,7,0,13,15,28,9,2026
IndiGo,Delhi,Cochin,1,575,6,9,2019,11,25,21,0,28,9,2026
Jet Airways,Mumbai,Hyderabad,0,85,4,3,2019,2,55,4,20,28,9,2026
Jet Airways,Delhi,Cochin,2,1620,5,9,2019,9,35,12,35,5,10,2026
IndiGo,Delhi,Cochin,0,195,21,4,2019,5,35,8,50,28,9,2026
IndiGo,Kolkata,Banglore,0,150,6,3,2019,15,15,17,45,28,9,2026
IndiGo,Delhi,Cochin,1,295,21,4,2019,5,10,10,5,28,9,2026
Jet Airways,Mumbai,Hyderabad,0,90,21,5,2019,19,35,21,5,28,9,2026
IndiGo,Banglore,New Delhi,0,175,15,3,2019,18,25,21,20,28,9,2026
Air India,Delhi,Cochin,2,865,27,6,2019,17,15,7,40,28,6,2026
SpiceJet,Banglore,Delhi,0,175,21,6,2019,21,10,0,5,22,6,2026
Vistara,Banglore,New Delhi,0,160,3,9,2019,19,40,22,20,28,9,2026
Air India,Kolkata,Banglore,1,965,5,1,2019,19,0,11,5,5,2,2026
Jet Airways,Kolkata,Banglore,1,475,6,6,2019,8,25,16,20,28,9,2026
IndiGo,Chennai,Kolkata,0,140,18,3,2019,19,35,21,55,28,9,2026
IndiGo,Delhi,Cochin,1,500,15,5,2019,17,10,1,30,16,5,2026
IndiGo,Banglore,New Delhi,0,175,15,3,2019,21,20,0,15,16,3,2026
GoAir,Kolkata,Banglore,1,495,5,6,2019,23,30,7,45,5,7,2026
Jet Airways,Banglore,New Delhi,1,305,18,3,2019,14,5,19,10,28,9,2026
Air India,Kolkata,Banglore,2,1045,5,6,2019,5,50,23,15,28,9,2026
IndiGo,Delhi,Cochin,1,305,24,4,2019,20,25,1,30,25,4,2026
IndiGo,Delhi,Cochin,1,305,18,5,2019,23,30,4,35,19,5,2026
Jet Airways,Kolkata,Banglore,1,800,6,12,2019,20,0,9,20,13,6,2026
Jet Airways,Kolkata,Banglore,1,730,5,9,2019,16,30,4,40,5,10,2026
Jet Airways,Kolkata,Banglore,1,685,5,12,2019,8,25,19,50,28,9,2026
Vistara,Banglore,Delhi,0,160,4,6,2019,7,0,9,40,28,9,2026
IndiGo,Delhi,Cochin,1,275,6,9,2019,7,35,12,10,28,9,2026
Jet Airways,Delhi,Cochin,1,1470,27,3,2019,19,15,19,45,28,3,2026
Jet Airways,Delhi,Cochin,1,660,24,6,2019,8,0,19,0,28,9,2026
Jet Airways,Banglore,New Delhi,1,665,3,6,2019,20,35,7,40,3,7,2026
Air India,Delhi,Cochin,1,1255,27,6,2019,12,30,9,25,28,6,2026
IndiGo,Kolkata,Banglore,0,160,3,1,2019,20,25,23,5,28,9,2026
Jet Airways,Banglore,Delhi,0,165,24,6,2019,6,0,8,45,28,9,2026
IndiGo,Delhi,Cochin,1,810,15,5,2019,7,30,21,0,28,9,2026
SpiceJet,Banglore,New Delhi,1,475,3,3,2019,10,20,18,15,28,9,2026
Jet Airways,Delhi,Cochin,2,505,6,3,2019,20,0,4,25,6,4,2026
Multiple carriers,Delhi,Cochin,1,765,15,6,2019,9,45,22,30,28,9,2026
IndiGo,Delhi,Cochin,1,750,21,5,2019,8,30,21,0,28,9,2026
SpiceJet,Mumbai,Hyderabad,0,90,27,6,2019,13,15,14,45,28,9,2026
Jet Airways,Banglore,Delhi,0,180,24,6,2019,7,10,10,10,28,9,2026
Air India,Mumbai,Hyderabad,0,80,6,1,2019,6,20,7,40,28,9,2026
Jet Airways,Delhi,Cochin,1,865,6,1,2019,14,0,4,25,6,2,2026
Jet Airways,Delhi,Cochin,1,520,3,9,2019,19,45,4,25,3,10,2026
IndiGo,Delhi,Cochin,1,355,27,3,2019,2,35,8,30,28,9,2026
GoAir,Delhi,Cochin,1,355,27,6,2019,7,0,12,55,28,9,2026
IndiGo,Banglore,Delhi,0,170,5,6,2019,10,10,13,0,28,9,2026
Jet Airways,Delhi,Cochin,2,1995,21,3,2019,19,10,4,25,23,3,2026
SpiceJet,Chennai,Kolkata,0,135,27,5,2019,9,45,12,0,28,9,2026
Jet Airways,Kolkata,Banglore,1,665,6,6,2019,21,10,8,15,6,7,2026
Vistara,Kolkata,Banglore,1,1440,15,5,2019,20,20,20,20,16,5,2026
Air India,Delhi,Cochin,2,1595,6,6,2019,16,40,19,15,6,7,2026
Jet Airways,Delhi,Cochin,2,1470,21,3,2019,18,20,18,50,22,3,2026
Multiple carriers,Delhi,Cochin,1,390,6,12,2019,19,0,1,30,13,6,2026
Multiple carriers,Delhi,Cochin,1,615,6,12,2019,15,15,1,30,13,6,2026
GoAir,Delhi,Cochin,1,540,27,6,2019,10,35,19,35,28,9,2026
Multiple carriers,Delhi,Cochin,1,465,27,3,2019,11,30,19,15,28,9,2026
Jet Airways,Delhi,Cochin,2,1140,6,6,2019,9,25,4,25,6,7,2026
Air India,Delhi,Cochin,2,1820,27,5,2019,12,55,19,15,28,5,2026
SpiceJet,Kolkata,Banglore,0,140,21,4,2019,22,20,0,40,22,4,2026
Jet Airways,Kolkata,Banglore,1,1630,5,6,2019,20,25,23,35,5,7,2026
SpiceJet,Banglore,New Delhi,1,475,21,3,2019,10,20,18,15,28,9,2026
IndiGo,Delhi,Cochin,1,845,5,9,2019,11,25,1,30,5,10,2026
Vistara,Kolkata,Banglore,1,385,15,5,2019,17,0,23,25,28,9,2026
IndiGo,Mumbai,Hyderabad,0,90,6,9,2019,16,55,18,25,28,9,2026
Air India,Kolkata,Banglore,2,1195,5,1,2019,12,0,7,55,5,2,2026
Multiple carriers,Delhi,Cochin,1,465,27,3,2019,14,35,22,20,28,9,2026
GoAir,Delhi,Cochin,1,540,4,6,2019,10,35,19,35,28,9,2026
SpiceJet,Banglore,New Delhi,0,170,3,3,2019,20,30,23,20,28,9,2026
Air India,Banglore,New Delhi,1,330,3,6,2019,6,45,12,15,28,9,2026
Air India,Banglore,New Delhi,1,830,3,12,2019,6,45,20,35,28,9,2026
Jet Airways,Delhi,Cochin,2,2300,3,6,2019,5,25,19,45,3,7,2026
Multiple carriers,Delhi,Cochin,1,630,27,5,2019,15,0,1,30,28,5,2026
Jet Airways,Kolkata,Banglore,1,800,5,1,2019,18,55,8,15,5,2,2026
IndiGo,Banglore,New Delhi,0,175,3,3,2019,18,25,21,20,28,9,2026
Jet Airways,Banglore,New Delhi,1,625,15,3,2019,5,45,16,10,28,9,2026
IndiGo,Delhi,Cochin,0,195,15,5,2019,21,5,0,20,16,5,2026
Jet Airways,Banglore,New Delhi,1,1365,3,6,2019,11,40,10,25,3,7,2026
Jet Airways,Kolkata,Banglore,1,575,15,5,2019,9,35,19,10,28,9,2026
Jet Airways,Kolkata,Banglore,1,800,24,5,2019,18,55,8,15,25,5,2026
IndiGo,Delhi,Cochin,1,325,24,6,2019,2,0,7,25,28,9,2026
Air India,Delhi,Cochin,0,170,27,6,2019,5,10,8,0,28,9,2026
Jet Airways,Delhi,Cochin,2,1375,6,9,2019,5,30,4,25,6,10,2026
Air Asia,Kolkata,Banglore,0,150,4,3,2019,19,55,22,25,28,9,2026
Jet Airways,Banglore,Delhi,0,180,15,5,2019,8,20,11,20,28,9,2026
Multiple carriers,Delhi,Cochin,1,740,24,6,2019,6,40,19,0,28,9,2026
Jet Airways,Delhi,Cochin,1,620,4,3,2019,2,15,12,35,28,9,2026
Jet Airways,Mumbai,Hyderabad,0,90,5,1,2019,19,35,21,5,28,9,2026
Jet Airways,Delhi,Cochin,2,1300,6,6,2019,6,45,4,25,6,7,2026
IndiGo,Banglore,Delhi,0,165,5,6,2019,1,30,4,15,28,9,2026
Multiple carriers,Delhi,Cochin,1,650,21,3,2019,8,0,18,50,28,9,2026
IndiGo,Delhi,Cochin,0,195,27,5,2019,14,25,17,40,28,9,2026
IndiGo,Kolkata,Banglore,0,155,21,4,2019,20,20,22,55,28,9,2026
IndiGo,Mumbai,Hyderabad,0,90,27,5,2019,9,10,10,40,28,9,2026
Air Asia,Kolkata,Banglore,0,150,21,5,2019,9,45,12,15,28,9,2026
SpiceJet,Kolkata,Banglore,0,155,6,12,2019,6,55,9,30,28,9,2026
IndiGo,Delhi,Cochin,0,195,5,9,2019,5,35,8,50,28,9,2026
IndiGo,Delhi,Cochin,1,730,6,12,2019,8,50,21,0,28,9,2026
Jet Airways,Kolkata,Banglore,1,1695,4,1,2019,16,30,20,45,4,2,2026
Multiple carriers,Delhi,Cochin,1,680,3,6,2019,7,30,18,50,28,9,2026
Jet Airways,Delhi,Cochin,2,1095,15,6,2019,18,20,12,35,16,6,2026
Air India,Delhi,Cochin,2,2295,5,9,2019,5,0,19,15,5,10,2026
IndiGo,Banglore,Delhi,0,165,5,3,2019,6,5,8,50,28,9,2026
Jet Airways,Mumbai,Hyderabad,0,90,4,1,2019,10,20,11,50,28,9,2026
IndiGo,Chennai,Kolkata,0,135,21,3,2019,13,20,15,35,28,9,2026
Multiple carriers,Delhi,Cochin,1,600,27,6,2019,9,15,19,15,28,9,2026
Air India,Mumbai,Hyderabad,0,90,5,1,2019,13,55,15,25,28,9,2026
Jet Airways,Delhi,Cochin,2,1375,5,1,2019,5,30,4,25,5,2,2026
SpiceJet,Delhi,Cochin,1,375,21,3,2019,16,35,22,50,28,9,2026
IndiGo,Delhi,Cochin,0,195,4,3,2019,21,5,0,20,4,4,2026
Jet Airways,Kolkata,Banglore,1,1080,5,1,2019,20,25,14,25,5,2,2026
Jet Airways,Delhi,Cochin,2,820,27,3,2019,5,10,18,50,28,9,2026
Multiple carriers,Delhi,Cochin,1,600,18,5,2019,9,15,19,15,28,9,2026
Air Asia,Kolkata,Banglore,0,150,27,4,2019,22,50,1,20,28,4,2026
IndiGo,Chennai,Kolkata,0,145,15,6,2019,5,15,7,40,28,9,2026
IndiGo,Banglore,Delhi,0,175,6,1,2019,7,10,10,5,28,9,2026
Jet Airways,Delhi,Cochin,2,810,6,12,2019,5,30,19,0,28,9,2026
GoAir,Delhi,Cochin,1,350,21,3,2019,7,0,12,50,28,9,2026
SpiceJet,Chennai,Kolkata,0,135,27,6,2019,9,45,12,0,28,9,2026
Air India,Kolkata,Banglore,2,920,5,12,2019,10,0,1,20,13,5,2026
Jet Airways,Delhi,Cochin,1,715,6,1,2019,7,5,19,0,28,9,2026
Air India,Delhi,Cochin,2,1820,15,5,2019,12,55,19,15,16,5,2026
Vistara,Kolkata,Banglore,1,765,6,12,2019,20,20,9,5,13,6,2026
Air India,Kolkata,Banglore,1,625,5,1,2019,10,0,20,25,28,9,2026
Multiple carriers,Delhi,Cochin,1,720,27,5,2019,7,0,19,0,28,9,2026
Jet Airways,Kolkata,Banglore,1,330,6,6,2019,6,30,12,0,28,9,2026
GoAir,Banglore,Delhi,0,175,4,12,2019,7,45,10,40,28,9,2026
Air India,Kolkata,Banglore,2,765,5,9,2019,16,50,5,35,5,10,2026
SpiceJet,Chennai,Kolkata,0,135,6,9,2019,9,45,12,0,28,9,2026
Vistara,Kolkata,Banglore,1,1065,18,5,2019,17,0,10,45,19,5,2026
Jet Airways,Delhi,Cochin,1,1485,6,3,2019,18,15,19,0,6,4,2026
Air India,Delhi,Cochin,1,875,6,12,2019,17,40,8,15,13,6,2026
IndiGo,Chennai,Kolkata,0,140,6,12,2019,14,45,17,5,28,9,2026
Air India,Banglore,Delhi,0,165,6,12,2019,6,10,8,55,28,9,2026
SpiceJet,Banglore,Delhi,0,160,4,9,2019,5,55,8,35,28,9,2026
Multiple carriers,Delhi,Cochin,1,840,24,6,2019,7,0,21,0,28,9,2026
SpiceJet,Banglore,Delhi,0,175,6,6,2019,21,10,0,5,6,7,2026
Jet Airways,Kolkata,Banglore,1,800,5,9,2019,20,25,9,45,5,10,2026
IndiGo,Banglore,Delhi,0,165,6,6,2019,1,30,4,15,28,9,2026
Air India,Delhi,Cochin,2,2295,27,3,2019,5,0,19,15,28,3,2026
Jet Airways,Delhi,Cochin,1,1270,6,9,2019,21,50,19,0,6,10,2026
Jet Airways,Delhi,Cochin,1,655,21,5,2019,17,30,4,25,22,5,2026
Jet Airways,Delhi,Cochin,1,1010,15,6,2019,19,45,12,35,16,6,2026
Jet Airways,Kolkata,Banglore,1,1330,6,9,2019,6,30,4,40,6,10,2026
Air India,Kolkata,Banglore,1,1700,5,12,2019,16,45,21,5,13,5,2026
Multiple carriers,Delhi,Cochin,1,840,21,5,2019,11,30,1,30,22,5,2026
Air India,Delhi,Cochin,1,1420,27,6,2019,9,45,9,25,28,6,2026
Jet Airways,Kolkata,Banglore,1,1025,15,5,2019,18,55,12,0,16,5,2026
Air India,Kolkata,Banglore,1,1440,6,6,2019,14,35,14,35,6,7,2026
Jet Airways,Delhi,Cochin,1,590,27,3,2019,9,0,18,50,28,9,2026
Jet Airways,Kolkata,Banglore,1,730,15,5,2019,16,30,4,40,16,5,2026
Multiple carriers,Delhi,Cochin,1,615,6,3,2019,8,45,19,0,28,9,2026
Jet Airways,Kolkata,Banglore,1,330,15,5,2019,6,30,12,0,28,9,2026
IndiGo,Kolkata,Banglore,1,290,4,1,2019,8,10,13,0,28,9,2026
Jet Airways,Banglore,Delhi,0,180,5,3,2019,19,50,22,50,28,9,2026
Air India,Delhi,Cochin,2,1820,6,3,2019,12,55,19,15,6,4,2026
Air India,Delhi,Cochin,2,1100,6,6,2019,13,20,7,40,6,7,2026
Jet Airways,Mumbai,Hyderabad,0,90,6,3,2019,19,35,21,5,28,9,2026
IndiGo,Chennai,Kolkata,0,140,5,3,2019,13,15,15,35,28,9,2026
SpiceJet,Chennai,Kolkata,0,135,15,3,2019,8,20,10,35,28,9,2026
Jet Airways,Kolkata,Banglore,1,890,5,6,2019,21,10,12,0,5,7,2026
IndiGo,Delhi,Cochin,1,560,6,3,2019,6,50,16,10,28,9,2026
Jet Airways,Delhi,Cochin,1,885,15,6,2019,21,50,12,35,16,6,2026
Air India,Delhi,Cochin,1,1455,27,5,2019,19,0,19,15,28,5,2026
Multiple carriers,Delhi,Cochin,1,510,15,5,2019,17,0,1,30,16,5,2026
Jet Airways,Kolkata,Banglore,1,585,6,9,2019,18,55,4,40,6,10,2026
IndiGo,Banglore,Delhi,0,170,6,9,2019,20,0,22,50,28,9,2026
IndiGo,Kolkata,Banglore,0,150,27,6,2019,15,15,17,45,28,9,2026
SpiceJet,Delhi,Cochin,1,315,27,4,2019,6,5,11,20,28,9,2026
Air India,Kolkata,Banglore,1,545,24,5,2019,9,25,18,30,28,9,2026
SpiceJet,Banglore,Delhi,0,170,27,5,2019,9,30,12,20,28,9,2026
Jet Airways,Kolkata,Banglore,1,960,24,5,2019,20,0,12,0,25,5,2026
IndiGo,Kolkata,Banglore,0,155,3,1,2019,15,10,17,45,28,9,2026
Air India,Banglore,Delhi,0,170,6,1,2019,13,20,16,10,28,9,2026
IndiGo,Kolkata,Banglore,0,155,21,5,2019,15,30,18,5,28,9,2026
Jet Airways,Kolkata,Banglore,1,1025,6,12,2019,18,55,12,0,13,6,2026
Air India,Delhi,Cochin,2,1275,5,6,2019,22,0,19,15,5,7,2026
Jet Airways,Banglore,Delhi,0,180,6,3,2019,19,50,22,50,28,9,2026
IndiGo,Delhi,Cochin,1,320,21,3,2019,6,40,12,0,28,9,2026
Jet Airways,Banglore,New Delhi,1,1050,3,1,2019,16,55,10,25,3,2,2026
Air India,Banglore,New Delhi,2,665,18,3,2019,11,5,22,10,28,9,2026
IndiGo,Delhi,Cochin,1,835,6,6,2019,8,35,22,30,28,9,2026
Jet Airways,Mumbai,Hyderabad,0,90,4,3,2019,19,35,21,5,28,9,2026
SpiceJet,Banglore,Delhi,0,170,27,4,2019,9,30,12,20,28,9,2026
Air India,Mumbai,Hyderabad,2,255,3,12,2019,21,10,16,55,28,9,2026
Multiple carriers,Delhi,Cochin,1,705,27,5,2019,7,30,19,15,28,9,2026
Jet Airways,Kolkata,Banglore,1,1495,5,1,2019,8,25,9,20,5,2,2026
Air India,Banglore,New Delhi,1,745,21,3,2019,10,30,22,55,28,9,2026
Jet Airways,Delhi,Cochin,1,1185,3,3,2019,23,5,18,50,3,4,2026
Multiple carriers,Delhi,Cochin,1,480,6,12,2019,13,0,21,0,28,9,2026
IndiGo,Kolkata,Banglore,0,160,6,6,2019,21,25,0,5,6,7,2026
SpiceJet,Banglore,New Delhi,0,170,24,3,2019,20,30,23,20,28,9,2026
Jet Airways,Delhi,Cochin,2,440,24,6,2019,11,40,19,0,28,9,2026
SpiceJet,Chennai,Kolkata,0,140,6,3,2019,17,45,20,5,28,9,2026
IndiGo,Banglore,Delhi,0,170,6,12,2019,13,0,15,50,28,9,2026
Jet Airways,Delhi,Cochin,2,505,6,1,2019,20,0,4,25,6,2,2026
Jet Airways,Kolkata,Banglore,1,540,24,3,2019,19,45,4,45,25,3,2026
IndiGo,Delhi,Cochin,1,345,6,6,2019,2,0,7,45,28,9,2026
Jet Airways,Kolkata,Banglore,1,685,24,5,2019,8,25,19,50,28,9,2026
Multiple carriers,Delhi,Cochin,1,845,6,12,2019,4,55,19,0,28,9,2026
SpiceJet,Delhi,Cochin,1,270,27,5,2019,8,45,13,15,28,9,2026
Air India,Delhi,Cochin,2,1410,27,5,2019,19,45,19,15,28,5,2026
Air India,Banglore,Delhi,0,170,5,3,2019,13,20,16,10,28,9,2026
Jet Airways,Delhi,Cochin,2,2245,27,3,2019,6,20,19,45,28,3,2026
IndiGo,Mumbai,Hyderabad,0,90,21,6,2019,9,10,10,40,28,9,2026
Jet Airways,Kolkata,Banglore,1,840,21,5,2019,9,35,23,35,28,9,2026
Jet Airways,Banglore,Delhi,0,165,21,4,2019,6,0,8,45,28,9,2026
IndiGo,Chennai,Kolkata,0,140,5,6,2019,14,45,17,5,28,9,2026
Multiple carriers,Delhi,Cochin,1,570,6,6,2019,11,30,21,0,28,9,2026
IndiGo,Banglore,Delhi,0,170,27,6,2019,0,25,3,15,28,9,2026
Air India,Delhi,Cochin,1,765,6,3,2019,20,40,9,25,6,4,2026
Jet Airways,Kolkata,Banglore,1,1435,24,3,2019,19,45,19,40,25,3,2026
Jet Airways,Banglore,Delhi,0,175,15,4,2019,15,15,18,10,28,9,2026
SpiceJet,Kolkata,Banglore,0,155,21,6,2019,6,55,9,30,28,9,2026
Jet Airways,Delhi,Cochin,1,1210,27,6,2019,22,50,19,0,28,6,2026
Jet Airways,Delhi,Cochin,2,1615,5,9,2019,9,40,12,35,5,10,2026
Air India,Delhi,Cochin,1,615,15,5,2019,9,0,19,15,28,9,2026
Jet Airways,Kolkata,Banglore,1,345,5,12,2019,14,5,19,50,28,9,2026
GoAir,Banglore,Delhi,0,175,6,12,2019,7,45,10,40,28,9,2026
Jet Airways,Delhi,Cochin,1,1385,3,9,2019,19,45,18,50,3,10,2026
Jet Airways,Kolkata,Banglore,1,800,6,12,2019,20,0,9,20,13,6,2026
Air India,Mumbai,Hyderabad,0,85,24,3,2019,15,0,16,25,28,9,2026
IndiGo,Delhi,Cochin,1,295,15,6,2019,5,10,10,5,28,9,2026
Multiple carriers,Delhi,Cochin,1,510,3,3,2019,7,0,15,30,28,9,2026
Jet Airways,Kolkata,Banglore,1,845,5,9,2019,20,0,10,5,5,10,2026
IndiGo,Banglore,Delhi,0,180,24,4,2019,16,55,19,55,28,9,2026
SpiceJet,Kolkata,Banglore,0,140,4,3,2019,22,20,0,40,4,4,2026
Vistara,Kolkata,Banglore,1,700,5,9,2019,7,10,18,50,28,9,2026
Jet Airways,Kolkata,Banglore,1,590,24,5,2019,6,30,16,20,28,9,2026
Jet Airways,Delhi,Cochin,1,395,18,5,2019,21,50,4,25,19,5,2026
Air Asia,Kolkata,Banglore,0,150,15,6,2019,19,55,22,25,28,9,2026
Multiple carriers,Delhi,Cochin,1,630,24,6,2019,8,45,19,15,28,9,2026
SpiceJet,Delhi,Cochin,1,315,4,9,2019,6,5,11,20,28,9,2026
SpiceJet,Delhi,Cochin,1,295,27,6,2019,17,55,22,50,28,9,2026
Jet Airways,Delhi,Cochin,2,1775,4,9,2019,13,25,19,0,4,10,2026
Air India,Kolkata,Banglore,2,1700,24,5,2019,9,25,13,45,25,5,2026
Jet Airways,Kolkata,Banglore,1,1025,4,1,2019,18,55,12,0,4,2,2026
Jet Airways,Delhi,Cochin,1,1100,4,1,2019,18,15,12,35,4,2,2026
Jet Airways,Delhi,Cochin,2,2040,21,3,2019,18,25,4,25,23,3,2026
Jet Airways,Kolkata,Banglore,1,845,5,1,2019,20,0,10,5,5,2,2026
Jet Airways,Kolkata,Banglore,1,690,6,6,2019,9,35,21,5,28,9,2026
IndiGo,Delhi,Cochin,1,570,27,6,2019,16,0,1,30,28,6,2026
Jet Airways,Banglore,Delhi,0,175,18,5,2019,15,15,18,10,28,9,2026
Air India,Kolkata,Banglore,2,1415,6,6,2019,8,20,7,55,6,7,2026
SpiceJet,Kolkata,Banglore,0,155,24,6,2019,6,55,9,30,28,9,2026
Air India,Kolkata,Banglore,1,625,24,5,2019,10,0,20,25,28,9,2026
Air India,Kolkata,Banglore,2,610,21,5,2019,8,20,18,30,28,9,2026
Jet Airways,Delhi,Cochin,1,1485,6,6,2019,18,15,19,0,6,7,2026
Jet Airways,Delhi,Cochin,1,1385,21,3,2019,19,45,18,50,22,3,2026
IndiGo,Banglore,Delhi,0,170,18,5,2019,23,30,2,20,19,5,2026
IndiGo,Delhi,Cochin,1,885,21,3,2019,7,35,22,20,28,9,2026
Jet Airways,Banglore,Delhi,0,180,5,9,2019,19,50,22,50,28,9,2026
Air India,Banglore,New Delhi,2,2105,3,3,2019,11,5,22,10,3,7,2026
IndiGo,Delhi,Cochin,1,380,21,3,2019,9,10,15,30,28,9,2026
Jet Airways,Delhi,Cochin,1,520,6,6,2019,19,45,4,25,6,7,2026
IndiGo,Banglore,New Delhi,0,175,3,9,2019,18,25,21,20,28,9,2026
Multiple carriers,Delhi,Cochin,1,390,18,5,2019,19,0,1,30,19,5,2026
Jet Airways,Delhi,Cochin,1,1270,6,6,2019,21,50,19,0,6,7,2026
Multiple carriers,Delhi,Cochin,1,435,6,3,2019,18,15,1,30,6,4,2026
Jet Airways,Kolkata,Banglore,1,1055,6,12,2019,16,30,10,5,13,6,2026
IndiGo,Delhi,Cochin,2,825,21,3,2019,7,35,21,20,28,9,2026
IndiGo,Chennai,Kolkata,0,140,21,6,2019,13,15,15,35,28,9,2026
Jet Airways,Delhi,Cochin,2,1375,6,9,2019,5,30,4,25,6,10,2026
Multiple carriers,Delhi,Cochin,1,390,6,3,2019,19,0,1,30,6,4,2026
Jet Airways,Kolkata,Banglore,1,875,5,1,2019,14,5,4,40,5,2,2026
IndiGo,Banglore,Delhi,0,180,4,3,2019,21,15,0,15,4,4,2026
Jet Airways,Kolkata,Banglore,1,1330,5,6,2019,6,30,4,40,5,7,2026
Air India,Kolkata,Banglore,1,1440,24,5,2019,14,35,14,35,25,5,2026
IndiGo,Kolkata,Banglore,0,160,21,3,2019,17,15,19,55,28,9,2026
Jet Airways,Kolkata,Banglore,1,1720,4,1,2019,18,55,23,35,4,2,2026
Air India,Kolkata,Banglore,2,1345,6,6,2019,7,0,5,25,6,7,2026
Air Asia,Kolkata,Banglore,0,150,5,12,2019,22,50,1,20,13,5,2026
Jet Airways,Banglore,Delhi,0,180,4,6,2019,8,20,11,20,28,9,2026
Jet Airways,Kolkata,Banglore,1,1025,6,6,2019,18,55,12,0,6,7,2026
Jet Airways,Kolkata,Banglore,1,1520,5,12,2019,9,35,10,55,13,5,2026
Jet Airways,Banglore,New Delhi,1,640,18,3,2019,22,50,9,30,16,3,2026
IndiGo,Kolkata,Banglore,0,165,3,1,2019,22,10,0,55,3,2,2026
Jet Airways,Delhi,Cochin,1,1570,5,9,2019,2,15,4,25,5,10,2026
Air India,Banglore,New Delhi,2,925,3,3,2019,19,10,10,35,3,7,2026
Jet Airways,Delhi,Cochin,1,395,27,5,2019,21,50,4,25,28,5,2026
Multiple carriers,Delhi,Cochin,1,660,6,3,2019,10,0,21,0,28,9,2026
IndiGo,Delhi,Cochin,1,370,3,3,2019,16,10,22,20,28,9,2026
Jet Airways,Delhi,Cochin,1,1570,6,3,2019,2,15,4,25,6,4,2026
Air India,Delhi,Cochin,1,1660,24,3,2019,4,0,7,40,25,3,2026
IndiGo,Mumbai,Hyderabad,0,90,3,3,2019,16,55,18,25,28,9,2026
Air Asia,Kolkata,Banglore,0,150,5,1,2019,22,50,1,20,5,2,2026
Air India,Mumbai,Hyderabad,0,80,21,3,2019,21,5,22,25,28,9,2026
Jet Airways,Kolkata,Banglore,1,1080,18,5,2019,20,25,14,25,19,5,2026
Jet Airways,Delhi,Cochin,1,1415,24,6,2019,13,0,12,35,25,6,2026
Jet Airways,Delhi,Cochin,1,655,6,3,2019,17,30,4,25,6,4,2026
Multiple carriers,Delhi,Cochin,1,755,27,3,2019,13,0,1,35,28,3,2026
Multiple carriers,Delhi,Cochin,2,625,6,1,2019,15,5,1,30,6,2,2026
Air India,Kolkata,Banglore,2,920,21,5,2019,10,0,1,20,22,5,2026
Jet Airways,Delhi,Cochin,1,1325,5,9,2019,20,55,19,0,5,10,2026
Jet Airways,Kolkata,Banglore,1,800,15,5,2019,18,55,8,15,16,5,2026
Multiple carriers,Delhi,Cochin,1,740,3,9,2019,8,40,21,0,28,9,2026
IndiGo,Delhi,Cochin,1,560,24,6,2019,6,50,16,10,28,9,2026
IndiGo,Delhi,Cochin,1,320,27,3,2019,2,5,7,25,28,9,2026
Air India,Delhi,Cochin,3,2280,27,6,2019,5,15,19,15,28,6,2026
Jet Airways,Delhi,Cochin,2,560,6,1,2019,9,40,19,0,28,9,2026
IndiGo,Delhi,Cochin,1,645,3,6,2019,4,45,15,30,28,9,2026
Jet Airways,Delhi,Cochin,2,1430,27,5,2019,19,10,19,0,28,5,2026
IndiGo,Mumbai,Hyderabad,0,95,5,9,2019,20,5,21,40,28,9,2026
Vistara,Banglore,Delhi,0,170,6,12,2019,9,45,12,35,28,9,2026
Jet Airways,Delhi,Cochin,1,1210,6,9,2019,22,50,19,0,6,10,2026
Jet Airways,Kolkata,Banglore,1,735,21,5,2019,20,0,8,15,22,5,2026
Jet Airways,Delhi,Cochin,1,1015,18,5,2019,11,30,4,25,19,5,2026
Jet Airways,Delhi,Cochin,2,1380,3,6,2019,5,25,4,25,3,7,2026
SpiceJet,Banglore,Delhi,0,170,18,5,2019,9,30,12,20,28,9,2026
Multiple carriers,Delhi,Cochin,1,455,24,6,2019,14,55,22,30,28,9,2026
Air India,Kolkata,Banglore,2,1700,5,12,2019,9,25,13,45,13,5,2026
IndiGo,Kolkata,Banglore,1,265,24,5,2019,19,20,23,45,28,9,2026
Air Asia,Kolkata,Banglore,1,220,6,6,2019,6,50,10,30,28,9,2026
Vistara,Delhi,Cochin,0,190,4,1,2019,14,40,17,50,28,9,2026
IndiGo,Delhi,Cochin,1,975,27,3,2019,4,45,21,0,28,9,2026
Air Asia,Delhi,Cochin,1,470,6,12,2019,7,55,15,45,28,9,2026
Air India,Delhi,Cochin,1,615,21,5,2019,9,0,19,15,28,9,2026
Jet Airways,Banglore,New Delhi,1,1220,21,3,2019,14,5,10,25,19,3,2026
Air India,Delhi,Cochin,1,1590,6,12,2019,20,30,23,0,13,6,2026
Jet Airways,Banglore,Delhi,0,175,6,9,2019,15,15,18,10,28,9,2026
Air India,Kolkata,Banglore,1,245,24,5,2019,9,10,13,15,28,9,2026
Vistara,Banglore,Delhi,0,155,6,3,2019,17,0,19,35,28,9,2026
SpiceJet,Kolkata,Banglore,0,145,18,6,2019,9,0,11,25,28,9,2026
Jet Airways,Delhi,Cochin,1,320,27,3,2019,23,5,4,25,28,3,2026
Multiple carriers,Delhi,Cochin,3,565,3,6,2019,11,35,21,0,28,9,2026
Air India,Delhi,Cochin,3,2280,5,9,2019,5,15,19,15,5,10,2026
IndiGo,Mumbai,Hyderabad,0,90,21,6,2019,2,35,4,5,28,9,2026
Jet Airways,Delhi,Cochin,0,195,18,4,2019,11,0,14,15,28,9,2026
IndiGo,Banglore,Delhi,0,170,4,1,2019,10,10,13,0,28,9,2026
Air India,Kolkata,Banglore,1,1615,6,9,2019,17,30,20,25,6,10,2026
Multiple carriers,Delhi,Cochin,1,830,6,3,2019,11,40,1,30,6,4,2026
Jet Airways,Kolkata,Banglore,1,590,5,12,2019,6,30,16,20,28,9,2026
IndiGo,Banglore,New Delhi,0,170,3,9,2019,10,30,13,20,28,9,2026
Multiple carriers,Delhi,Cochin,1,540,15,6,2019,7,10,16,10,28,9,2026
Air India,Kolkata,Banglore,1,1700,24,3,2019,16,45,21,5,25,3,2026
Air India,Banglore,New Delhi,2,2315,18,3,2019,8,50,23,25,16,3,2026
IndiGo,Banglore,Delhi,0,175,27,5,2019,7,10,10,5,28,9,2026
Jet Airways,Delhi,Cochin,1,1100,5,9,2019,18,15,12,35,5,10,2026
IndiGo,Kolkata,Banglore,0,155,6,1,2019,20,20,22,55,28,9,2026
Air India,Banglore,New Delhi,2,1580,3,1,2019,8,50,11,10,3,2,2026
IndiGo,Banglore,New Delhi,1,295,15,3,2019,16,55,21,50,28,9,2026
Jet Airways,Banglore,New Delhi,1,1070,3,12,2019,21,25,15,15,13,3,2026
Air India,Delhi,Cochin,2,1395,3,3,2019,20,0,19,15,3,4,2026
IndiGo,Kolkata,Banglore,0,150,21,6,2019,15,15,17,45,28,9,2026
Jet Airways,Banglore,Delhi,0,165,4,3,2019,6,0,8,45,28,9,2026
Multiple carriers,Delhi,Cochin,1,630,15,5,2019,8,30,19,0,28,9,2026
IndiGo,Kolkata,Banglore,0,150,18,5,2019,15,15,17,45,28,9,2026
Jet Airways,Kolkata,Banglore,1,575,5,1,2019,9,35,19,10,28,9,2026
Air India,Kolkata,Banglore,1,580,4,1,2019,19,0,4,40,4,2,2026
Vistara,Banglore,New Delhi,0,165,15,3,2019,9,50,12,35,28,9,2026
Jet Airways,Banglore,New Delhi,1,570,21,3,2019,5,45,15,15,28,9,2026
Jet Airways,Banglore,Delhi,0,180,4,1,2019,7,10,10,10,28,9,2026
Jet Airways,Banglore,New Delhi,1,625,3,6,2019,8,0,18,25,28,9,2026
Air India,Mumbai,Hyderabad,0,90,5,12,2019,13,55,15,25,28,9,2026
IndiGo,Chennai,Kolkata,0,140,6,6,2019,13,15,15,35,28,9,2026
Air India,Banglore,Delhi,0,165,5,12,2019,10,0,12,45,28,9,2026
IndiGo,Delhi,Cochin,1,265,3,9,2019,7,35,12,0,28,9,2026
Jet Airways,Banglore,Delhi,0,175,5,1,2019,15,15,18,10,28,9,2026
Jet Airways,Banglore,New Delhi,1,800,3,9,2019,7,0,20,20,28,9,2026
IndiGo,Banglore,Delhi,0,170,5,3,2019,20,0,22,50,28,9,2026
GoAir,Delhi,Cochin,1,310,6,9,2019,14,25,19,35,28,9,2026
Jet Airways,Kolkata,Banglore,1,960,5,6,2019,20,0,12,0,5,7,2026
Jet Airways,Kolkata,Banglore,1,520,21,5,2019,20,0,4,40,22,5,2026
IndiGo,Banglore,New Delhi,1,285,15,3,2019,16,50,21,35,28,9,2026
IndiGo,Chennai,Kolkata,0,135,3,3,2019,13,20,15,35,28,9,2026
IndiGo,Delhi,Cochin,1,810,27,6,2019,7,30,21,0,28,9,2026
Multiple carriers,Delhi,Cochin,1,465,4,9,2019,17,45,1,30,4,10,2026
Jet Airways,Banglore,Delhi,0,165,24,5,2019,6,0,8,45,28,9,2026
Air Asia,Kolkata,Banglore,0,150,15,5,2019,22,50,1,20,16,5,2026
Air India,Delhi,Cochin,1,520,3,9,2019,23,0,7,40,3,10,2026
IndiGo,Mumbai,Hyderabad,0,90,27,6,2019,16,55,18,25,28,9,2026
Jet Airways,Kolkata,Banglore,1,395,18,5,2019,17,0,23,35,28,9,2026
Multiple carriers,Delhi,Cochin,1,920,27,6,2019,7,10,22,30,28,9,2026
Jet Airways,Delhi,Cochin,1,440,27,3,2019,11,30,18,50,28,9,2026
IndiGo,Chennai,Kolkata,0,140,18,5,2019,7,55,10,15,28,9,2026
SpiceJet,Mumbai,Hyderabad,0,85,3,9,2019,22,45,0,10,3,10,2026
Jet Airways,Delhi,Cochin,1,940,15,6,2019,20,55,12,35,16,6,2026
IndiGo,Mumbai,Hyderabad,0,90,24,5,2019,2,35,4,5,28,9,2026
Jet Airways,Delhi,Cochin,1,1100,21,5,2019,18,15,12,35,22,5,2026
Jet Airways,Kolkata,Banglore,1,1610,24,5,2019,6,30,9,20,25,5,2026
Jet Airways,Delhi,Cochin,2,1195,27,6,2019,23,5,19,0,28,6,2026
SpiceJet,Chennai,Kolkata,0,135,5,9,2019,8,20,10,35,28,9,2026
Air India,Kolkata,Banglore,2,1255,18,5,2019,16,50,13,45,19,5,2026
Multiple carriers,Delhi,Cochin,1,385,24,6,2019,9,45,16,10,28,9,2026
Jet Airways,Delhi,Cochin,1,540,15,6,2019,10,0,19,0,28,9,2026
IndiGo,Banglore,Delhi,0,165,15,6,2019,6,5,8,50,28,9,2026
SpiceJet,Banglore,Delhi,0,160,4,12,2019,5,55,8,35,28,9,2026
Vistara,Chennai,Kolkata,0,135,27,5,2019,7,5,9,20,28,9,2026
Jet Airways,Delhi,Cochin,2,1095,6,12,2019,18,20,12,35,13,6,2026
Air India,Kolkata,Banglore,1,1350,5,6,2019,9,25,7,55,5,7,2026
Jet Airways,Mumbai,Hyderabad,2,1590,3,6,2019,14,20,16,50,3,7,2026
Jet Airways,Delhi,Cochin,1,650,3,3,2019,8,0,18,50,28,9,2026
Jet Airways,Kolkata,Banglore,1,1330,6,9,2019,6,30,4,40,6,10,2026
Jet Airways,Kolkata,Banglore,1,810,24,3,2019,19,45,9,15,25,3,2026
Jet Airways,Kolkata,Banglore,1,685,15,5,2019,8,25,19,50,28,9,2026
Jet Airways,Delhi,Cochin,1,1680,6,3,2019,15,0,19,0,6,4,2026
Vistara,Kolkata,Banglore,1,765,5,12,2019,20,20,9,5,13,5,2026
Air India,Kolkata,Banglore,2,1165,6,12,2019,10,0,5,25,13,6,2026
SpiceJet,Mumbai,Hyderabad,0,90,5,3,2019,5,45,7,15,28,9,2026
Air India,Kolkata,Banglore,1,745,5,12,2019,20,30,8,55,13,5,2026
Jet Airways,Banglore,New Delhi,1,340,3,6,2019,5,45,11,25,28,9,2026
Air India,Delhi,Cochin,2,1490,15,5,2019,6,50,7,40,16,5,2026
Jet Airways,Delhi,Cochin,0,195,6,6,2019,11,0,14,15,28,9,2026
Jet Airways,Kolkata,Banglore,1,1090,21,5,2019,14,5,8,15,22,5,2026
Jet Airways,Delhi,Cochin,1,1530,6,6,2019,17,30,19,0,6,7,2026
SpiceJet,Mumbai,Hyderabad,0,90,5,9,2019,22,45,0,15,5,10,2026
Jet Airways,Mumbai,Hyderabad,0,90,3,9,2019,19,40,21,10,28,9,2026
IndiGo,Banglore,Delhi,0,180,18,4,2019,16,55,19,55,28,9,2026
Jet Airways,Banglore,New Delhi,1,1135,3,6,2019,14,5,9,0,3,7,2026
SpiceJet,Kolkata,Banglore,0,140,6,3,2019,22,20,0,40,6,4,2026
Jet Airways,Kolkata,Banglore,1,1495,5,12,2019,18,55,19,50,13,5,2026
Jet Airways,Delhi,Cochin,1,715,27,5,2019,7,5,19,0,28,9,2026
Air India,Kolkata,Banglore,2,1830,4,1,2019,12,0,18,30,4,2,2026
GoAir,Delhi,Cochin,1,365,6,9,2019,7,30,13,35,28,9,2026
Jet Airways,Kolkata,Banglore,1,395,5,12,2019,17,0,23,35,28,9,2026
Air India,Kolkata,Banglore,0,155,6,12,2019,20,45,23,20,28,9,2026
Air India,Delhi,Cochin,2,500,6,1,2019,10,55,19,15,28,9,2026
Jet Airways,Kolkata,Banglore,1,345,6,12,2019,14,5,19,50,28,9,2026
Jet Airways,Delhi,Cochin,2,1375,6,12,2019,5,30,4,25,13,6,2026
Vistara,Kolkata,Banglore,1,385,6,12,2019,17,0,23,25,28,9,2026
IndiGo,Kolkata,Banglore,0,150,21,6,2019,14,25,16,55,28,9,2026
Vistara,Banglore,Delhi,0,170,6,6,2019,9,45,12,35,28,9,2026
Multiple carriers,Delhi,Cochin,1,675,15,5,2019,8,0,19,15,28,9,2026
IndiGo,Kolkata,Banglore,1,325,4,1,2019,18,5,23,30,28,9,2026
IndiGo,Mumbai,Hyderabad,0,90,6,3,2019,1,40,3,10,28,9,2026
Multiple carriers,Delhi,Cochin,1,920,15,5,2019,7,10,22,30,28,9,2026
Jet Airways,Kolkata,Banglore,1,450,24,5,2019,21,10,4,40,25,5,2026
Jet Airways,Delhi,Cochin,1,1485,27,5,2019,18,15,19,0,28,5,2026
SpiceJet,Kolkata,Banglore,0,150,27,6,2019,17,10,19,40,28,9,2026
IndiGo,Banglore,Delhi,0,175,18,5,2019,18,25,21,20,28,9,2026
Jet Airways,Delhi,Cochin,1,1425,27,5,2019,19,15,19,0,28,5,2026
Air India,Kolkata,Banglore,1,1435,6,12,2019,20,30,20,25,13,6,2026
IndiGo,Mumbai,Hyderabad,0,90,15,6,2019,6,25,7,55,28,9,2026
IndiGo,Banglore,New Delhi,1,300,15,3,2019,19,35,0,35,16,3,2026
Multiple carriers,Delhi,Cochin,2,855,3,3,2019,7,5,21,20,28,9,2026
Air Asia,Kolkata,Banglore,1,955,6,12,2019,7,35,23,30,28,9,2026
Jet Airways,Kolkata,Banglore,1,1400,6,9,2019,18,55,18,15,6,10,2026
SpiceJet,Mumbai,Hyderabad,0,90,27,6,2019,5,45,7,15,28,9,2026
Multiple carriers,Delhi,Cochin,1,570,6,1,2019,16,0,1,30,6,2,2026
Air India,Delhi,Cochin,1,1255,5,9,2019,12,30,9,25,5,10,2026
Air India,Delhi,Cochin,2,1580,3,6,2019,7,5,9,25,3,7,2026
Jet Airways,Banglore,New Delhi,1,1365,18,3,2019,11,40,10,25,16,3,2026
Jet Airways,Kolkata,Banglore,1,730,18,5,2019,21,10,9,20,19,5,2026
SpiceJet,Chennai,Kolkata,0,135,6,6,2019,9,45,12,0,28,9,2026
Air India,Mumbai,Hyderabad,2,845,3,6,2019,9,40,23,45,28,9,2026
Vistara,Kolkata,Banglore,1,1625,6,9,2019,20,20,23,25,6,10,2026
Jet Airways,Delhi,Cochin,1,1110,27,3,2019,9,55,4,25,28,3,2026
Jet Airways,Banglore,Delhi,0,175,27,5,2019,11,10,14,5,28,9,2026
Air India,Delhi,Cochin,1,1575,6,1,2019,17,0,19,15,6,2,2026
Air India,Delhi,Cochin,1,375,15,5,2019,13,0,19,15,28,9,2026
Jet Airways,Delhi,Cochin,1,1325,18,5,2019,20,55,19,0,19,5,2026
Multiple carriers,Delhi,Cochin,1,545,3,3,2019,7,5,16,10,28,9,2026
Air Asia,Kolkata,Banglore,1,220,4,9,2019,6,50,10,30,28,9,2026
Jet Airways,Delhi,Cochin,2,830,15,6,2019,14,35,4,25,16,6,2026
Multiple carriers,Delhi,Cochin,1,705,27,3,2019,7,30,19,15,28,9,2026
Air India,Delhi,Cochin,1,765,27,6,2019,20,40,9,25,28,6,2026
Jet Airways,Delhi,Cochin,2,910,27,6,2019,21,25,12,35,28,6,2026
Vistara,Banglore,New Delhi,0,175,3,3,2019,21,10,0,5,3,7,2026
Jet Airways,Banglore,New Delhi,1,1265,3,3,2019,8,0,5,5,3,7,2026
Vistara,Banglore,Delhi,0,160,24,4,2019,7,0,9,40,28,9,2026
SpiceJet,Kolkata,Banglore,0,145,21,6,2019,9,0,11,25,28,9,2026
Air India,Delhi,Cochin,2,1470,5,9,2019,18,45,19,15,5,10,2026
IndiGo,Delhi,Cochin,1,810,24,5,2019,7,30,21,0,28,9,2026
Jet Airways,Delhi,Cochin,2,440,6,9,2019,11,40,19,0,28,9,2026
Jet Airways,Kolkata,Banglore,1,730,5,6,2019,21,10,9,20,5,7,2026
Jet Airways,Banglore,Delhi,0,165,4,6,2019,6,0,8,45,28,9,2026
Air India,Kolkata,Banglore,2,970,5,6,2019,16,45,8,55,5,7,2026
Jet Airways,Kolkata,Banglore,1,865,5,9,2019,18,55,9,20,5,10,2026
SpiceJet,Kolkata,Banglore,0,150,27,3,2019,9,0,11,30,28,9,2026
Air India,Banglore,New Delhi,2,1705,18,3,2019,6,45,11,10,16,3,2026
IndiGo,Kolkata,Banglore,1,325,5,9,2019,18,5,23,30,28,9,2026
IndiGo,Kolkata,Banglore,0,155,24,6,2019,11,30,14,5,28,9,2026
Air India,Kolkata,Banglore,0,155,3,6,2019,20,45,23,20,28,9,2026
Multiple carriers,Delhi,Cochin,1,760,27,5,2019,12,50,1,30,28,5,2026
IndiGo,Delhi,Cochin,1,275,24,6,2019,7,35,12,10,28,9,2026
Air India,Delhi,Cochin,2,1180,21,3,2019,12,0,7,40,22,3,2026
Air India,Banglore,Delhi,0,165,4,3,2019,17,0,19,45,28,9,2026
Jet Airways,Delhi,Cochin,1,1145,27,6,2019,17,30,12,35,28,6,2026
Jet Airways,Delhi,Cochin,1,715,18,5,2019,7,5,19,0,28,9,2026
SpiceJet,Delhi,Cochin,1,360,21,3,2019,15,55,21,55,28,9,2026
Multiple carriers,Delhi,Cochin,1,525,15,5,2019,3,50,12,35,28,9,2026
Air Asia,Kolkata,Banglore,0,155,15,3,2019,10,20,12,55,28,9,2026
IndiGo,Chennai,Kolkata,0,140,24,6,2019,19,35,21,55,28,9,2026
SpiceJet,Banglore,Delhi,0,160,27,6,2019,5,55,8,35,28,9,2026
Vistara,Kolkata,Banglore,1,1350,21,5,2019,20,20,18,50,22,5,2026
Air India,Mumbai,Hyderabad,0,90,3,3,2019,13,55,15,25,28,9,2026
Multiple carriers,Delhi,Cochin,1,465,21,3,2019,14,35,22,20,28,9,2026
Multiple carriers,Delhi,Cochin,1,540,18,5,2019,7,10,16,10,28,9,2026
Multiple carriers,Delhi,Cochin,1,395,3,9,2019,19,0,1,35,3,10,2026
Jet Airways,Kolkata,Banglore,1,520,5,9,2019,20,0,4,40,5,10,2026
Jet Airways,Kolkata,Banglore,1,685,21,5,2019,8,25,19,50,28,9,2026
Jet Airways,Banglore,Delhi,0,180,5,6,2019,8,20,11,20,28,9,2026
Vistara,Kolkata,Banglore,1,790,24,5,2019,7,10,20,20,28,9,2026
Air India,Delhi,Cochin,2,1595,27,3,2019,16,40,19,15,28,3,2026
Jet Airways,Kolkata,Banglore,1,735,24,3,2019,8,25,20,40,28,9,2026
Air India,Delhi,Cochin,0,170,4,9,2019,5,10,8,0,28,9,2026
Multiple carriers,Delhi,Cochin,1,675,6,6,2019,8,0,19,15,28,9,2026
Multiple carriers,Delhi,Cochin,1,690,6,1,2019,7,30,19,0,28,9,2026
Jet Airways,Banglore,New Delhi,1,435,18,3,2019,8,55,16,10,28,9,2026
Multiple carriers,Delhi,Cochin,1,645,27,5,2019,8,30,19,15,28,9,2026
Jet Airways,Delhi,Cochin,1,395,18,5,2019,21,50,4,25,19,5,2026
Air India,Delhi,Cochin,2,1115,27,3,2019,13,5,7,40,28,3,2026
Air India,Delhi,Cochin,2,1580,21,3,2019,7,5,9,25,22,3,2026
Jet Airways,Delhi,Cochin,1,1395,6,6,2019,19,45,19,0,6,7,2026
Air India,Kolkata,Banglore,2,1700,24,5,2019,9,25,13,45,25,5,2026
Jet Airways,Kolkata,Banglore,1,1005,6,6,2019,17,0,9,45,6,7,2026
SpiceJet,Chennai,Kolkata,0,140,5,6,2019,17,45,20,5,28,9,2026
GoAir,Banglore,Delhi,0,170,27,6,2019,11,40,14,30,28,9,2026
Jet Airways,Delhi,Cochin,1,1570,4,3,2019,2,15,4,25,4,4,2026
IndiGo,Delhi,Cochin,1,325,6,3,2019,2,0,7,25,28,9,2026
Air India,Banglore,New Delhi,2,1670,3,3,2019,6,45,10,35,3,7,2026
Multiple carriers,Delhi,Cochin,1,555,3,3,2019,13,5,22,20,28,9,2026
Air India,Banglore,New Delhi,1,1490,15,3,2019,10,30,11,20,16,3,2026
Multiple carriers,Delhi,Cochin,1,760,18,5,2019,12,50,1,30,19,5,2026
Air Asia,Banglore,New Delhi,0,170,3,3,2019,5,50,8,40,28,9,2026
Jet Airways,Kolkata,Banglore,1,1585,24,3,2019,13,55,16,20,25,3,2026
Vistara,Kolkata,Banglore,1,1065,5,1,2019,17,0,10,45,5,2,2026
IndiGo,Banglore,Delhi,0,175,21,4,2019,18,55,21,50,28,9,2026
Jet Airways,Delhi,Cochin,2,1380,27,3,2019,5,25,4,25,28,3,2026
IndiGo,Delhi,Cochin,2,985,3,3,2019,4,55,21,20,28,9,2026
Vistara,Chennai,Kolkata,0,135,6,6,2019,7,5,9,20,28,9,2026
Air India,Chennai,Kolkata,0,135,3,6,2019,11,40,13,55,28,9,2026
Air India,Banglore,New Delhi,1,385,3,3,2019,6,55,13,20,28,9,2026
IndiGo,Banglore,Delhi,0,175,15,4,2019,7,10,10,5,28,9,2026
IndiGo,Kolkata,Banglore,0,155,27,3,2019,15,20,17,55,28,9,2026
SpiceJet,Mumbai,Hyderabad,1,495,3,6,2019,14,10,22,25,28,9,2026
Jet Airways,Delhi,Cochin,1,660,27,5,2019,8,0,19,0,28,9,2026
IndiGo,Chennai,Kolkata,0,140,5,1,2019,19,35,21,55,28,9,2026
Jet Airways,Mumbai,Hyderabad,0,90,21,6,2019,10,20,11,50,28,9,2026
IndiGo,Delhi,Cochin,1,895,27,5,2019,10,35,1,30,28,5,2026
Jet Airways,Banglore,New Delhi,1,1590,3,9,2019,7,0,9,30,13,3,2026
SpiceJet,Kolkata,Banglore,0,150,24,4,2019,17,10,19,40,28,9,2026
Jet Airways,Kolkata,Banglore,1,1285,6,6,2019,17,0,14,25,6,7,2026
Air India,Kolkata,Banglore,2,2000,24,3,2019,13,55,23,15,25,3,2026
Air India,Mumbai,Hyderabad,0,85,5,12,2019,15,0,16,25,28,9,2026
IndiGo,Banglore,New Delhi,0,175,15,3,2019,20,0,22,55,28,9,2026
IndiGo,Delhi,Cochin,1,320,21,5,2019,6,50,12,10,28,9,2026
Multiple carriers,Delhi,Cochin,1,615,24,6,2019,15,15,1,30,25,6,2026
Jet Airways,Delhi,Cochin,1,1415,5,9,2019,13,0,12,35,5,10,2026
Jet Airways,Delhi,Cochin,2,1375,5,9,2019,5,30,4,25,5,10,2026
Jet Airways,Delhi,Cochin,1,1655,4,1,2019,9,0,12,35,4,2,2026
Jet Airways,Banglore,Delhi,0,175,18,4,2019,15,15,18,10,28,9,2026
IndiGo,Kolkata,Banglore,0,165,27,6,2019,20,25,23,10,28,9,2026
Air India,Delhi,Cochin,2,1245,27,5,2019,10,55,7,40,28,5,2026
IndiGo,Delhi,Cochin,1,630,6,1,2019,15,0,1,30,6,2,2026
Air India,Banglore,New Delhi,0,170,3,3,2019,13,20,16,10,28,9,2026
IndiGo,Delhi,Cochin,1,570,15,5,2019,16,0,1,30,16,5,2026
IndiGo,Banglore,Delhi,0,170,4,9,2019,23,30,2,20,4,10,2026
Jet Airways,Delhi,Cochin,1,925,27,3,2019,13,0,4,25,28,3,2026
Jet Airways,Banglore,Delhi,0,165,15,5,2019,6,0,8,45,28,9,2026
Multiple carriers,Delhi,Cochin,1,515,21,3,2019,17,0,1,35,22,3,2026
Jet Airways,Delhi,Cochin,1,1355,18,5,2019,14,0,12,35,19,5,2026
Multiple carriers,Delhi,Cochin,1,480,3,6,2019,7,30,15,30,28,9,2026
GoAir,Kolkata,Banglore,1,460,24,3,2019,16,25,0,5,25,3,2026
Jet Airways,Kolkata,Banglore,1,345,18,5,2019,11,50,17,35,28,9,2026
Multiple carriers,Delhi,Cochin,1,780,27,5,2019,6,0,19,0,28,9,2026
IndiGo,Delhi,Cochin,1,500,5,9,2019,17,10,1,30,5,10,2026
Jet Airways,Kolkata,Banglore,1,1630,5,1,2019,20,25,23,35,5,2,2026
Jet Airways,Delhi,Cochin,1,1355,21,5,2019,14,0,12,35,22,5,2026
Multiple carriers,Delhi,Cochin,1,830,18,5,2019,11,40,1,30,19,5,2026
IndiGo,Banglore,Delhi,0,175,5,12,2019,18,55,21,50,28,9,2026
Air India,Delhi,Cochin,2,1595,6,12,2019,16,40,19,15,13,6,2026
IndiGo,Delhi,Cochin,1,265,21,3,2019,7,35,12,0,28,9,2026
Air India,Banglore,Delhi,0,165,6,12,2019,10,0,12,45,28,9,2026
Multiple carriers,Delhi,Cochin,1,760,6,6,2019,12,50,1,30,6,7,2026
Vistara,Kolkata,Banglore,1,930,5,1,2019,7,10,22,40,28,9,2026
Multiple carriers,Delhi,Cochin,1,630,18,5,2019,15,0,1,30,19,5,2026
Air India,Kolkata,Banglore,1,545,15,5,2019,9,25,18,30,28,9,2026
Jet Airways,Delhi,Cochin,1,1100,6,1,2019,18,15,12,35,6,2,2026
IndiGo,Kolkata,Banglore,0,155,4,12,2019,15,30,18,5,28,9,2026
IndiGo,Delhi,Cochin,1,630,6,9,2019,15,0,1,30,6,10,2026
Air Asia,Kolkata,Banglore,0,150,4,9,2019,19,55,22,25,28,9,2026
Jet Airways,Banglore,Delhi,0,175,15,6,2019,11,10,14,5,28,9,2026
IndiGo,Delhi,Cochin,1,425,3,3,2019,8,25,15,30,28,9,2026
IndiGo,Banglore,Delhi,0,165,21,4,2019,6,5,8,50,28,9,2026
Air India,Delhi,Cochin,2,1275,6,1,2019,22,0,19,15,6,2,2026
Jet Airways,Kolkata,Banglore,1,1655,5,9,2019,8,25,12,0,5,10,2026
Jet Airways,Banglore,Delhi,0,180,6,9,2019,8,20,11,20,28,9,2026
Air India,Kolkata,Banglore,1,1700,5,9,2019,16,45,21,5,5,10,2026
IndiGo,Kolkata,Banglore,1,320,6,9,2019,15,10,20,30,28,9,2026
Jet Airways,Delhi,Cochin,1,940,27,5,2019,20,55,12,35,28,5,2026
IndiGo,Delhi,Cochin,1,305,3,9,2019,20,30,1,35,3,10,2026
SpiceJet,Kolkata,Banglore,0,155,4,9,2019,6,55,9,30,28,9,2026
Jet Airways,Banglore,Delhi,0,180,4,9,2019,7,10,10,10,28,9,2026
Multiple carriers,Delhi,Cochin,1,755,27,3,2019,9,45,22,20,28,9,2026
Jet Airways,Delhi,Cochin,2,1760,27,6,2019,23,5,4,25,29,6,2026
Jet Airways,Banglore,Delhi,0,180,5,6,2019,7,10,10,10,28,9,2026
Jet Airways Business,Banglore,New Delhi,1,340,3,1,2019,5,45,11,25,28,9,2026
Air India,Delhi,Cochin,1,705,3,9,2019,20,30,8,15,3,10,2026
Jet Airways,Mumbai,Hyderabad,0,90,27,3,2019,15,50,17,20,28,9,2026
IndiGo,Banglore,Delhi,0,175,4,6,2019,7,10,10,5,28,9,2026
Air India,Kolkata,Banglore,2,1830,4,1,2019,16,45,23,15,4,2,2026
Jet Airways,Delhi,Cochin,1,300,6,12,2019,14,0,19,0,28,9,2026
Air India,Banglore,New Delhi,2,1375,3,12,2019,17,25,16,20,13,3,2026
Jet Airways,Kolkata,Banglore,1,1285,6,9,2019,18,55,16,20,6,10,2026
Jet Airways,Kolkata,Banglore,1,1685,5,12,2019,17,0,21,5,13,5,2026
IndiGo,Kolkata,Banglore,1,295,24,5,2019,9,20,14,15,28,9,2026
Jet Airways,Kolkata,Banglore,1,685,6,9,2019,8,25,19,50,28,9,2026
Multiple carriers,Delhi,Cochin,1,450,6,1,2019,18,0,1,30,6,2,2026
Air India,Banglore,New Delhi,1,1490,3,3,2019,10,30,11,20,3,7,2026
IndiGo,Delhi,Cochin,1,305,6,12,2019,20,25,1,30,13,6,2026
Jet Airways,Kolkata,Banglore,1,730,15,5,2019,16,30,4,40,16,5,2026
Air India,Delhi,Cochin,2,1470,27,5,2019,7,10,7,40,28,5,2026
IndiGo,Kolkata,Banglore,1,265,4,9,2019,19,20,23,45,28,9,2026
Jet Airways,Delhi,Cochin,2,425,5,9,2019,5,30,12,35,28,9,2026
Jet Airways,Delhi,Cochin,0,195,24,6,2019,11,0,14,15,28,9,2026
Multiple carriers,Delhi,Cochin,2,850,3,6,2019,7,10,21,20,28,9,2026
Multiple carriers,Delhi,Cochin,1,910,18,5,2019,3,50,19,0,28,9,2026
IndiGo,Kolkata,Banglore,0,155,3,9,2019,15,20,17,55,28,9,2026
SpiceJet,Mumbai,Hyderabad,0,85,21,3,2019,22,45,0,10,22,3,2026
Jet Airways,Kolkata,Banglore,1,775,5,1,2019,21,10,10,5,5,2,2026
IndiGo,Delhi,Cochin,1,835,18,5,2019,8,35,22,30,28,9,2026
Jet Airways,Kolkata,Banglore,1,1745,15,5,2019,17,0,22,5,16,5,2026
Vistara,Banglore,New Delhi,0,160,24,3,2019,19,40,22,20,28,9,2026
Jet Airways,Delhi,Cochin,1,330,27,6,2019,7,5,12,35,28,9,2026
Jet Airways,Banglore,Delhi,0,185,4,9,2019,18,55,22,0,28,9,2026
Jet Airways,Delhi,Cochin,1,1655,6,9,2019,9,0,12,35,6,10,2026
Air India,Mumbai,Hyderabad,1,795,3,12,2019,5,55,19,10,28,9,2026
IndiGo,Kolkata,Banglore,0,165,3,3,2019,9,35,12,20,28,9,2026
IndiGo,Delhi,Cochin,0,195,6,9,2019,5,35,8,50,28,9,2026
IndiGo,Delhi,Cochin,1,315,15,6,2019,7,15,12,30,28,9,2026
Jet Airways,Banglore,Delhi,0,180,15,5,2019,17,45,20,45,28,9,2026
Air India,Delhi,Cochin,2,1100,15,6,2019,13,20,7,40,16,6,2026
Multiple carriers,Delhi,Cochin,1,440,3,3,2019,11,30,18,50,28,9,2026
Jet Airways,Delhi,Cochin,2,810,6,9,2019,5,30,19,0,28,9,2026
IndiGo,Chennai,Kolkata,0,140,18,3,2019,22,5,0,25,19,3,2026
Multiple carriers,Delhi,Cochin,1,890,3,6,2019,4,0,18,50,28,9,2026
Jet Airways,Banglore,Delhi,0,175,4,9,2019,15,50,18,45,28,9,2026
IndiGo,Delhi,Cochin,1,575,27,6,2019,11,25,21,0,28,9,2026
Jet Airways,Kolkata,Banglore,1,575,4,1,2019,9,35,19,10,28,9,2026
Jet Airways,Kolkata,Banglore,1,1495,4,1,2019,18,55,19,50,4,2,2026
IndiGo,Delhi,Cochin,1,560,27,5,2019,6,50,16,10,28,9,2026
IndiGo,Delhi,Cochin,1,285,3,3,2019,10,45,15,30,28,9,2026
SpiceJet,Kolkata,Banglore,0,150,6,12,2019,17,10,19,40,28,9,2026
Jet Airways,Delhi,Cochin,2,560,27,6,2019,9,40,19,0,28,9,2026
Air India,Banglore,Delhi,0,165,5,6,2019,6,10,8,55,28,9,2026
Multiple carriers Premium economy,Delhi,Cochin,1,725,21,3,2019,8,55,21,0,28,9,2026
IndiGo,Kolkata,Banglore,1,320,4,1,2019,15,10,20,30,28,9,2026
IndiGo,Chennai,Kolkata,0,140,3,3,2019,7,55,10,15,28,9,2026
Jet Airways Business,Banglore,New Delhi,1,280,3,1,2019,9,45,14,25,28,9,2026
Air India,Delhi,Cochin,2,1490,24,6,2019,6,50,7,40,25,6,2026
Multiple carriers,Delhi,Cochin,1,935,21,3,2019,10,0,1,35,22,3,2026
Jet Airways,Delhi,Cochin,2,1470,3,3,2019,18,20,18,50,3,4,2026
Jet Airways,Delhi,Cochin,2,1460,15,6,2019,12,15,12,35,16,6,2026
Jet Airways,Delhi,Cochin,2,810,27,6,2019,23,5,12,35,28,6,2026
IndiGo,Chennai,Kolkata,0,140,6,12,2019,22,5,0,25,13,6,2026
Vistara,Chennai,Kolkata,0,140,15,5,2019,17,45,20,5,28,9,2026
Air India,Kolkata,Banglore,2,1665,5,1,2019,10,0,13,45,5,2,2026
IndiGo,Chennai,Kolkata,0,140,27,3,2019,22,5,0,25,28,3,2026
Vistara,Delhi,Cochin,0,190,15,4,2019,14,40,17,50,28,9,2026
IndiGo,Chennai,Kolkata,0,140,18,6,2019,19,35,21,55,28,9,2026
Air India,Delhi,Cochin,0,170,5,12,2019,5,10,8,0,28,9,2026
IndiGo,Delhi,Cochin,1,515,27,3,2019,7,35,16,10,28,9,2026
Multiple carriers,Delhi,Cochin,1,810,6,6,2019,7,30,21,0,28,9,2026
Air India,Delhi,Cochin,1,795,6,6,2019,9,45,23,0,28,9,2026
Jet Airways,Delhi,Cochin,2,750,27,3,2019,6,20,18,50,28,9,2026
Jet Airways,Banglore,Delhi,0,175,4,1,2019,11,10,14,5,28,9,2026
IndiGo,Delhi,Cochin,1,325,27,4,2019,2,0,7,25,28,9,2026
Jet Airways,Banglore,Delhi,0,180,27,4,2019,19,50,22,50,28,9,2026
Multiple carriers,Delhi,Cochin,1,720,18,5,2019,9,0,21,0,28,9,2026
SpiceJet,Kolkata,Banglore,0,140,6,12,2019,22,20,0,40,13,6,2026
IndiGo,Delhi,Cochin,1,345,6,9,2019,21,50,3,35,6,10,2026
Vistara,Banglore,Delhi,0,170,15,5,2019,11,30,14,20,28,9,2026
Air India,Banglore,Delhi,0,170,6,3,2019,13,20,16,10,28,9,2026
IndiGo,Mumbai,Hyderabad,0,90,5,12,2019,12,0,13,30,28,9,2026
Jet Airways,Kolkata,Banglore,1,800,18,5,2019,20,0,9,20,19,5,2026
Jet Airways,Banglore,New Delhi,1,315,3,1,2019,8,0,13,15,28,9,2026
Air India,Kolkata,Banglore,3,1040,24,3,2019,5,55,23,15,28,9,2026
Jet Airways,Banglore,Delhi,0,180,15,5,2019,8,20,11,20,28,9,2026
Jet Airways,Delhi,Cochin,2,830,6,12,2019,14,35,4,25,13,6,2026
IndiGo,Banglore,New Delhi,1,285,3,9,2019,16,50,21,35,28,9,2026
SpiceJet,Delhi,Cochin,1,295,21,5,2019,17,55,22,50,28,9,2026
IndiGo,Delhi,Cochin,1,300,15,6,2019,16,0,21,0,28,9,2026
Jet Airways,Kolkata,Banglore,1,585,18,5,2019,18,55,4,40,19,5,2026
GoAir,Delhi,Cochin,1,355,21,5,2019,7,25,13,20,28,9,2026
Vistara,Kolkata,Banglore,1,1595,24,3,2019,20,20,22,55,25,3,2026
Jet Airways,Kolkata,Banglore,1,735,18,5,2019,20,0,8,15,19,5,2026
Multiple carriers,Delhi,Cochin,1,780,5,9,2019,6,0,19,0,28,9,2026
Air India,Kolkata,Banglore,2,1255,6,12,2019,16,50,13,45,13,6,2026
Jet Airways,Banglore,New Delhi,1,1090,3,6,2019,14,5,8,15,3,7,2026
Jet Airways,Kolkata,Banglore,1,700,24,3,2019,6,30,18,10,28,9,2026
IndiGo,Banglore,Delhi,0,180,5,12,2019,21,15,0,15,13,5,2026
IndiGo,Kolkata,Banglore,1,315,6,6,2019,15,15,20,30,28,9,2026
Jet Airways,Kolkata,Banglore,1,870,5,9,2019,20,25,10,55,5,10,2026
IndiGo,Delhi,Cochin,0,195,5,9,2019,14,25,17,40,28,9,2026
Vistara,Banglore,Delhi,0,165,15,4,2019,19,30,22,15,28,9,2026
IndiGo,Kolkata,Banglore,0,155,4,1,2019,17,15,19,50,28,9,2026
Jet Airways,Banglore,New Delhi,1,370,15,3,2019,22,55,5,5,13,3,2026
Multiple carriers,Delhi,Cochin,1,660,27,3,2019,10,0,21,0,28,9,2026
Jet Airways,Delhi,Cochin,2,1125,18,5,2019,9,40,4,25,19,5,2026
Jet Airways,Kolkata,Banglore,1,1055,5,9,2019,16,30,10,5,5,10,2026
IndiGo,Kolkata,Banglore,0,155,5,3,2019,15,30,18,5,28,9,2026
IndiGo,Delhi,Cochin,1,265,27,3,2019,7,35,12,0,28,9,2026
Jet Airways,Delhi,Cochin,1,550,3,3,2019,19,15,4,25,3,4,2026
Vistara,Kolkata,Banglore,1,1440,5,1,2019,20,20,20,20,5,2,2026
Air India,Delhi,Cochin,0,180,27,6,2019,14,10,17,10,28,9,2026
Jet Airways,Kolkata,Banglore,1,750,6,9,2019,9,35,22,5,28,9,2026
Multiple carriers,Delhi,Cochin,1,380,27,3,2019,7,0,13,20,28,9,2026
Jet Airways,Kolkata,Banglore,1,1295,5,6,2019,20,25,18,0,5,7,2026
Jet Airways,Delhi,Cochin,2,1125,6,12,2019,9,40,4,25,13,6,2026
Multiple carriers,Delhi,Cochin,1,780,6,1,2019,8,0,21,0,28,9,2026
Vistara,Kolkata,Banglore,1,930,21,5,2019,7,10,22,40,28,9,2026
Jet Airways,Kolkata,Banglore,1,585,6,6,2019,18,55,4,40,6,7,2026
Air India,Delhi,Cochin,2,1245,18,5,2019,10,55,7,40,19,5,2026
IndiGo,Delhi,Cochin,1,320,15,6,2019,6,50,12,10,28,9,2026
Jet Airways,Delhi,Cochin,2,1475,3,6,2019,19,10,19,45,3,7,2026
IndiGo,Kolkata,Banglore,0,155,15,5,2019,20,20,22,55,28,9,2026
Air India,Banglore,Delhi,0,165,15,4,2019,6,10,8,55,28,9,2026
Vistara,Banglore,New Delhi,0,175,24,3,2019,21,10,0,5,25,3,2026
Jet Airways Business,Delhi,Cochin,2,500,3,6,2019,20,5,4,25,3,7,2026
Jet Airways,Delhi,Cochin,1,745,27,3,2019,16,0,4,25,28,3,2026
IndiGo,Kolkata,Banglore,0,155,24,4,2019,22,15,0,50,25,4,2026
SpiceJet,Mumbai,Hyderabad,0,80,24,3,2019,13,10,14,30,28,9,2026
Multiple carriers,Delhi,Cochin,1,690,6,1,2019,14,0,1,30,6,2,2026
Multiple carriers,Delhi,Cochin,1,660,15,5,2019,10,0,21,0,28,9,2026
Air India,Kolkata,Banglore,0,155,5,3,2019,20,45,23,20,28,9,2026
Multiple carriers,Delhi,Cochin,1,780,3,3,2019,8,0,21,0,28,9,2026
Air Asia,Kolkata,Banglore,0,150,27,6,2019,22,50,1,20,28,6,2026
IndiGo,Delhi,Cochin,1,635,3,6,2019,15,0,1,35,3,7,2026
Jet Airways,Delhi,Cochin,1,1210,27,5,2019,22,50,19,0,28,5,2026
Multiple carriers,Delhi,Cochin,1,645,15,5,2019,8,30,19,15,28,9,2026
Air India,Kolkata,Banglore,1,1515,6,6,2019,12,0,13,15,6,7,2026
Multiple carriers,Delhi,Cochin,1,840,3,3,2019,7,0,21,0,28,9,2026
Vistara,Delhi,Cochin,0,190,27,4,2019,6,0,9,10,28,9,2026
Jet Airways,Kolkata,Banglore,1,1090,5,9,2019,14,5,8,15,5,10,2026
Jet Airways,Kolkata,Banglore,1,400,5,12,2019,14,5,20,45,28,9,2026
SpiceJet,Kolkata,Banglore,0,150,21,3,2019,9,0,11,30,28,9,2026
Multiple carriers,Delhi,Cochin,1,440,21,3,2019,18,15,1,35,22,3,2026
Vistara,Mumbai,Hyderabad,1,1125,3,6,2019,14,40,9,25,3,7,2026
GoAir,Banglore,Delhi,0,170,6,6,2019,11,40,14,30,28,9,2026
Jet Airways,Banglore,New Delhi,1,1280,3,6,2019,14,5,11,25,3,7,2026
Jet Airways,Banglore,New Delhi,1,1420,3,1,2019,8,0,7,40,3,2,2026
Air India,Delhi,Cochin,2,1595,27,5,2019,16,40,19,15,28,5,2026
Vistara,Banglore,Delhi,0,165,27,5,2019,19,30,22,15,28,9,2026
Jet Airways,Kolkata,Banglore,1,735,5,6,2019,20,0,8,15,5,7,2026
Air India,Delhi,Cochin,1,965,3,3,2019,17,20,9,25,3,4,2026
SpiceJet,Banglore,Delhi,0,175,15,5,2019,21,10,0,5,16,5,2026
Jet Airways,Banglore,Delhi,0,175,5,12,2019,15,15,18,10,28,9,2026
Air India,Delhi,Cochin,1,1535,21,5,2019,5,15,6,50,22,5,2026
SpiceJet,Chennai,Kolkata,0,140,3,9,2019,17,45,20,5,28,9,2026
Multiple carriers,Delhi,Cochin,1,455,18,5,2019,14,55,22,30,28,9,2026
IndiGo,Kolkata,Banglore,0,155,24,4,2019,15,30,18,5,28,9,2026
Jet Airways,Kolkata,Banglore,1,750,18,5,2019,9,35,22,5,28,9,2026
Jet Airways,Kolkata,Banglore,1,1220,5,12,2019,20,0,16,20,13,5,2026
Jet Airways,Delhi,Cochin,1,715,4,9,2019,7,5,19,0,28,9,2026
Jet Airways,Delhi,Cochin,0,195,15,6,2019,11,0,14,15,28,9,2026
Jet Airways,Banglore,New Delhi,1,1035,3,12,2019,22,55,16,10,13,3,2026
Air India,Banglore,New Delhi,2,630,21,3,2019,5,50,16,20,28,9,2026
IndiGo,Banglore,Delhi,0,170,27,4,2019,4,0,6,50,28,9,2026
GoAir,Kolkata,Banglore,0,155,24,6,2019,15,20,17,55,28,9,2026
IndiGo,Banglore,New Delhi,1,295,3,9,2019,15,40,20,35,28,9,2026
IndiGo,Banglore,Delhi,0,175,5,1,2019,0,30,3,25,28,9,2026
Jet Airways,Kolkata,Banglore,1,890,6,9,2019,21,10,12,0,6,10,2026
Vistara,Chennai,Kolkata,0,135,18,3,2019,7,5,9,20,28,9,2026
IndiGo,Kolkata,Banglore,0,155,21,4,2019,4,40,7,15,28,9,2026
Multiple carriers,Delhi,Cochin,1,720,21,5,2019,9,0,21,0,28,9,2026
IndiGo,Banglore,New Delhi,0,170,3,9,2019,22,20,1,10,3,10,2026
Vistara,Chennai,Kolkata,0,135,18,5,2019,7,5,9,20,28,9,2026
Air India,Kolkata,Banglore,2,1170,5,6,2019,9,10,4,40,5,7,2026
IndiGo,Banglore,Delhi,0,170,5,3,2019,8,30,11,20,28,9,2026
Jet Airways,Kolkata,Banglore,1,1315,5,1,2019,14,5,12,0,5,2,2026
Jet Airways,Kolkata,Banglore,1,730,21,5,2019,16,30,4,40,22,5,2026
Air India,Banglore,Delhi,0,165,21,6,2019,10,0,12,45,28,9,2026
GoAir,Banglore,Delhi,0,175,4,6,2019,7,45,10,40,28,9,2026
Jet Airways,Delhi,Cochin,2,1375,5,9,2019,5,30,4,25,5,10,2026
Jet Airways,Delhi,Cochin,2,810,27,5,2019,5,30,19,0,28,9,2026
Jet Airways,Banglore,Delhi,0,180,27,5,2019,8,20,11,20,28,9,2026
Air India,Banglore,Delhi,0,170,15,5,2019,13,20,16,10,28,9,2026
Jet Airways,Banglore,New Delhi,1,370,21,3,2019,9,45,15,55,28,9,2026
Air India,Delhi,Cochin,0,230,18,6,2019,14,5,17,55,28,9,2026
Vistara,Chennai,Kolkata,0,140,21,6,2019,17,45,20,5,28,9,2026
Jet Airways,Kolkata,Banglore,1,590,21,5,2019,8,25,18,15,28,9,2026
IndiGo,Delhi,Cochin,1,755,3,3,2019,8,25,21,0,28,9,2026
IndiGo,Banglore,New Delhi,1,260,18,3,2019,16,15,20,35,28,9,2026
IndiGo,Mumbai,Hyderabad,0,95,27,5,2019,20,5,21,40,28,9,2026
Multiple carriers,Delhi,Cochin,1,730,6,3,2019,7,5,19,15,28,9,2026
Air India,Kolkata,Banglore,2,1830,6,6,2019,12,0,18,30,6,7,2026
Vistara,Mumbai,Hyderabad,1,660,3,6,2019,11,55,22,55,28,9,2026
Jet Airways,Delhi,Cochin,1,715,21,5,2019,7,5,19,0,28,9,2026
IndiGo,Banglore,Delhi,0,170,27,6,2019,13,0,15,50,28,9,2026
Vistara,Kolkata,Banglore,1,975,5,6,2019,7,10,23,25,28,9,2026
Air India,Delhi,Cochin,2,1380,18,5,2019,20,15,19,15,19,5,2026
Jet Airways,Mumbai,Hyderabad,0,85,27,5,2019,2,55,4,20,28,9,2026
Jet Airways,Delhi,Cochin,2,1045,18,5,2019,19,10,12,35,19,5,2026
Air India,Mumbai,Hyderabad,0,80,3,3,2019,6,20,7,40,28,9,2026
IndiGo,Delhi,Cochin,1,380,5,9,2019,16,10,22,30,28,9,2026
Air India,Delhi,Cochin,2,1275,24,6,2019,22,0,19,15,25,6,2026
IndiGo,Delhi,Cochin,1,315,5,9,2019,7,15,12,30,28,9,2026
Multiple carriers,Delhi,Cochin,1,480,6,1,2019,17,30,1,30,6,2,2026
Jet Airways,Kolkata,Banglore,1,395,5,1,2019,17,0,23,35,28,9,2026
Multiple carriers,Delhi,Cochin,2,695,27,3,2019,9,45,21,20,28,9,2026
Multiple carriers,Delhi,Cochin,1,755,6,6,2019,6,40,19,15,28,9,2026
Air India,Mumbai,Hyderabad,2,0,3,6,2019,16,50,16,55,28,9,2026
IndiGo,Mumbai,Hyderabad,0,90,24,6,2019,6,25,7,55,28,9,2026
Jet Airways,Kolkata,Banglore,1,1200,6,12,2019,14,5,10,5,13,6,2026
Jet Airways,Kolkata,Banglore,1,510,5,12,2019,14,5,22,35,28,9,2026
Jet Airways,Delhi,Cochin,1,995,21,3,2019,2,15,18,50,28,9,2026
Air India,Delhi,Cochin,2,1545,3,6,2019,5,55,7,40,3,7,2026
IndiGo,Kolkata,Banglore,0,155,24,3,2019,15,10,17,45,28,9,2026
SpiceJet,Banglore,Delhi,0,170,4,12,2019,9,30,12,20,28,9,2026
IndiGo,Banglore,New Delhi,0,175,3,9,2019,21,20,0,15,13,3,2026
Air Asia,Banglore,Delhi,0,170,4,6,2019,23,55,2,45,4,7,2026
Air India,Delhi,Cochin,1,1255,3,3,2019,12,30,9,25,3,4,2026
Air India,Delhi,Cochin,2,1275,24,5,2019,22,0,19,15,25,5,2026
Jet Airways,Delhi,Cochin,2,810,6,12,2019,5,30,19,0,28,9,2026
Jet Airways,Delhi,Cochin,2,1320,27,6,2019,14,35,12,35,28,6,2026
Jet Airways,Kolkata,Banglore,1,475,24,3,2019,8,25,16,20,28,9,2026
Jet Airways,Delhi,Cochin,2,1125,6,1,2019,9,40,4,25,6,2,2026
SpiceJet,Chennai,Kolkata,0,155,3,6,2019,9,30,12,5,28,9,2026
Air Asia,Kolkata,Banglore,0,150,3,3,2019,19,35,22,5,28,9,2026
GoAir,Delhi,Cochin,1,355,15,4,2019,7,0,12,55,28,9,2026
Multiple carriers,Delhi,Cochin,1,630,27,6,2019,8,30,19,0,28,9,2026
Jet Airways,Delhi,Cochin,1,1010,6,1,2019,19,45,12,35,6,2,2026
Air India,Kolkata,Banglore,2,1035,6,12,2019,20,30,13,45,13,6,2026
IndiGo,Delhi,Cochin,1,860,18,5,2019,6,40,21,0,28,9,2026
IndiGo,Delhi,Cochin,1,895,6,6,2019,10,35,1,30,6,7,2026
SpiceJet,Mumbai,Hyderabad,0,80,18,3,2019,5,45,7,5,28,9,2026
IndiGo,Banglore,New Delhi,0,175,3,3,2019,7,10,10,5,28,9,2026
Jet Airways,Banglore,New Delhi,1,315,3,6,2019,8,0,13,15,28,9,2026
Jet Airways,Banglore,Delhi,0,180,24,4,2019,19,50,22,50,28,9,2026
IndiGo,Kolkata,Banglore,0,155,5,9,2019,17,15,19,50,28,9,2026
IndiGo,Kolkata,Banglore,0,150,6,3,2019,14,25,16,55,28,9,2026
Jet Airways,Delhi,Cochin,2,1775,27,6,2019,13,25,19,0,28,6,2026
IndiGo,Banglore,Delhi,0,165,18,4,2019,6,5,8,50,28,9,2026
SpiceJet,Delhi,Cochin,1,295,4,3,2019,17,55,22,50,28,9,2026
IndiGo,Mumbai,Hyderabad,0,85,3,6,2019,21,20,22,45,28,9,2026
Multiple carriers,Delhi,Cochin,1,540,15,6,2019,10,0,19,0,28,9,2026
Jet Airways,Kolkata,Banglore,1,400,6,6,2019,14,5,20,45,28,9,2026
Jet Airways,Kolkata,Banglore,1,1005,18,5,2019,17,0,9,45,19,5,2026
Jet Airways,Kolkata,Banglore,1,575,21,5,2019,9,35,19,10,28,9,2026
Jet Airways,Delhi,Cochin,2,1125,27,5,2019,9,40,4,25,28,5,2026
GoAir,Delhi,Cochin,1,370,18,5,2019,7,25,13,35,28,9,2026
Multiple carriers,Delhi,Cochin,1,395,18,5,2019,6,0,12,35,28,9,2026
Jet Airways,Mumbai,Hyderabad,0,85,5,6,2019,2,55,4,20,28,9,2026
Multiple carriers,Delhi,Cochin,1,725,3,3,2019,8,55,21,0,28,9,2026
Jet Airways,Delhi,Cochin,1,520,5,9,2019,19,45,4,25,5,10,2026
Air India,Delhi,Cochin,2,1855,21,3,2019,12,20,19,15,22,3,2026
IndiGo,Kolkata,Banglore,0,165,18,3,2019,10,10,12,55,28,9,2026
IndiGo,Banglore,Delhi,0,165,5,9,2019,1,30,4,15,28,9,2026
Jet Airways,Kolkata,Banglore,1,1025,5,1,2019,18,55,12,0,5,2,2026
Jet Airways,Mumbai,Hyderabad,0,90,24,6,2019,8,45,10,15,28,9,2026
IndiGo,Delhi,Cochin,1,515,15,6,2019,7,35,16,10,28,9,2026
IndiGo,Kolkata,Banglore,1,240,6,9,2019,6,20,10,20,28,9,2026
Jet Airways,Delhi,Cochin,1,520,6,12,2019,19,45,4,25,13,6,2026
Air India,Banglore,New Delhi,1,1015,3,1,2019,5,50,22,45,28,9,2026
Multiple carriers,Delhi,Cochin,1,490,27,5,2019,12,50,21,0,28,9,2026
Jet Airways,Kolkata,Banglore,1,520,24,5,2019,20,0,4,40,25,5,2026
Multiple carriers,Delhi,Cochin,1,735,21,5,2019,8,45,21,0,28,9,2026
SpiceJet,Banglore,Delhi,0,175,5,12,2019,21,10,0,5,13,5,2026
IndiGo,Banglore,Delhi,0,170,4,12,2019,8,30,11,20,28,9,2026
Vistara,Kolkata,Banglore,1,385,5,9,2019,17,0,23,25,28,9,2026
Multiple carriers,Delhi,Cochin,3,835,6,9,2019,11,35,1,30,6,10,2026
Air India,Kolkata,Banglore,2,1100,24,3,2019,7,0,1,20,25,3,2026
Multiple carriers,Delhi,Cochin,1,705,6,3,2019,7,30,19,15,28,9,2026
Air India,Banglore,New Delhi,1,865,3,12,2019,8,50,23,15,28,9,2026
Multiple carriers,Delhi,Cochin,1,615,27,5,2019,8,45,19,0,28,9,2026
Jet Airways,Delhi,Cochin,1,1440,3,6,2019,19,45,19,45,3,7,2026
Jet Airways,Delhi,Cochin,2,910,6,9,2019,21,25,12,35,6,10,2026
Air Asia,Delhi,Cochin,1,865,6,6,2019,16,45,7,10,6,7,2026
Vistara,Banglore,Delhi,0,155,5,12,2019,17,0,19,35,28,9,2026
Jet Airways,Delhi,Cochin,1,395,6,12,2019,21,50,4,25,13,6,2026
Multiple carriers,Delhi,Cochin,1,730,18,5,2019,7,5,19,15,28,9,2026
Jet Airways,Kolkata,Banglore,1,1630,5,1,2019,20,25,23,35,5,2,2026
IndiGo,Banglore,New Delhi,0,170,3,3,2019,16,55,19,45,28,9,2026
Air India,Kolkata,Banglore,1,965,6,6,2019,19,0,11,5,6,7,2026
Air India,Delhi,Cochin,2,500,6,12,2019,10,55,19,15,28,9,2026
Jet Airways,Kolkata,Banglore,1,330,21,5,2019,6,30,12,0,28,9,2026
SpiceJet,Banglore,Delhi,0,170,4,1,2019,9,30,12,20,28,9,2026
Jet Airways,Kolkata,Banglore,1,1090,5,1,2019,14,5,8,15,5,2,2026
Jet Airways,Banglore,Delhi,0,175,27,5,2019,15,15,18,10,28,9,2026
IndiGo,Chennai,Kolkata,0,140,5,9,2019,22,5,0,25,5,10,2026
GoAir,Banglore,Delhi,0,170,27,5,2019,11,40,14,30,28,9,2026
Jet Airways,Kolkata,Banglore,1,1350,24,3,2019,21,10,19,40,25,3,2026
Multiple carriers,Delhi,Cochin,1,660,6,1,2019,10,0,21,0,28,9,2026
Jet Airways,Banglore,Delhi,0,180,27,5,2019,17,45,20,45,28,9,2026
IndiGo,Banglore,Delhi,0,170,27,6,2019,22,10,1,0,28,6,2026
IndiGo,Chennai,Kolkata,0,140,15,6,2019,22,5,0,25,16,6,2026
Jet Airways,Banglore,Delhi,0,180,4,12,2019,17,45,20,45,28,9,2026
Air India,Delhi,Cochin,2,1275,3,3,2019,22,0,19,15,3,4,2026
Air India,Kolkata,Banglore,2,1200,5,1,2019,9,25,5,25,5,2,2026
SpiceJet,Kolkata,Banglore,1,315,24,4,2019,15,5,20,20,28,9,2026
Jet Airways,Delhi,Cochin,2,1620,6,3,2019,9,35,12,35,6,4,2026
Jet Airways,Kolkata,Banglore,1,1005,5,6,2019,17,0,9,45,5,7,2026
Multiple carriers,Delhi,Cochin,1,545,15,6,2019,7,5,16,10,28,9,2026
SpiceJet,Banglore,Delhi,0,160,6,12,2019,5,55,8,35,28,9,2026
Jet Airways,Delhi,Cochin,1,600,24,6,2019,9,0,19,0,28,9,2026
Jet Airways,Banglore,Delhi,0,165,4,6,2019,6,0,8,45,28,9,2026
Jet Airways,Delhi,Cochin,1,1530,27,5,2019,17,30,19,0,28,5,2026
Multiple carriers,Delhi,Cochin,1,510,21,3,2019,10,45,19,15,28,9,2026
Air India,Kolkata,Banglore,2,1035,15,5,2019,20,30,13,45,16,5,2026
Jet Airways,Banglore,New Delhi,1,1120,3,12,2019,20,35,15,15,13,3,2026
Multiple carriers,Delhi,Cochin,1,505,6,3,2019,10,35,19,0,28,9,2026
Jet Airways,Delhi,Cochin,2,535,21,5,2019,19,30,4,25,22,5,2026
Jet Airways,Kolkata,Banglore,1,740,6,6,2019,8,25,20,45,28,9,2026
IndiGo,Delhi,Cochin,1,425,21,3,2019,4,55,12,0,28,9,2026
SpiceJet,Kolkata,Banglore,0,150,15,3,2019,9,0,11,30,28,9,2026
Multiple carriers,Delhi,Cochin,1,455,6,1,2019,11,25,19,0,28,9,2026
Multiple carriers,Delhi,Cochin,1,460,6,3,2019,4,55,12,35,28,9,2026
Air India,Kolkata,Banglore,0,150,3,6,2019,14,15,16,45,28,9,2026
Multiple carriers,Delhi,Cochin,1,750,6,12,2019,13,0,1,30,13,6,2026
Multiple carriers,Delhi,Cochin,1,720,21,5,2019,9,0,21,0,28,9,2026
IndiGo,Chennai,Kolkata,0,140,5,6,2019,13,15,15,35,28,9,2026
Vistara,Banglore,New Delhi,0,160,3,1,2019,11,30,14,10,28,9,2026
Jet Airways,Kolkata,Banglore,1,740,21,5,2019,8,25,20,45,28,9,2026
Jet Airways,Banglore,New Delhi,1,995,3,12,2019,16,55,9,30,13,3,2026
Air India,Mumbai,Hyderabad,2,560,3,6,2019,5,30,14,50,28,9,2026
Jet Airways,Kolkata,Banglore,1,425,5,1,2019,16,30,23,35,28,9,2026
Jet Airways,Banglore,Delhi,0,185,5,12,2019,18,55,22,0,28,9,2026
IndiGo,Delhi,Cochin,1,305,6,12,2019,23,30,4,35,13,6,2026
IndiGo,Delhi,Cochin,1,290,15,6,2019,15,10,20,0,28,9,2026
Jet Airways,Kolkata,Banglore,1,775,5,6,2019,21,10,10,5,5,7,2026
IndiGo,Chennai,Kolkata,0,140,27,6,2019,14,45,17,5,28,9,2026
Vistara,Kolkata,Banglore,1,770,24,3,2019,20,20,9,10,25,3,2026
Jet Airways,Banglore,Delhi,0,165,6,12,2019,6,0,8,45,28,9,2026
Vistara,Banglore,Delhi,0,170,4,3,2019,11,30,14,20,28,9,2026
IndiGo,Chennai,Kolkata,0,140,6,12,2019,7,55,10,15,28,9,2026
Multiple carriers,Delhi,Cochin,1,755,6,3,2019,6,40,19,15,28,9,2026
SpiceJet,Kolkata,Banglore,1,435,24,5,2019,11,15,18,30,28,9,2026
Multiple carriers,Delhi,Cochin,1,915,3,9,2019,7,5,22,20,28,9,2026
IndiGo,Mumbai,Hyderabad,0,90,21,6,2019,16,55,18,25,28,9,2026
Vistara,Banglore,Delhi,0,165,27,4,2019,19,30,22,15,28,9,2026
IndiGo,Banglore,Delhi,0,170,4,6,2019,4,0,6,50,28,9,2026
Air India,Kolkata,Banglore,2,920,24,5,2019,10,0,1,20,25,5,2026
Jet Airways,Kolkata,Banglore,1,395,6,12,2019,17,0,23,35,28,9,2026
SpiceJet,Mumbai,Hyderabad,0,85,18,3,2019,22,45,0,10,19,3,2026
Jet Airways,Delhi,Cochin,1,1040,6,9,2019,19,15,12,35,6,10,2026
Jet Airways,Kolkata,Banglore,1,1630,6,9,2019,20,25,23,35,6,10,2026
Air India,Kolkata,Banglore,1,1700,6,9,2019,16,45,21,5,6,10,2026
IndiGo,Kolkata,Banglore,1,290,6,9,2019,8,10,13,0,28,9,2026
Jet Airways,Banglore,Delhi,0,165,5,6,2019,6,0,8,45,28,9,2026
Jet Airways,Delhi,Cochin,1,1240,3,6,2019,23,5,19,45,3,7,2026
Vistara,Banglore,New Delhi,0,165,3,3,2019,9,50,12,35,28,9,2026
Multiple carriers,Delhi,Cochin,1,520,6,9,2019,10,20,19,0,28,9,2026
IndiGo,Banglore,Delhi,0,170,6,9,2019,22,10,1,0,6,10,2026
IndiGo,Kolkata,Banglore,0,155,15,3,2019,14,20,16,55,28,9,2026
Air India,Delhi,Cochin,2,865,15,5,2019,17,15,7,40,16,5,2026
GoAir,Delhi,Cochin,1,310,6,3,2019,14,25,19,35,28,9,2026
SpiceJet,Chennai,Kolkata,0,135,6,3,2019,8,20,10,35,28,9,2026
IndiGo,Banglore,New Delhi,0,170,3,9,2019,16,55,19,45,28,9,2026
Air Asia,Delhi,Cochin,1,340,5,9,2019,16,45,22,25,28,9,2026
Jet Airways,Mumbai,Hyderabad,0,85,5,1,2019,2,55,4,20,28,9,2026
IndiGo,Banglore,New Delhi,0,170,3,9,2019,5,30,8,20,28,9,2026
Air Asia,Kolkata,Banglore,1,720,6,12,2019,22,40,10,40,13,6,2026
SpiceJet,Chennai,Kolkata,0,135,6,6,2019,8,20,10,35,28,9,2026
IndiGo,Chennai,Kolkata,0,140,3,3,2019,5,15,7,35,28,9,2026
SpiceJet,Mumbai,Hyderabad,0,90,18,6,2019,13,15,14,45,28,9,2026
Jet Airways,Kolkata,Banglore,1,1075,6,9,2019,17,0,10,55,6,10,2026
Air India,Kolkata,Banglore,3,2115,24,3,2019,12,0,23,15,25,3,2026
SpiceJet,Banglore,New Delhi,0,175,21,3,2019,9,35,12,30,28,9,2026
Jet Airways,Kolkata,Banglore,1,570,18,5,2019,14,5,23,35,28,9,2026
Jet Airways,Kolkata,Banglore,1,1150,6,9,2019,21,10,16,20,6,10,2026
Multiple carriers,Delhi,Cochin,1,480,3,6,2019,13,0,21,0,28,9,2026
IndiGo,Banglore,Delhi,0,175,15,4,2019,0,30,3,25,28,9,2026
IndiGo,Mumbai,Hyderabad,0,85,3,1,2019,21,20,22,45,28,9,2026
IndiGo,Banglore,Delhi,0,170,15,6,2019,23,30,2,20,16,6,2026
Air India,Banglore,New Delhi,0,165,24,3,2019,10,0,12,45,28,9,2026
Jet Airways,Delhi,Cochin,2,495,3,9,2019,20,10,4,25,3,10,2026
Jet Airways,Banglore,Delhi,0,165,6,12,2019,6,0,8,45,28,9,2026
Jet Airways,Delhi,Cochin,2,1430,21,5,2019,19,10,19,0,22,5,2026
IndiGo,Banglore,New Delhi,1,295,21,3,2019,13,40,18,35,28,9,2026
Vistara,Kolkata,Banglore,1,1545,24,3,2019,17,0,18,45,25,3,2026
Jet Airways,Kolkata,Banglore,1,1330,5,9,2019,6,30,4,40,5,10,2026
Vistara,Banglore,New Delhi,0,155,18,3,2019,16,0,18,35,28,9,2026
Air India,Delhi,Cochin,2,500,6,6,2019,10,55,19,15,28,9,2026
Air India,Delhi,Cochin,0,170,6,6,2019,5,10,8,0,28,9,2026
Jet Airways,Mumbai,Hyderabad,0,90,3,6,2019,10,20,11,50,28,9,2026
Air Asia,Delhi,Cochin,1,340,6,9,2019,16,45,22,25,28,9,2026
Jet Airways,Banglore,New Delhi,1,495,21,3,2019,7,0,15,15,28,9,2026
IndiGo,Delhi,Cochin,1,500,6,12,2019,17,10,1,30,13,6,2026
IndiGo,Banglore,New Delhi,0,175,24,3,2019,21,20,0,15,22,3,2026
Air India,Kolkata,Banglore,2,445,6,12,2019,5,50,13,15,28,9,2026
Jet Airways,Banglore,New Delhi,1,530,15,3,2019,22,50,7,40,16,3,2026
IndiGo,Mumbai,Hyderabad,0,90,24,3,2019,16,55,18,25,28,9,2026
IndiGo,Delhi,Cochin,1,500,6,1,2019,17,10,1,30,6,2,2026
IndiGo,Banglore,New Delhi,1,300,3,9,2019,12,5,17,5,28,9,2026
Jet Airways,Kolkata,Banglore,1,590,6,12,2019,6,30,16,20,28,9,2026
SpiceJet,Chennai,Kolkata,0,140,24,5,2019,17,45,20,5,28,9,2026
Multiple carriers,Delhi,Cochin,1,860,6,12,2019,4,55,19,15,28,9,2026
Air Asia,Delhi,Cochin,1,330,18,5,2019,7,55,13,25,28,9,2026
SpiceJet,Kolkata,Banglore,1,315,4,1,2019,15,5,20,20,28,9,2026
Jet Airways,Kolkata,Banglore,1,730,5,1,2019,21,10,9,20,5,2,2026
IndiGo,Kolkata,Banglore,0,160,27,6,2019,21,25,0,5,28,6,2026
IndiGo,Delhi,Cochin,1,500,21,5,2019,17,10,1,30,22,5,2026
Jet Airways,Banglore,Delhi,0,180,27,5,2019,7,10,10,10,28,9,2026
IndiGo,Banglore,Delhi,0,170,6,1,2019,23,30,2,20,6,2,2026
GoAir,Delhi,Cochin,1,540,6,9,2019,10,35,19,35,28,9,2026
Jet Airways,Delhi,Cochin,1,1525,3,9,2019,17,25,18,50,3,10,2026
Jet Airways,Delhi,Cochin,2,810,27,6,2019,5,30,19,0,28,9,2026
Jet Airways,Banglore,Delhi,0,180,27,4,2019,17,45,20,45,28,9,2026
Jet Airways,Kolkata,Banglore,1,1685,5,9,2019,17,0,21,5,5,10,2026
Air India,Kolkata,Banglore,3,1470,5,6,2019,10,0,10,30,5,7,2026
Jet Airways,Delhi,Cochin,2,600,6,6,2019,18,25,4,25,6,7,2026
Multiple carriers,Delhi,Cochin,1,780,27,6,2019,8,0,21,0,28,9,2026
Jet Airways,Delhi,Cochin,1,620,21,5,2019,2,15,12,35,28,9,2026
Jet Airways,Delhi,Cochin,1,620,27,5,2019,2,15,12,35,28,9,2026
GoAir,Delhi,Cochin,1,370,5,6,2019,7,25,13,35,28,9,2026
Multiple carriers,Delhi,Cochin,1,695,21,3,2019,14,0,1,35,22,3,2026
Air India,Delhi,Cochin,2,1560,21,5,2019,17,15,19,15,22,5,2026
Jet Airways,Delhi,Cochin,1,1620,27,5,2019,16,0,19,0,28,5,2026
Multiple carriers,Delhi,Cochin,1,830,5,9,2019,11,40,1,30,5,10,2026
Jet Airways,Banglore,New Delhi,1,375,3,1,2019,22,50,5,5,3,2,2026
Vistara,Banglore,Delhi,0,155,21,4,2019,17,0,19,35,28,9,2026
Multiple carriers,Delhi,Cochin,2,465,3,9,2019,17,50,1,35,3,10,2026
IndiGo,Kolkata,Banglore,0,165,5,12,2019,9,35,12,20,28,9,2026
Air India,Kolkata,Banglore,2,1210,5,12,2019,9,25,5,35,13,5,2026
Multiple carriers,Delhi,Cochin,1,535,3,9,2019,4,0,12,55,28,9,2026
Multiple carriers,Delhi,Cochin,1,680,3,3,2019,7,30,18,50,28,9,2026
Jet Airways,Delhi,Cochin,1,825,27,5,2019,22,50,12,35,28,5,2026
IndiGo,Mumbai,Hyderabad,0,90,15,5,2019,2,35,4,5,28,9,2026
Vistara,Banglore,Delhi,0,170,6,3,2019,11,30,14,20,28,9,2026
Jet Airways,Banglore,Delhi,0,180,27,4,2019,8,20,11,20,28,9,2026
Multiple carriers,Delhi,Cochin,1,845,3,6,2019,4,45,18,50,28,9,2026
IndiGo,Delhi,Cochin,1,490,5,6,2019,14,20,22,30,28,9,2026
Multiple carriers,Delhi,Cochin,1,740,6,1,2019,6,40,19,0,28,9,2026
Air India,Kolkata,Banglore,2,1700,5,1,2019,9,25,13,45,5,2,2026
Jet Airways,Banglore,Delhi,0,180,5,9,2019,8,20,11,20,28,9,2026
Air India,Kolkata,Banglore,2,920,6,6,2019,10,0,1,20,6,7,2026
Multiple carriers,Delhi,Cochin,1,385,3,1,2019,12,50,19,15,28,9,2026
IndiGo,Delhi,Cochin,1,515,21,3,2019,7,35,16,10,28,9,2026
Jet Airways,Delhi,Cochin,1,1320,3,9,2019,20,50,18,50,3,10,2026
Jet Airways,Kolkata,Banglore,1,1435,24,3,2019,19,45,19,40,25,3,2026
Jet Airways,Kolkata,Banglore,1,435,6,9,2019,10,20,17,35,28,9,2026
IndiGo,Delhi,Cochin,1,665,24,6,2019,5,5,16,10,28,9,2026
Jet Airways,Banglore,New Delhi,1,570,15,3,2019,5,45,15,15,28,9,2026
Multiple carriers,Delhi,Cochin,1,555,15,5,2019,10,0,19,15,28,9,2026
Jet Airways,Delhi,Cochin,1,1040,5,9,2019,19,15,12,35,5,10,2026
SpiceJet,Delhi,Cochin,1,380,15,6,2019,15,45,22,5,28,9,2026
Multiple carriers,Delhi,Cochin,1,485,27,3,2019,10,45,18,50,28,9,2026
Jet Airways,Delhi,Cochin,1,1040,6,1,2019,19,15,12,35,6,2,2026
Multiple carriers,Delhi,Cochin,1,690,27,6,2019,7,30,19,0,28,9,2026
Jet Airways,Kolkata,Banglore,1,400,5,9,2019,14,5,20,45,28,9,2026
SpiceJet,Chennai,Kolkata,0,135,15,6,2019,8,20,10,35,28,9,2026
Multiple carriers,Delhi,Cochin,1,540,27,6,2019,10,0,19,0,28,9,2026
Jet Airways,Banglore,Delhi,0,180,5,12,2019,8,20,11,20,28,9,2026
SpiceJet,Kolkata,Banglore,0,145,27,4,2019,9,0,11,25,28,9,2026
IndiGo,Banglore,New Delhi,0,170,24,3,2019,4,0,6,50,28,9,2026
Vistara,Banglore,Delhi,0,170,24,5,2019,21,0,23,50,28,9,2026
Vistara,Kolkata,Banglore,1,930,15,5,2019,7,10,22,40,28,9,2026
Jet Airways,Kolkata,Banglore,1,520,6,9,2019,20,0,4,40,6,10,2026
IndiGo,Banglore,Delhi,0,175,4,12,2019,7,10,10,5,28,9,2026
Air India,Mumbai,Hyderabad,2,990,3,6,2019,5,30,22,0,28,9,2026
Jet Airways,Delhi,Cochin,1,1145,18,5,2019,17,30,12,35,19,5,2026
Jet Airways,Banglore,New Delhi,1,315,18,3,2019,8,0,13,15,28,9,2026
Jet Airways,Banglore,Delhi,0,180,15,5,2019,17,45,20,45,28,9,2026
Jet Airways,Banglore,Delhi,0,175,4,12,2019,11,10,14,5,28,9,2026
Jet Airways,Kolkata,Banglore,1,1285,15,5,2019,17,0,14,25,16,5,2026
SpiceJet,Chennai,Kolkata,0,135,18,5,2019,8,20,10,35,28,9,2026
Air India,Banglore,New Delhi,2,1545,3,1,2019,8,50,10,35,3,2,2026
IndiGo,Banglore,Delhi,0,170,15,4,2019,22,10,1,0,16,4,2026
Jet Airways,Mumbai,Hyderabad,0,85,5,9,2019,7,5,8,30,28,9,2026
Jet Airways,Delhi,Cochin,2,1395,27,3,2019,5,10,4,25,28,3,2026
SpiceJet,Kolkata,Banglore,0,140,3,6,2019,22,20,0,40,3,7,2026
Air Asia,Delhi,Cochin,1,830,27,5,2019,16,45,6,35,28,5,2026
IndiGo,Kolkata,Banglore,1,280,5,6,2019,17,35,22,15,28,9,2026
SpiceJet,Banglore,Delhi,0,170,21,6,2019,9,30,12,20,28,9,2026
SpiceJet,Banglore,Delhi,0,160,5,3,2019,5,55,8,35,28,9,2026
Jet Airways,Delhi,Cochin,1,520,6,6,2019,19,45,4,25,6,7,2026
IndiGo,Delhi,Cochin,1,345,5,1,2019,21,50,3,35,5,2,2026
Multiple carriers,Delhi,Cochin,1,690,27,6,2019,14,0,1,30,28,6,2026
SpiceJet,Kolkata,Banglore,0,155,6,3,2019,6,55,9,30,28,9,2026
Air India,Delhi,Cochin,3,2280,15,6,2019,5,15,19,15,16,6,2026
Vistara,Chennai,Kolkata,0,135,15,3,2019,7,5,9,20,28,9,2026
Jet Airways,Banglore,New Delhi,2,420,18,3,2019,8,55,15,55,28,9,2026
Multiple carriers,Delhi,Cochin,1,440,27,3,2019,6,0,13,20,28,9,2026
Jet Airways,Banglore,New Delhi,1,900,3,6,2019,8,0,23,0,28,9,2026
Jet Airways,Delhi,Cochin,1,1110,27,3,2019,9,55,4,25,28,3,2026
Jet Airways,Mumbai,Hyderabad,0,90,3,1,2019,10,20,11,50,28,9,2026
Air India,Delhi,Cochin,1,705,27,3,2019,20,30,8,15,28,3,2026
Air Asia,Kolkata,Banglore,1,955,15,4,2019,7,35,23,30,28,9,2026
Multiple carriers,Delhi,Cochin,2,460,27,6,2019,17,50,1,30,28,6,2026
Jet Airways,Delhi,Cochin,2,505,24,6,2019,20,0,4,25,25,6,2026
Jet Airways,Delhi,Cochin,2,2045,21,3,2019,18,20,4,25,23,3,2026
Air India,Delhi,Cochin,1,705,3,6,2019,20,30,8,15,3,7,2026
IndiGo,Chennai,Kolkata,0,145,18,5,2019,11,35,14,0,28,9,2026
Multiple carriers,Delhi,Cochin,2,695,3,9,2019,9,45,21,20,28,9,2026
Multiple carriers,Delhi,Cochin,1,845,6,9,2019,4,55,19,0,28,9,2026
Air India,Kolkata,Banglore,2,1100,5,9,2019,7,0,1,20,5,10,2026
Jet Airways,Delhi,Cochin,2,830,15,6,2019,14,35,4,25,16,6,2026
Multiple carriers,Delhi,Cochin,1,825,3,9,2019,6,0,19,45,28,9,2026
Jet Airways,Kolkata,Banglore,1,775,6,12,2019,21,10,10,5,13,6,2026
Jet Airways,Delhi,Cochin,1,540,6,6,2019,10,0,19,0,28,9,2026
Multiple carriers,Delhi,Cochin,1,755,21,3,2019,13,0,1,35,22,3,2026
Vistara,Banglore,Delhi,0,170,6,9,2019,9,45,12,35,28,9,2026
Air India,Kolkata,Banglore,2,970,5,12,2019,16,45,8,55,13,5,2026
Jet Airways,Delhi,Cochin,1,360,6,3,2019,13,0,19,0,28,9,2026
Jet Airways,Delhi,Cochin,1,1505,6,12,2019,11,30,12,35,13,6,2026
Vistara,Kolkata,Banglore,1,630,24,3,2019,9,55,20,25,28,9,2026
Jet Airways,Delhi,Cochin,2,1615,6,3,2019,9,40,12,35,6,4,2026
Jet Airways,Kolkata,Banglore,1,900,24,3,2019,8,25,23,25,28,9,2026
Jet Airways,Mumbai,Hyderabad,2,500,3,12,2019,8,15,16,35,28,9,2026
Vistara,Banglore,Delhi,0,165,4,1,2019,19,30,22,15,28,9,2026
Vistara,Kolkata,Banglore,1,1640,5,1,2019,17,0,20,20,5,2,2026
Jet Airways,Delhi,Cochin,1,1270,5,9,2019,21,50,19,0,5,10,2026
Jet Airways,Banglore,Delhi,0,175,21,4,2019,15,15,18,10,28,9,2026
IndiGo,Banglore,Delhi,0,170,6,1,2019,0,25,3,15,28,9,2026
Jet Airways,Kolkata,Banglore,1,775,15,5,2019,21,10,10,5,16,5,2026
Jet Airways,Banglore,New Delhi,1,435,15,3,2019,8,55,16,10,28,9,2026
Multiple carriers,Delhi,Cochin,1,560,27,5,2019,11,40,21,0,28,9,2026
SpiceJet,Delhi,Cochin,1,295,6,1,2019,17,55,22,50,28,9,2026
IndiGo,Chennai,Kolkata,0,145,21,6,2019,11,35,14,0,28,9,2026
IndiGo,Delhi,Cochin,1,570,21,3,2019,11,30,21,0,28,9,2026
Jet Airways,Banglore,Delhi,0,180,21,5,2019,17,45,20,45,28,9,2026
Jet Airways,Delhi,Cochin,1,300,15,6,2019,14,0,19,0,28,9,2026
IndiGo,Banglore,Delhi,0,170,6,12,2019,20,0,22,50,28,9,2026
Air India,Mumbai,Hyderabad,0,90,4,3,2019,13,55,15,25,28,9,2026
Multiple carriers,Delhi,Cochin,1,480,6,9,2019,13,0,21,0,28,9,2026
IndiGo,Delhi,Cochin,1,810,21,3,2019,7,30,21,0,28,9,2026
Jet Airways,Mumbai,Hyderabad,0,90,5,3,2019,10,20,11,50,28,9,2026
IndiGo,Delhi,Cochin,0,195,21,5,2019,5,35,8,50,28,9,2026
SpiceJet,Kolkata,Banglore,0,150,21,3,2019,17,15,19,45,28,9,2026
IndiGo,Banglore,Delhi,0,180,4,12,2019,16,55,19,55,28,9,2026
IndiGo,Kolkata,Banglore,1,220,6,9,2019,19,35,23,15,28,9,2026
Air Asia,Banglore,Delhi,0,170,5,6,2019,23,55,2,45,5,7,2026
SpiceJet,Mumbai,Hyderabad,0,80,15,3,2019,5,45,7,5,28,9,2026
Jet Airways,Kolkata,Banglore,1,1005,6,6,2019,17,0,9,45,6,7,2026
Multiple carriers,Delhi,Cochin,1,480,24,6,2019,17,30,1,30,25,6,2026
Jet Airways,Delhi,Cochin,1,1280,6,9,2019,7,5,4,25,6,10,2026
GoAir,Banglore,Delhi,0,175,15,6,2019,7,45,10,40,28,9,2026
IndiGo,Banglore,Delhi,0,170,5,9,2019,10,10,13,0,28,9,2026
Jet Airways,Delhi,Cochin,2,1195,24,6,2019,23,5,19,0,25,6,2026
Air India,Kolkata,Banglore,1,245,4,1,2019,9,10,13,15,28,9,2026
IndiGo,Banglore,New Delhi,0,180,15,3,2019,8,30,11,30,28,9,2026
IndiGo,Kolkata,Banglore,1,290,6,6,2019,8,10,13,0,28,9,2026
Air India,Delhi,Cochin,2,1730,6,12,2019,14,25,19,15,13,6,2026
Jet Airways,Mumbai,Hyderabad,0,85,6,3,2019,2,55,4,20,28,9,2026
IndiGo,Chennai,Kolkata,0,140,15,6,2019,13,15,15,35,28,9,2026
Jet Airways,Kolkata,Banglore,1,730,6,6,2019,21,10,9,20,6,7,2026
Jet Airways,Delhi,Cochin,1,1475,21,3,2019,18,15,18,50,22,3,2026
Multiple carriers,Delhi,Cochin,1,930,6,12,2019,10,0,1,30,13,6,2026
Air India,Delhi,Cochin,2,435,24,6,2019,12,0,19,15,28,9,2026
Jet Airways,Kolkata,Banglore,1,1520,6,9,2019,9,35,10,55,6,10,2026
IndiGo,Mumbai,Hyderabad,0,90,27,5,2019,6,25,7,55,28,9,2026
Air India,Delhi,Cochin,2,1410,5,9,2019,19,45,19,15,5,10,2026
SpiceJet,Delhi,Cochin,1,270,21,3,2019,8,45,13,15,28,9,2026
Jet Airways,Delhi,Cochin,1,335,27,6,2019,22,50,4,25,28,6,2026
IndiGo,Banglore,New Delhi,0,170,24,3,2019,22,20,1,10,28,3,2026
SpiceJet,Mumbai,Hyderabad,0,90,15,5,2019,22,45,0,15,16,5,2026
Jet Airways,Kolkata,Banglore,1,590,5,6,2019,8,25,18,15,28,9,2026
Air India,Delhi,Cochin,2,1100,27,3,2019,13,20,7,40,28,3,2026
Jet Airways,Kolkata,Banglore,1,1295,6,12,2019,20,25,18,0,13,6,2026
IndiGo,Kolkata,Banglore,0,160,21,5,2019,21,25,0,5,22,5,2026
Jet Airways,Delhi,Cochin,1,1570,3,6,2019,2,15,4,25,3,7,2026
Jet Airways,Kolkata,Banglore,1,400,6,9,2019,14,5,20,45,28,9,2026
Jet Airways,Banglore,Delhi,0,180,24,4,2019,7,10,10,10,28,9,2026
Multiple carriers,Delhi,Cochin,1,440,6,12,2019,11,40,19,0,28,9,2026
GoAir,Banglore,Delhi,0,170,21,6,2019,11,40,14,30,28,9,2026
Air India,Delhi,Cochin,0,180,15,5,2019,14,10,17,10,28,9,2026
Jet Airways,Delhi,Cochin,1,1680,5,9,2019,15,0,19,0,5,10,2026
Air India,Delhi,Cochin,2,1940,3,9,2019,10,55,19,15,3,10,2026
SpiceJet,Mumbai,Hyderabad,0,90,4,3,2019,13,15,14,45,28,9,2026
IndiGo,Delhi,Cochin,1,295,27,6,2019,5,10,10,5,28,9,2026
IndiGo,Delhi,Cochin,1,630,5,9,2019,15,0,1,30,5,10,2026
Jet Airways,Mumbai,Hyderabad,0,90,6,9,2019,19,35,21,5,28,9,2026
Jet Airways,Banglore,Delhi,0,165,5,12,2019,6,0,8,45,28,9,2026
Jet Airways,Delhi,Cochin,2,1995,21,3,2019,19,10,4,25,23,3,2026
SpiceJet,Mumbai,Hyderabad,0,80,18,3,2019,5,45,7,5,28,9,2026
Air India,Kolkata,Banglore,2,535,18,5,2019,9,25,18,20,28,9,2026
IndiGo,Chennai,Kolkata,0,145,15,3,2019,22,5,0,30,13,3,2026
SpiceJet,Chennai,Kolkata,0,140,27,6,2019,17,45,20,5,28,9,2026
Jet Airways,Kolkata,Banglore,1,800,15,5,2019,20,25,9,45,16,5,2026
Multiple carriers,Delhi,Cochin,1,540,3,3,2019,7,10,16,10,28,9,2026
Jet Airways,Kolkata,Banglore,1,450,6,12,2019,21,10,4,40,13,6,2026
IndiGo,Delhi,Cochin,1,895,18,5,2019,10,35,1,30,19,5,2026
Jet Airways,Delhi,Cochin,1,660,27,5,2019,8,0,19,0,28,9,2026
SpiceJet,Mumbai,Hyderabad,0,90,15,6,2019,5,45,7,15,28,9,2026
Jet Airways,Delhi,Cochin,1,1485,21,5,2019,18,15,19,0,22,5,2026
Air India,Delhi,Cochin,1,555,6,6,2019,10,0,19,15,28,9,2026
IndiGo,Delhi,Cochin,1,290,6,3,2019,15,10,20,0,28,9,2026
Air Asia,Kolkata,Banglore,0,150,3,9,2019,22,50,1,20,3,10,2026
Jet Airways,Delhi,Cochin,2,560,18,5,2019,9,40,19,0,28,9,2026
Jet Airways,Banglore,New Delhi,1,340,15,3,2019,5,45,11,25,28,9,2026
IndiGo,Banglore,Delhi,0,170,6,1,2019,20,0,22,50,28,9,2026
IndiGo,Mumbai,Hyderabad,0,90,18,5,2019,6,25,7,55,28,9,2026
Jet Airways,Kolkata,Banglore,1,685,6,9,2019,8,25,19,50,28,9,2026
Vistara,Chennai,Kolkata,0,135,3,9,2019,7,5,9,20,28,9,2026
Multiple carriers,Delhi,Cochin,1,840,6,3,2019,11,30,1,30,6,4,2026
Jet Airways,Mumbai,Hyderabad,0,80,21,3,2019,3,5,4,25,28,9,2026
IndiGo,Delhi,Cochin,1,355,3,3,2019,2,35,8,30,28,9,2026
Multiple carriers,Delhi,Cochin,1,835,24,6,2019,7,5,21,0,28,9,2026
Air India,Kolkata,Banglore,2,1345,4,1,2019,7,0,5,25,4,2,2026
IndiGo,Kolkata,Banglore,0,160,4,12,2019,21,25,0,5,13,4,2026
Jet Airways,Mumbai,Hyderabad,0,85,27,3,2019,7,10,8,35,28,9,2026
Air India,Kolkata,Banglore,0,150,27,6,2019,14,15,16,45,28,9,2026
Air India,Kolkata,Banglore,3,1650,5,6,2019,7,0,10,30,5,7,2026
GoAir,Banglore,New Delhi,0,175,3,1,2019,7,45,10,40,28,9,2026
GoAir,Banglore,Delhi,0,165,18,4,2019,20,55,23,40,28,9,2026
IndiGo,Chennai,Kolkata,0,140,6,1,2019,7,55,10,15,28,9,2026
Vistara,Banglore,Delhi,0,170,6,9,2019,11,30,14,20,28,9,2026
IndiGo,Banglore,New Delhi,0,175,21,3,2019,18,25,21,20,28,9,2026
IndiGo,Banglore,New Delhi,0,170,21,3,2019,4,0,6,50,28,9,2026
Multiple carriers,Delhi,Cochin,2,625,15,5,2019,15,5,1,30,16,5,2026
Air Asia,Kolkata,Banglore,0,150,18,6,2019,9,45,12,15,28,9,2026
Jet Airways,Delhi,Cochin,1,1225,3,9,2019,8,0,4,25,3,10,2026
Vistara,Banglore,New Delhi,0,155,21,3,2019,16,0,18,35,28,9,2026
Air Asia,Delhi,Cochin,1,660,21,3,2019,20,10,7,10,22,3,2026
GoAir,Banglore,Delhi,0,170,24,6,2019,11,40,14,30,28,9,2026
IndiGo,Delhi,Cochin,0,195,15,5,2019,5,35,8,50,28,9,2026
Air Asia,Banglore,Delhi,0,165,5,9,2019,11,10,13,55,28,9,2026
Jet Airways,Delhi,Cochin,2,810,24,6,2019,5,30,19,0,28,9,2026
Air India,Banglore,New Delhi,1,990,3,12,2019,6,45,23,15,28,9,2026
Vistara,Delhi,Cochin,0,190,5,12,2019,6,0,9,10,28,9,2026
Jet Airways,Banglore,New Delhi,1,365,3,9,2019,18,40,0,45,3,7,2026
Air India,Kolkata,Banglore,2,1840,6,6,2019,5,50,12,30,6,7,2026
Jet Airways,Kolkata,Banglore,1,1450,6,6,2019,9,35,9,45,6,7,2026
Air India,Kolkata,Banglore,2,1100,18,5,2019,7,0,1,20,19,5,2026
Jet Airways,Delhi,Cochin,2,1630,6,12,2019,9,25,12,35,13,6,2026
SpiceJet,Delhi,Cochin,1,375,3,3,2019,16,35,22,50,28,9,2026
Jet Airways,Kolkata,Banglore,1,425,4,1,2019,16,30,23,35,28,9,2026
Jet Airways,Banglore,Delhi,0,180,4,9,2019,8,20,11,20,28,9,2026
Jet Airways,Delhi,Cochin,1,745,24,6,2019,16,0,4,25,25,6,2026
Jet Airways,Delhi,Cochin,1,335,21,3,2019,22,50,4,25,22,3,2026
IndiGo,Delhi,Cochin,1,275,3,9,2019,5,35,10,10,28,9,2026
IndiGo,Banglore,New Delhi,0,175,3,9,2019,10,5,13,0,28,9,2026
Air India,Banglore,New Delhi,2,1640,3,3,2019,7,30,10,50,3,7,2026
Jet Airways,Kolkata,Banglore,1,1730,6,6,2019,9,35,14,25,6,7,2026
Air India,Kolkata,Banglore,2,1830,5,1,2019,12,0,18,30,5,2,2026
Multiple carriers,Delhi,Cochin,1,490,27,3,2019,12,50,21,0,28,9,2026
Air India,Delhi,Cochin,0,170,27,5,2019,5,10,8,0,28,9,2026
Jet Airways,Delhi,Cochin,1,1415,18,5,2019,13,0,12,35,19,5,2026
Jet Airways,Delhi,Cochin,1,1005,6,6,2019,2,15,19,0,28,9,2026
IndiGo,Delhi,Cochin,1,320,6,12,2019,17,5,22,25,28,9,2026
Air India,Banglore,Delhi,0,165,5,9,2019,10,0,12,45,28,9,2026
Jet Airways,Delhi,Cochin,1,620,5,9,2019,2,15,12,35,28,9,2026
GoAir,Kolkata,Banglore,1,555,24,3,2019,22,25,7,40,25,3,2026
Multiple carriers,Delhi,Cochin,1,455,5,9,2019,11,40,19,15,28,9,2026
Multiple carriers,Delhi,Cochin,1,470,24,6,2019,11,25,19,15,28,9,2026
IndiGo,Delhi,Cochin,1,480,5,9,2019,17,30,1,30,5,10,2026
Jet Airways,Delhi,Cochin,2,535,18,5,2019,19,30,4,25,19,5,2026
Air India,Kolkata,Banglore,2,1255,15,5,2019,16,50,13,45,16,5,2026
Jet Airways,Kolkata,Banglore,1,690,5,9,2019,9,35,21,5,28,9,2026
Jet Airways,Delhi,Cochin,2,1760,27,5,2019,23,5,4,25,29,5,2026
IndiGo,Banglore,Delhi,0,175,6,12,2019,18,55,21,50,28,9,2026
SpiceJet,Chennai,Kolkata,0,155,21,3,2019,9,30,12,5,28,9,2026
Jet Airways,Kolkata,Banglore,1,800,5,6,2019,18,55,8,15,5,7,2026
Jet Airways,Delhi,Cochin,2,1735,21,3,2019,13,55,18,50,22,3,2026
Jet Airways,Delhi,Cochin,2,1025,6,12,2019,19,30,12,35,13,6,2026
IndiGo,Delhi,Cochin,1,665,6,9,2019,5,5,16,10,28,9,2026
IndiGo,Kolkata,Banglore,1,220,15,4,2019,19,35,23,15,28,9,2026
IndiGo,Delhi,Cochin,1,325,27,6,2019,2,0,7,25,28,9,2026
IndiGo,Kolkata,Banglore,0,155,21,4,2019,15,30,18,5,28,9,2026
GoAir,Delhi,Cochin,1,370,6,3,2019,7,25,13,35,28,9,2026
IndiGo,Banglore,Delhi,0,175,24,5,2019,18,55,21,50,28,9,2026
Jet Airways,Banglore,New Delhi,1,725,3,6,2019,21,25,9,30,3,7,2026
Jet Airways,Delhi,Cochin,2,1375,27,5,2019,5,30,4,25,28,5,2026
Jet Airways,Banglore,New Delhi,1,760,3,1,2019,5,45,18,25,28,9,2026
Jet Airways,Delhi,Cochin,2,560,6,12,2019,9,40,19,0,28,9,2026
SpiceJet,Kolkata,Banglore,1,520,4,1,2019,8,35,17,15,28,9,2026
Multiple carriers,Delhi,Cochin,1,480,24,6,2019,13,0,21,0,28,9,2026
Jet Airways,Delhi,Cochin,1,450,24,6,2019,11,30,19,0,28,9,2026
IndiGo,Banglore,Delhi,0,175,5,6,2019,7,10,10,5,28,9,2026
IndiGo,Delhi,Cochin,1,515,27,5,2019,7,35,16,10,28,9,2026
Jet Airways,Delhi,Cochin,2,1600,21,3,2019,16,10,18,50,22,3,2026
Multiple carriers,Delhi,Cochin,1,720,5,9,2019,9,0,21,0,28,9,2026
Jet Airways,Delhi,Cochin,2,1615,6,6,2019,9,40,12,35,6,7,2026
IndiGo,Delhi,Cochin,1,490,27,5,2019,14,20,22,30,28,9,2026
Jet Airways,Kolkata,Banglore,1,475,5,6,2019,8,25,16,20,28,9,2026
Air India,Mumbai,Hyderabad,0,80,27,3,2019,6,20,7,40,28,9,2026
IndiGo,Banglore,New Delhi,0,175,3,9,2019,20,0,22,55,28,9,2026
IndiGo,Chennai,Kolkata,0,140,5,3,2019,14,45,17,5,28,9,2026
Air Asia,Banglore,Delhi,0,170,21,6,2019,23,55,2,45,22,6,2026
Jet Airways,Kolkata,Banglore,1,475,24,5,2019,8,25,16,20,28,9,2026
Jet Airways,Kolkata,Banglore,1,865,5,12,2019,18,55,9,20,13,5,2026
Air India,Delhi,Cochin,2,435,6,12,2019,12,0,19,15,28,9,2026
Jet Airways,Mumbai,Hyderabad,0,85,5,12,2019,2,55,4,20,28,9,2026
Air India,Delhi,Cochin,1,675,3,9,2019,8,0,19,15,28,9,2026
Jet Airways,Banglore,New Delhi,1,530,21,3,2019,22,50,7,40,19,3,2026
Air India,Mumbai,Hyderabad,1,965,3,6,2019,5,55,22,0,28,9,2026
Jet Airways,Delhi,Cochin,1,865,6,3,2019,14,0,4,25,6,4,2026
Jet Airways,Delhi,Cochin,1,360,6,1,2019,13,0,19,0,28,9,2026
Jet Airways,Delhi,Cochin,1,995,27,3,2019,2,15,18,50,28,9,2026
Multiple carriers,Delhi,Cochin,1,780,6,9,2019,8,0,21,0,28,9,2026
Air Asia,Banglore,Delhi,0,170,27,6,2019,23,55,2,45,28,6,2026
IndiGo,Banglore,Delhi,0,170,5,12,2019,4,0,6,50,28,9,2026
Air India,Banglore,Delhi,0,180,18,6,2019,5,45,8,45,28,9,2026
Jet Airways,Kolkata,Banglore,1,1265,21,5,2019,21,10,18,15,22,5,2026
Jet Airways,Banglore,Delhi,0,175,18,5,2019,15,15,18,10,28,9,2026
Air India,Delhi,Cochin,2,1420,5,9,2019,9,45,9,25,5,10,2026
Multiple carriers,Delhi,Cochin,1,395,27,3,2019,8,55,15,30,28,9,2026
Jet Airways,Delhi,Cochin,1,1235,21,5,2019,16,0,12,35,22,5,2026
Multiple carriers,Delhi,Cochin,1,785,3,9,2019,6,40,19,45,28,9,2026
Jet Airways,Banglore,Delhi,0,185,27,5,2019,18,55,22,0,28,9,2026
Air Asia,Delhi,Cochin,1,865,5,9,2019,16,45,7,10,5,10,2026
Air India,Kolkata,Banglore,1,625,6,9,2019,10,0,20,25,28,9,2026
IndiGo,Banglore,Delhi,0,170,6,6,2019,23,30,2,20,6,7,2026
Multiple carriers,Delhi,Cochin,1,925,18,5,2019,7,5,22,30,28,9,2026
Air India,Delhi,Cochin,2,1180,3,6,2019,12,0,7,40,3,7,2026
IndiGo,Banglore,New Delhi,0,165,24,3,2019,1,30,4,15,28,9,2026
IndiGo,Banglore,Delhi,0,175,4,9,2019,18,55,21,50,28,9,2026
Multiple carriers,Delhi,Cochin,1,920,6,6,2019,7,10,22,30,28,9,2026
Jet Airways,Banglore,New Delhi,1,375,3,6,2019,22,50,5,5,3,7,2026
Jet Airways,Kolkata,Banglore,1,1575,24,3,2019,21,10,23,25,25,3,2026
Air India,Banglore,New Delhi,1,725,3,9,2019,11,50,23,55,28,9,2026
Air India,Delhi,Cochin,2,1210,24,6,2019,13,15,9,25,25,6,2026
IndiGo,Banglore,Delhi,0,165,18,4,2019,1,30,4,15,28,9,2026
SpiceJet,Delhi,Cochin,1,315,24,6,2019,6,5,11,20,28,9,2026
Jet Airways,Delhi,Cochin,2,1615,15,6,2019,9,40,12,35,16,6,2026
IndiGo,Delhi,Cochin,1,675,3,3,2019,4,55,16,10,28,9,2026
SpiceJet,Mumbai,Hyderabad,0,90,6,3,2019,22,45,0,15,6,4,2026
Jet Airways,Banglore,New Delhi,1,280,3,9,2019,5,45,10,25,28,9,2026
Vistara,Kolkata,Banglore,1,1655,4,1,2019,7,10,10,45,4,2,2026
GoAir,Delhi,Cochin,1,460,6,9,2019,5,55,13,35,28,9,2026
Jet Airways,Kolkata,Banglore,1,345,5,9,2019,14,5,19,50,28,9,2026
Jet Airways,Banglore,New Delhi,1,380,3,6,2019,8,55,15,15,28,9,2026
Air India,Delhi,Cochin,2,500,27,6,2019,10,55,19,15,28,9,2026
Multiple carriers,Delhi,Cochin,1,450,27,3,2019,8,0,15,30,28,9,2026
Multiple carriers,Delhi,Cochin,1,420,24,6,2019,14,0,21,0,28,9,2026
Air Asia,Delhi,Cochin,1,340,24,4,2019,16,45,22,25,28,9,2026
Air India,Delhi,Cochin,2,1580,6,6,2019,7,5,9,25,6,7,2026
Air India,Kolkata,Banglore,2,1165,6,6,2019,10,0,5,25,6,7,2026
IndiGo,Mumbai,Hyderabad,0,90,15,3,2019,20,5,21,35,28,9,2026
Vistara,Kolkata,Banglore,1,1065,5,9,2019,17,0,10,45,5,10,2026
IndiGo,Kolkata,Banglore,0,150,6,12,2019,15,15,17,45,28,9,2026
Multiple carriers,Delhi,Cochin,1,380,3,3,2019,7,0,13,20,28,9,2026
Jet Airways,Kolkata,Banglore,1,685,18,5,2019,8,25,19,50,28,9,2026
Jet Airways,Kolkata,Banglore,1,1595,24,5,2019,20,0,22,35,25,5,2026
Vistara,Banglore,New Delhi,1,1665,3,3,2019,6,40,10,25,3,7,2026
Air India,Delhi,Cochin,2,1595,18,5,2019,16,40,19,15,19,5,2026
Multiple carriers,Delhi,Cochin,1,920,6,3,2019,7,10,22,30,28,9,2026
IndiGo,Delhi,Cochin,1,975,6,12,2019,9,15,1,30,13,6,2026
SpiceJet,Kolkata,Banglore,1,315,24,5,2019,15,5,20,20,28,9,2026
Jet Airways,Kolkata,Banglore,1,1745,6,9,2019,17,0,22,5,6,10,2026
Air India,Delhi,Cochin,1,570,27,6,2019,13,30,23,0,28,9,2026
Air India,Banglore,New Delhi,2,665,3,12,2019,11,5,22,10,28,9,2026
IndiGo,Delhi,Cochin,1,860,15,6,2019,6,40,21,0,28,9,2026
Jet Airways,Delhi,Cochin,1,1595,27,6,2019,10,0,12,35,28,6,2026
Multiple carriers,Delhi,Cochin,2,855,27,3,2019,7,5,21,20,28,9,2026
Jet Airways,Banglore,Delhi,0,165,21,5,2019,6,0,8,45,28,9,2026
Jet Airways,Mumbai,Hyderabad,0,85,6,6,2019,7,5,8,30,28,9,2026
Air India,Banglore,New Delhi,2,2315,3,1,2019,8,50,23,25,3,2,2026
Jet Airways,Kolkata,Banglore,1,575,5,12,2019,9,35,19,10,28,9,2026
Air India,Banglore,Delhi,0,170,6,9,2019,13,20,16,10,28,9,2026
IndiGo,Banglore,New Delhi,0,170,3,9,2019,18,55,21,45,28,9,2026
Air India,Delhi,Cochin,2,865,27,5,2019,17,15,7,40,28,5,2026
IndiGo,Delhi,Cochin,1,525,21,5,2019,16,10,0,55,22,5,2026
Jet Airways,Mumbai,Hyderabad,0,85,5,1,2019,7,5,8,30,28,9,2026
Vistara,Banglore,Delhi,0,165,6,12,2019,19,30,22,15,28,9,2026
Jet Airways,Banglore,New Delhi,1,885,3,9,2019,9,45,0,30,13,3,2026
Jet Airways,Delhi,Cochin,0,195,18,5,2019,11,0,14,15,28,9,2026
Multiple carriers,Delhi,Cochin,1,730,6,1,2019,7,5,19,15,28,9,2026
Multiple carriers,Delhi,Cochin,1,585,6,6,2019,9,15,19,0,28,9,2026
IndiGo,Delhi,Cochin,0,195,4,1,2019,14,20,17,35,28,9,2026
Jet Airways,Banglore,Delhi,0,180,21,4,2019,19,50,22,50,28,9,2026
Jet Airways,Kolkata,Banglore,1,450,6,6,2019,21,10,4,40,6,7,2026
Jet Airways,Delhi,Cochin,2,1775,27,6,2019,13,25,19,0,28,6,2026
Jet Airways,Banglore,Delhi,0,175,6,6,2019,11,10,14,5,28,9,2026
IndiGo,Delhi,Cochin,1,845,24,6,2019,11,25,1,30,25,6,2026
Jet Airways,Banglore,New Delhi,1,1275,3,12,2019,18,55,16,10,13,3,2026
Jet Airways,Kolkata,Banglore,1,1655,21,5,2019,6,30,10,5,22,5,2026
IndiGo,Mumbai,Hyderabad,0,90,21,5,2019,6,25,7,55,28,9,2026
IndiGo,Delhi,Cochin,1,895,5,6,2019,10,35,1,30,5,7,2026
IndiGo,Mumbai,Hyderabad,0,90,4,3,2019,16,55,18,25,28,9,2026
Air India,Delhi,Cochin,2,1485,27,5,2019,18,30,19,15,28,5,2026
Jet Airways,Banglore,Delhi,0,180,24,6,2019,19,50,22,50,28,9,2026
Jet Airways,Delhi,Cochin,2,1125,6,9,2019,9,40,4,25,6,10,2026
Jet Airways,Delhi,Cochin,2,1620,6,12,2019,9,35,12,35,13,6,2026
Air India,Kolkata,Banglore,2,1830,24,3,2019,16,45,23,15,25,3,2026
Jet Airways,Banglore,Delhi,0,180,18,4,2019,7,10,10,10,28,9,2026
Jet Airways,Kolkata,Banglore,1,1640,5,6,2019,16,30,19,50,5,7,2026
Multiple carriers,Delhi,Cochin,1,920,27,5,2019,7,10,22,30,28,9,2026
Multiple carriers,Delhi,Cochin,1,690,27,5,2019,7,30,19,0,28,9,2026
Jet Airways,Kolkata,Banglore,1,685,5,6,2019,8,25,19,50,28,9,2026
Air India,Delhi,Cochin,0,170,4,1,2019,5,10,8,0,28,9,2026
SpiceJet,Kolkata,Banglore,0,140,21,5,2019,22,20,0,40,22,5,2026
IndiGo,Mumbai,Hyderabad,0,90,5,9,2019,12,0,13,30,28,9,2026
Jet Airways,Delhi,Cochin,1,745,6,3,2019,16,0,4,25,6,4,2026
IndiGo,Delhi,Cochin,1,425,27,3,2019,8,25,15,30,28,9,2026
SpiceJet,Delhi,Cochin,1,270,15,4,2019,8,45,13,15,28,9,2026
SpiceJet,Kolkata,Banglore,0,150,3,1,2019,9,0,11,30,28,9,2026
Vistara,Banglore,Delhi,0,170,4,6,2019,9,45,12,35,28,9,2026
Multiple carriers,Delhi,Cochin,1,385,3,3,2019,9,45,16,10,28,9,2026
Jet Airways,Banglore,Delhi,0,185,24,4,2019,18,55,22,0,28,9,2026
Jet Airways,Banglore,Delhi,0,180,18,5,2019,8,20,11,20,28,9,2026
Multiple carriers,Delhi,Cochin,1,390,4,9,2019,19,0,1,30,4,10,2026
Air Asia,Delhi,Cochin,1,340,6,1,2019,16,45,22,25,28,9,2026
Air India,Kolkata,Banglore,2,920,5,12,2019,10,0,1,20,13,5,2026
IndiGo,Delhi,Cochin,1,425,5,9,2019,5,5,12,10,28,9,2026
Jet Airways,Mumbai,Hyderabad,0,90,6,3,2019,19,35,21,5,28,9,2026
Multiple carriers,Delhi,Cochin,1,750,6,6,2019,13,0,1,30,6,7,2026
Jet Airways,Delhi,Cochin,1,1270,21,5,2019,21,50,19,0,22,5,2026
Air India,Kolkata,Banglore,2,920,6,6,2019,10,0,1,20,6,7,2026
Air India,Kolkata,Banglore,1,1700,5,1,2019,16,45,21,5,5,2,2026
Air India,Delhi,Cochin,2,1545,21,5,2019,5,55,7,40,22,5,2026
Jet Airways,Banglore,New Delhi,1,1550,3,9,2019,8,55,10,45,13,3,2026
Jet Airways,Kolkata,Banglore,1,1285,21,5,2019,17,0,14,25,22,5,2026
Jet Airways,Banglore,Delhi,0,180,21,6,2019,17,45,20,45,28,9,2026
Jet Airways,Banglore,Delhi,0,165,24,5,2019,6,0,8,45,28,9,2026
Vistara,Banglore,Delhi,0,155,5,9,2019,17,0,19,35,28,9,2026
Multiple carriers,Delhi,Cochin,1,910,18,5,2019,10,20,1,30,19,5,2026
Jet Airways,Mumbai,Hyderabad,0,90,6,12,2019,19,35,21,5,28,9,2026
IndiGo,Banglore,Delhi,0,180,4,9,2019,16,55,19,55,28,9,2026
IndiGo,Banglore,New Delhi,1,245,3,9,2019,11,20,15,25,28,9,2026
Air India,Kolkata,Banglore,2,1625,6,6,2019,5,50,8,55,6,7,2026
Jet Airways,Banglore,New Delhi,1,680,18,3,2019,11,40,23,0,28,9,2026
Air India,Kolkata,Banglore,1,545,24,3,2019,9,25,18,30,28,9,2026
Jet Airways,Delhi,Cochin,2,810,18,5,2019,23,5,12,35,19,5,2026
IndiGo,Delhi,Cochin,1,275,6,12,2019,7,35,12,10,28,9,2026
Multiple carriers,Delhi,Cochin,1,840,18,5,2019,7,0,21,0,28,9,2026
Multiple carriers Premium economy,Delhi,Cochin,1,770,21,3,2019,6,0,18,50,28,9,2026
SpiceJet,Kolkata,Banglore,0,150,4,6,2019,17,10,19,40,28,9,2026
Jet Airways,Banglore,New Delhi,1,805,3,1,2019,5,45,19,10,28,9,2026
IndiGo,Kolkata,Banglore,0,155,6,12,2019,20,20,22,55,28,9,2026
Vistara,Banglore,Delhi,0,170,4,9,2019,21,0,23,50,28,9,2026
Multiple carriers,Delhi,Cochin,1,455,24,5,2019,14,55,22,30,28,9,2026
Multiple carriers,Delhi,Cochin,1,585,6,12,2019,9,15,19,0,28,9,2026
Multiple carriers,Delhi,Cochin,1,390,6,6,2019,19,0,1,30,6,7,2026
Multiple carriers,Delhi,Cochin,1,780,15,6,2019,8,0,21,0,28,9,2026
Air India,Banglore,Delhi,0,170,27,4,2019,21,5,23,55,28,9,2026
IndiGo,Delhi,Cochin,1,300,6,1,2019,16,0,21,0,28,9,2026
Jet Airways,Delhi,Cochin,1,655,21,3,2019,17,30,4,25,22,3,2026
Multiple carriers,Delhi,Cochin,1,535,18,5,2019,10,20,19,15,28,9,2026
Jet Airways,Delhi,Cochin,1,1280,27,5,2019,7,5,4,25,28,5,2026
SpiceJet,Delhi,Cochin,1,380,15,4,2019,15,45,22,5,28,9,2026
Air India,Delhi,Cochin,2,1305,3,3,2019,21,30,19,15,3,4,2026
IndiGo,Delhi,Cochin,1,415,5,1,2019,18,35,1,30,5,2,2026
Jet Airways,Mumbai,Hyderabad,0,90,6,6,2019,10,20,11,50,28,9,2026
Jet Airways,Mumbai,Hyderabad,1,1205,3,6,2019,20,45,16,50,3,7,2026
Jet Airways,Kolkata,Banglore,1,425,18,5,2019,16,30,23,35,28,9,2026
Air India,Banglore,Delhi,0,170,6,6,2019,21,5,23,55,28,9,2026
Jet Airways,Delhi,Cochin,1,1610,21,3,2019,16,0,18,50,22,3,2026
Air India,Kolkata,Banglore,0,155,5,6,2019,20,45,23,20,28,9,2026
IndiGo,Delhi,Cochin,1,415,21,5,2019,4,55,11,50,28,9,2026
Jet Airways,Banglore,Delhi,0,180,4,9,2019,7,10,10,10,28,9,2026
Multiple carriers,Delhi,Cochin,1,480,5,9,2019,13,0,21,0,28,9,2026
Jet Airways,Kolkata,Banglore,1,570,4,1,2019,14,5,23,35,28,9,2026
Multiple carriers,Delhi,Cochin,1,900,27,6,2019,6,0,21,0,28,9,2026
Air India,Banglore,New Delhi,2,875,3,1,2019,8,50,23,25,28,9,2026
Jet Airways,Delhi,Cochin,1,1595,21,5,2019,10,0,12,35,22,5,2026
Multiple carriers,Delhi,Cochin,1,440,27,3,2019,18,15,1,35,28,3,2026
SpiceJet,Kolkata,Banglore,0,155,18,5,2019,6,55,9,30,28,9,2026
IndiGo,Kolkata,Banglore,0,155,4,1,2019,15,30,18,5,28,9,2026
Air India,Delhi,Cochin,1,1215,3,1,2019,23,0,19,15,3,2,2026
Jet Airways,Banglore,New Delhi,1,375,3,1,2019,7,0,13,15,28,9,2026
Jet Airways,Delhi,Cochin,2,1950,21,3,2019,10,20,18,50,22,3,2026
Air India,Delhi,Cochin,3,2280,18,5,2019,5,15,19,15,19,5,2026
Jet Airways,Banglore,Delhi,0,180,4,6,2019,17,45,20,45,28,9,2026
Jet Airways,Kolkata,Banglore,1,520,24,3,2019,13,55,22,35,28,9,2026
Jet Airways,Kolkata,Banglore,1,1325,24,3,2019,13,55,12,0,25,3,2026
Jet Airways,Delhi,Cochin,1,1680,27,5,2019,15,0,19,0,28,5,2026
GoAir,Banglore,Delhi,0,170,6,1,2019,11,40,14,30,28,9,2026
Air India,Delhi,Cochin,2,1560,21,5,2019,17,15,19,15,22,5,2026
Jet Airways,Delhi,Cochin,2,1615,24,6,2019,9,40,12,35,25,6,2026
SpiceJet,Kolkata,Banglore,0,145,24,5,2019,9,0,11,25,28,9,2026
Jet Airways,Banglore,New Delhi,1,550,15,3,2019,7,0,16,10,28,9,2026
SpiceJet,Kolkata,Banglore,0,155,4,12,2019,6,55,9,30,28,9,2026
Jet Airways,Kolkata,Banglore,1,1210,24,3,2019,13,55,10,5,25,3,2026
Multiple carriers,Delhi,Cochin,1,485,21,3,2019,17,30,1,35,22,3,2026
Multiple carriers Premium economy,Delhi,Cochin,1,395,21,3,2019,8,55,15,30,28,9,2026
IndiGo,Chennai,Kolkata,0,140,21,5,2019,22,5,0,25,22,5,2026
Jet Airways,Kolkata,Banglore,1,1500,6,9,2019,17,0,18,0,6,10,2026
IndiGo,Chennai,Kolkata,0,145,27,3,2019,14,40,17,5,28,9,2026
IndiGo,Kolkata,Banglore,0,155,18,3,2019,15,20,17,55,28,9,2026
IndiGo,Chennai,Kolkata,0,140,15,5,2019,19,35,21,55,28,9,2026
Jet Airways,Banglore,New Delhi,1,1310,3,6,2019,11,40,9,30,3,7,2026
Jet Airways,Banglore,New Delhi,1,745,21,3,2019,8,55,21,20,28,9,2026
IndiGo,Delhi,Cochin,1,320,18,5,2019,6,50,12,10,28,9,2026
Multiple carriers,Delhi,Cochin,1,385,6,12,2019,9,45,16,10,28,9,2026
IndiGo,Delhi,Cochin,1,275,3,3,2019,5,35,10,10,28,9,2026
Jet Airways,Delhi,Cochin,2,1745,3,9,2019,13,45,18,50,3,10,2026
Jet Airways,Delhi,Cochin,1,1005,4,6,2019,2,15,19,0,28,9,2026
IndiGo,Banglore,Delhi,0,170,6,3,2019,23,30,2,20,6,4,2026
Air India,Delhi,Cochin,2,1420,3,3,2019,9,45,9,25,3,4,2026
Air India,Mumbai,Hyderabad,0,75,18,6,2019,19,30,20,45,28,9,2026
GoAir,Banglore,New Delhi,0,175,24,3,2019,11,40,14,35,28,9,2026
Multiple carriers,Delhi,Cochin,2,460,15,6,2019,17,50,1,30,16,6,2026
Jet Airways,Banglore,Delhi,0,185,21,6,2019,18,55,22,0,28,9,2026
Air India,Kolkata,Banglore,1,1615,6,12,2019,17,30,20,25,13,6,2026
IndiGo,Delhi,Cochin,1,325,6,12,2019,2,0,7,25,28,9,2026
Jet Airways,Banglore,Delhi,0,165,21,6,2019,6,0,8,45,28,9,2026
Jet Airways,Kolkata,Banglore,1,665,18,5,2019,21,10,8,15,19,5,2026
Jet Airways,Banglore,Delhi,0,180,6,6,2019,17,45,20,45,28,9,2026
IndiGo,Banglore,Delhi,0,180,6,1,2019,21,15,0,15,6,2,2026
IndiGo,Kolkata,Banglore,0,155,15,4,2019,17,15,19,50,28,9,2026
Vistara,Banglore,Delhi,0,165,18,5,2019,19,30,22,15,28,9,2026
Vistara,Kolkata,Banglore,1,1440,6,12,2019,20,20,20,20,13,6,2026
Jet Airways,Delhi,Cochin,1,1015,6,3,2019,11,30,4,25,6,4,2026
Air India,Delhi,Cochin,1,760,24,6,2019,19,0,7,40,25,6,2026
IndiGo,Delhi,Cochin,1,320,6,12,2019,6,50,12,10,28,9,2026
Multiple carriers,Delhi,Cochin,1,840,15,5,2019,11,30,1,30,16,5,2026
SpiceJet,Banglore,Delhi,0,175,4,3,2019,21,10,0,5,4,4,2026
Air India,Mumbai,Hyderabad,0,80,18,5,2019,6,20,7,40,28,9,2026
Vistara,Mumbai,Hyderabad,1,850,3,12,2019,8,45,22,55,28,9,2026
Multiple carriers,Delhi,Cochin,1,540,27,6,2019,7,10,16,10,28,9,2026
Multiple carriers,Delhi,Cochin,1,455,6,9,2019,14,55,22,30,28,9,2026
IndiGo,Banglore,Delhi,0,170,4,6,2019,20,0,22,50,28,9,2026
IndiGo,Delhi,Cochin,1,630,4,9,2019,15,0,1,30,4,10,2026
Jet Airways,Kolkata,Banglore,1,855,4,1,2019,6,30,20,45,28,9,2026
Air India,Delhi,Cochin,2,2170,3,6,2019,7,5,19,15,3,7,2026
Jet Airways,Delhi,Cochin,2,1430,24,5,2019,19,10,19,0,25,5,2026
Multiple carriers,Delhi,Cochin,1,560,27,6,2019,11,40,21,0,28,9,2026
SpiceJet,Delhi,Cochin,1,380,21,5,2019,15,45,22,5,28,9,2026
Air India,Delhi,Cochin,2,1395,21,5,2019,20,0,19,15,22,5,2026
Jet Airways,Delhi,Cochin,1,1225,3,3,2019,8,0,4,25,3,4,2026
IndiGo,Delhi,Cochin,1,665,6,3,2019,5,5,16,10,28,9,2026
Jet Airways,Delhi,Cochin,2,1320,15,6,2019,14,35,12,35,16,6,2026
Jet Airways,Delhi,Cochin,1,450,6,12,2019,11,30,19,0,28,9,2026
Air India,Delhi,Cochin,1,1640,15,6,2019,6,5,9,25,16,6,2026
Jet Airways,Banglore,New Delhi,1,930,3,12,2019,18,55,10,25,13,3,2026
Air India,Kolkata,Banglore,2,2065,5,1,2019,5,50,16,15,5,2,2026
Jet Airways,Kolkata,Banglore,1,1630,15,5,2019,20,25,23,35,16,5,2026
Air India,Banglore,New Delhi,2,980,15,3,2019,5,50,22,10,28,9,2026
Jet Airways,Kolkata,Banglore,1,1315,6,12,2019,14,5,12,0,13,6,2026
Air India,Banglore,Delhi,0,165,24,5,2019,6,10,8,55,28,9,2026
Jet Airways,Banglore,New Delhi,1,640,3,6,2019,14,5,0,45,3,7,2026
Jet Airways,Delhi,Cochin,2,810,6,12,2019,5,30,19,0,28,9,2026
IndiGo,Banglore,Delhi,0,170,5,6,2019,20,0,22,50,28,9,2026
Jet Airways,Delhi,Cochin,1,1440,27,3,2019,19,45,19,45,28,3,2026
Jet Airways,Delhi,Cochin,1,1530,5,9,2019,17,30,19,0,5,10,2026
Air India,Kolkata,Banglore,1,745,5,12,2019,9,25,21,50,28,9,2026
Jet Airways,Banglore,Delhi,0,175,6,12,2019,15,15,18,10,28,9,2026
Jet Airways,Kolkata,Banglore,1,400,6,12,2019,14,5,20,45,28,9,2026
Jet Airways,Delhi,Cochin,1,1355,24,6,2019,14,0,12,35,25,6,2026
Multiple carriers,Delhi,Cochin,1,840,15,6,2019,7,0,21,0,28,9,2026
Jet Airways,Mumbai,Hyderabad,0,85,24,5,2019,7,5,8,30,28,9,2026
SpiceJet,Chennai,Kolkata,0,135,18,3,2019,8,20,10,35,28,9,2026
SpiceJet,Banglore,Delhi,0,170,18,6,2019,9,30,12,20,28,9,2026
IndiGo,Delhi,Cochin,1,625,27,5,2019,10,35,21,0,28,9,2026
Jet Airways,Kolkata,Banglore,1,685,6,12,2019,8,25,19,50,28,9,2026
Jet Airways,Kolkata,Banglore,1,840,5,12,2019,9,35,23,35,28,9,2026
IndiGo,Mumbai,Hyderabad,0,90,6,1,2019,16,55,18,25,28,9,2026
Air India,Banglore,New Delhi,4,1770,3,1,2019,5,50,11,20,3,2,2026
Jet Airways,Delhi,Cochin,1,715,27,6,2019,7,5,19,0,28,9,2026
Jet Airways,Delhi,Cochin,2,1375,15,6,2019,5,30,4,25,16,6,2026
Jet Airways,Kolkata,Banglore,1,1550,15,5,2019,18,55,20,45,16,5,2026
Jet Airways,Delhi,Cochin,1,540,6,1,2019,10,0,19,0,28,9,2026
Multiple carriers,Delhi,Cochin,1,570,27,5,2019,11,30,21,0,28,9,2026
Jet Airways,Kolkata,Banglore,1,1500,5,6,2019,17,0,18,0,5,7,2026
IndiGo,Kolkata,Banglore,0,150,5,6,2019,14,25,16,55,28,9,2026
Air India,Banglore,Delhi,0,165,15,6,2019,6,10,8,55,28,9,2026
Jet Airways,Kolkata,Banglore,1,1585,6,9,2019,21,10,23,35,6,10,2026
IndiGo,Banglore,Delhi,0,175,27,5,2019,18,25,21,20,28,9,2026
Jet Airways,Delhi,Cochin,2,1375,6,12,2019,5,30,4,25,13,6,2026
Multiple carriers,Delhi,Cochin,1,440,3,9,2019,18,15,1,35,3,10,2026
IndiGo,Delhi,Cochin,1,375,21,5,2019,11,55,18,10,28,9,2026
Vistara,Delhi,Cochin,0,190,6,12,2019,14,40,17,50,28,9,2026
IndiGo,Kolkata,Banglore,0,155,3,3,2019,14,20,16,55,28,9,2026
Jet Airways,Delhi,Cochin,2,425,27,5,2019,5,30,12,35,28,9,2026
IndiGo,Banglore,Delhi,0,175,27,6,2019,18,25,21,20,28,9,2026
Vistara,Banglore,New Delhi,1,1665,3,1,2019,6,40,10,25,3,2,2026
Jet Airways,Delhi,Cochin,0,195,21,4,2019,11,0,14,15,28,9,2026
IndiGo,Kolkata,Banglore,0,155,4,9,2019,15,30,18,5,28,9,2026
SpiceJet,Banglore,Delhi,0,170,4,9,2019,9,30,12,20,28,9,2026
Jet Airways,Kolkata,Banglore,1,425,15,5,2019,16,30,23,35,28,9,2026
IndiGo,Delhi,Cochin,1,425,15,5,2019,5,5,12,10,28,9,2026
Jet Airways,Kolkata,Banglore,1,1365,5,12,2019,20,25,19,10,13,5,2026
Multiple carriers,Delhi,Cochin,1,840,18,5,2019,11,30,1,30,19,5,2026
Jet Airways,Delhi,Cochin,2,505,27,6,2019,20,0,4,25,28,6,2026
Air India,Banglore,Delhi,0,170,18,4,2019,13,20,16,10,28,9,2026
Jet Airways,Delhi,Cochin,1,330,21,3,2019,7,5,12,35,28,9,2026
IndiGo,Banglore,Delhi,0,170,15,6,2019,10,30,13,20,28,9,2026
Jet Airways,Banglore,Delhi,0,180,6,12,2019,7,10,10,10,28,9,2026
Multiple carriers,Delhi,Cochin,1,750,24,6,2019,13,0,1,30,25,6,2026
Vistara,Banglore,Delhi,0,170,5,1,2019,9,45,12,35,28,9,2026
Jet Airways,Kolkata,Banglore,1,725,24,3,2019,21,10,9,15,25,3,2026
Air Asia,Kolkata,Banglore,0,150,5,3,2019,19,55,22,25,28,9,2026
Air India,Delhi,Cochin,2,1580,6,6,2019,16,55,19,15,6,7,2026
Jet Airways,Delhi,Cochin,2,425,18,5,2019,5,30,12,35,28,9,2026
IndiGo,Chennai,Kolkata,0,140,18,5,2019,22,5,0,25,19,5,2026
IndiGo,Kolkata,Banglore,1,220,18,5,2019,19,35,23,15,28,9,2026
Jet Airways,Delhi,Cochin,1,590,21,3,2019,9,0,18,50,28,9,2026
IndiGo,Chennai,Kolkata,0,140,21,5,2019,13,15,15,35,28,9,2026
IndiGo,Chennai,Kolkata,0,140,5,1,2019,7,55,10,15,28,9,2026
Jet Airways,Banglore,Delhi,0,180,5,9,2019,7,10,10,10,28,9,2026
Jet Airways,Delhi,Cochin,1,1425,6,1,2019,19,15,19,0,6,2,2026
Air India,Kolkata,Banglore,2,1840,6,9,2019,5,50,12,30,6,10,2026
Air India,Delhi,Cochin,2,1795,21,5,2019,13,20,19,15,22,5,2026
IndiGo,Banglore,Delhi,0,170,6,3,2019,4,0,6,50,28,9,2026
IndiGo,Mumbai,Hyderabad,0,90,6,1,2019,9,15,10,45,28,9,2026
Multiple carriers,Delhi,Cochin,1,395,24,6,2019,6,0,12,35,28,9,2026
IndiGo,Chennai,Kolkata,0,140,15,3,2019,19,35,21,55,28,9,2026
Jet Airways,Mumbai,Hyderabad,0,90,3,3,2019,2,55,4,25,28,9,2026
Jet Airways,Delhi,Cochin,2,1475,27,3,2019,19,10,19,45,28,3,2026
IndiGo,Delhi,Cochin,1,895,4,9,2019,10,35,1,30,4,10,2026
Air Asia,Banglore,Delhi,0,170,5,1,2019,23,55,2,45,5,2,2026
Air India,Delhi,Cochin,1,1125,6,12,2019,13,30,8,15,13,6,2026
Air India,Banglore,New Delhi,0,165,24,3,2019,17,0,19,45,28,9,2026
Jet Airways,Banglore,New Delhi,1,935,21,3,2019,5,45,21,20,28,9,2026
Jet Airways,Mumbai,Hyderabad,0,85,5,3,2019,2,55,4,20,28,9,2026
Vistara,Kolkata,Banglore,1,1350,6,6,2019,20,20,18,50,6,7,2026
IndiGo,Kolkata,Banglore,0,155,15,4,2019,15,30,18,5,28,9,2026
Jet Airways,Mumbai,Hyderabad,0,90,3,3,2019,19,35,21,5,28,9,2026
Multiple carriers,Delhi,Cochin,1,720,5,9,2019,7,0,19,0,28,9,2026
Air India,Delhi,Cochin,2,1490,6,3,2019,6,50,7,40,6,4,2026
Air India,Kolkata,Banglore,2,1385,21,5,2019,9,50,8,55,22,5,2026
Air India,Banglore,New Delhi,1,745,3,1,2019,10,30,22,55,28,9,2026
Air India,Banglore,Delhi,0,170,6,3,2019,21,5,23,55,28,9,2026
Jet Airways,Delhi,Cochin,1,1005,27,5,2019,2,15,19,0,28,9,2026
Jet Airways,Kolkata,Banglore,1,870,5,12,2019,20,25,10,55,13,5,2026
IndiGo,Mumbai,Hyderabad,0,90,24,5,2019,12,0,13,30,28,9,2026
IndiGo,Kolkata,Banglore,0,155,27,3,2019,15,10,17,45,28,9,2026
IndiGo,Delhi,Cochin,1,750,6,6,2019,8,30,21,0,28,9,2026
Multiple carriers,Delhi,Cochin,1,615,6,6,2019,15,15,1,30,6,7,2026
Air India,Kolkata,Banglore,2,1660,4,1,2019,16,45,20,25,4,2,2026
IndiGo,Mumbai,Hyderabad,0,90,5,6,2019,6,25,7,55,28,9,2026
IndiGo,Delhi,Cochin,1,480,21,3,2019,14,20,22,20,28,9,2026
IndiGo,Delhi,Cochin,2,765,3,6,2019,8,35,21,20,28,9,2026
Jet Airways,Delhi,Cochin,2,1125,24,6,2019,9,40,4,25,25,6,2026
SpiceJet,Banglore,Delhi,0,160,24,6,2019,5,55,8,35,28,9,2026
Jet Airways,Delhi,Cochin,2,1775,27,6,2019,13,25,19,0,28,6,2026
Multiple carriers,Delhi,Cochin,1,480,27,5,2019,13,0,21,0,28,9,2026
IndiGo,Delhi,Cochin,1,750,24,6,2019,8,30,21,0,28,9,2026
SpiceJet,Mumbai,Hyderabad,0,90,4,3,2019,13,15,14,45,28,9,2026
Air Asia,Kolkata,Banglore,1,955,24,5,2019,7,35,23,30,28,9,2026
IndiGo,Kolkata,Banglore,0,160,3,9,2019,21,25,0,5,3,10,2026
IndiGo,Chennai,Kolkata,0,140,5,9,2019,7,55,10,15,28,9,2026
Jet Airways,Banglore,New Delhi,1,740,3,6,2019,8,0,20,20,28,9,2026
IndiGo,Delhi,Cochin,1,275,27,4,2019,7,35,12,10,28,9,2026
Jet Airways,Delhi,Cochin,1,520,21,3,2019,19,45,4,25,22,3,2026
IndiGo,Delhi,Cochin,1,425,18,5,2019,5,5,12,10,28,9,2026
Air India,Kolkata,Banglore,1,580,24,5,2019,19,0,4,40,25,5,2026
Jet Airways,Delhi,Cochin,1,1100,27,5,2019,18,15,12,35,28,5,2026
Air India,Kolkata,Banglore,2,895,5,9,2019,8,20,23,15,28,9,2026
Jet Airways,Banglore,New Delhi,1,840,3,12,2019,21,25,11,25,13,3,2026
Multiple carriers,Delhi,Cochin,1,520,15,5,2019,10,20,19,0,28,9,2026
Jet Airways,Delhi,Cochin,1,865,21,3,2019,14,0,4,25,22,3,2026
Vistara,Kolkata,Banglore,1,1640,21,5,2019,17,0,20,20,22,5,2026
Air India,Kolkata,Banglore,1,245,5,6,2019,9,10,13,15,28,9,2026
IndiGo,Delhi,Cochin,1,750,6,9,2019,8,30,21,0,28,9,2026
IndiGo,Kolkata,Banglore,0,165,24,3,2019,9,35,12,20,28,9,2026
Jet Airways,Delhi,Cochin,1,1015,24,6,2019,11,30,4,25,25,6,2026
Multiple carriers,Delhi,Cochin,1,570,27,6,2019,11,30,21,0,28,9,2026
IndiGo,Chennai,Kolkata,0,140,3,6,2019,22,5,0,25,3,7,2026
IndiGo,Banglore,Delhi,0,170,6,12,2019,23,30,2,20,13,6,2026
Air India,Banglore,New Delhi,2,2025,18,3,2019,6,45,16,30,16,3,2026
Air India,Kolkata,Banglore,1,1440,5,1,2019,14,35,14,35,5,2,2026
Jet Airways,Banglore,Delhi,0,175,6,1,2019,15,15,18,10,28,9,2026
Jet Airways,Kolkata,Banglore,1,590,6,6,2019,6,30,16,20,28,9,2026
Jet Airways,Kolkata,Banglore,1,1695,5,12,2019,16,30,20,45,13,5,2026
Jet Airways,Delhi,Cochin,1,885,27,5,2019,21,50,12,35,28,5,2026
Air Asia,Kolkata,Banglore,1,215,21,5,2019,19,55,23,30,28,9,2026
Air India,Kolkata,Banglore,2,1385,15,5,2019,9,50,8,55,16,5,2026
Air India,Delhi,Cochin,2,1560,6,1,2019,17,15,19,15,6,2,2026
Air India,Mumbai,Hyderabad,0,90,18,5,2019,13,55,15,25,28,9,2026
Air Asia,Banglore,Delhi,0,170,15,6,2019,4,55,7,45,28,9,2026
IndiGo,Delhi,Cochin,1,320,3,6,2019,6,40,12,0,28,9,2026
Multiple carriers,Delhi,Cochin,1,520,27,6,2019,10,20,19,0,28,9,2026
Vistara,Delhi,Cochin,0,190,24,6,2019,6,0,9,10,28,9,2026
IndiGo,Kolkata,Banglore,0,155,5,6,2019,4,40,7,15,28,9,2026
IndiGo,Delhi,Cochin,0,195,5,12,2019,21,5,0,20,13,5,2026
IndiGo,Chennai,Kolkata,0,140,6,9,2019,22,5,0,25,6,10,2026
Air India,Delhi,Cochin,2,1380,6,12,2019,20,15,19,15,13,6,2026
Vistara,Kolkata,Banglore,1,900,24,3,2019,7,10,22,10,28,9,2026
Jet Airways,Mumbai,Hyderabad,0,90,4,1,2019,19,35,21,5,28,9,2026
Jet Airways,Delhi,Cochin,2,1615,6,12,2019,9,40,12,35,13,6,2026
IndiGo,Banglore,Delhi,0,180,15,4,2019,16,55,19,55,28,9,2026
Multiple carriers,Delhi,Cochin,1,600,6,3,2019,9,0,19,0,28,9,2026
IndiGo,Delhi,Cochin,1,370,3,6,2019,16,10,22,20,28,9,2026
Jet Airways,Kolkata,Banglore,1,1400,6,6,2019,18,55,18,15,6,7,2026
Multiple carriers,Delhi,Cochin,1,750,6,6,2019,13,0,1,30,6,7,2026
IndiGo,Banglore,New Delhi,0,180,3,1,2019,8,30,11,30,28,9,2026
Jet Airways,Banglore,New Delhi,1,1100,3,12,2019,18,55,13,15,13,3,2026
Multiple carriers,Delhi,Cochin,1,545,6,1,2019,7,5,16,10,28,9,2026
Multiple carriers,Delhi,Cochin,1,630,27,5,2019,8,45,19,15,28,9,2026
SpiceJet,Kolkata,Banglore,1,330,6,9,2019,15,55,21,25,28,9,2026
Air India,Mumbai,Hyderabad,0,80,4,1,2019,21,5,22,25,28,9,2026
Jet Airways,Delhi,Cochin,2,600,21,3,2019,18,25,4,25,22,3,2026
Multiple carriers,Delhi,Cochin,1,570,15,5,2019,16,0,1,30,16,5,2026
SpiceJet,Banglore,Delhi,0,170,4,12,2019,9,30,12,20,28,9,2026
IndiGo,Kolkata,Banglore,1,265,5,6,2019,19,20,23,45,28,9,2026
Multiple carriers,Delhi,Cochin,1,520,15,5,2019,10,35,19,15,28,9,2026
IndiGo,Banglore,Delhi,0,170,6,6,2019,0,25,3,15,28,9,2026
Air India,Kolkata,Banglore,2,1320,5,9,2019,14,30,12,30,5,10,2026
SpiceJet,Kolkata,Banglore,0,155,18,4,2019,6,55,9,30,28,9,2026
Air India,Delhi,Cochin,2,1305,3,9,2019,21,30,19,15,3,10,2026
IndiGo,Kolkata,Banglore,0,155,15,5,2019,17,15,19,50,28,9,2026
Jet Airways,Kolkata,Banglore,1,1495,6,6,2019,18,55,19,50,6,7,2026
Jet Airways,Kolkata,Banglore,1,1025,24,3,2019,18,55,12,0,25,3,2026
Multiple carriers,Delhi,Cochin,1,690,5,6,2019,7,30,19,0,28,9,2026
Jet Airways,Kolkata,Banglore,1,800,18,5,2019,18,55,8,15,19,5,2026
SpiceJet,Banglore,New Delhi,0,170,24,3,2019,5,45,8,35,28,9,2026
IndiGo,Delhi,Cochin,1,505,4,6,2019,4,55,13,20,28,9,2026
Air India,Banglore,Delhi,0,165,4,3,2019,10,0,12,45,28,9,2026
Air India,Banglore,New Delhi,1,640,3,9,2019,17,0,3,40,13,3,2026
Air India,Delhi,Cochin,2,1180,6,6,2019,12,0,7,40,6,7,2026
Multiple carriers,Delhi,Cochin,2,630,3,6,2019,15,5,1,35,3,7,2026
Air Asia,Banglore,New Delhi,0,165,24,3,2019,23,25,2,10,25,3,2026
Jet Airways,Delhi,Cochin,1,1105,21,5,2019,10,0,4,25,22,5,2026
Multiple carriers,Delhi,Cochin,1,505,24,6,2019,10,35,19,0,28,9,2026
SpiceJet,Chennai,Kolkata,0,140,15,5,2019,17,45,20,5,28,9,2026
Jet Airways,Banglore,Delhi,0,180,5,1,2019,7,10,10,10,28,9,2026
Jet Airways,Banglore,New Delhi,1,690,3,12,2019,22,55,10,25,13,3,2026
Air India,Banglore,New Delhi,1,1490,3,1,2019,10,30,11,20,3,2,2026
Multiple carriers,Delhi,Cochin,1,600,15,6,2019,9,0,19,0,28,9,2026
Air India,Delhi,Cochin,1,765,21,5,2019,20,40,9,25,22,5,2026
Air India,Mumbai,Hyderabad,0,90,6,12,2019,13,55,15,25,28,9,2026
Jet Airways,Banglore,Delhi,0,175,4,1,2019,15,15,18,10,28,9,2026
Jet Airways,Delhi,Cochin,2,2565,21,3,2019,9,40,4,25,23,3,2026
Air India,Chennai,Kolkata,0,135,3,9,2019,11,40,13,55,28,9,2026
Jet Airways,Kolkata,Banglore,1,570,6,6,2019,14,5,23,35,28,9,2026
Air Asia,Kolkata,Banglore,0,155,21,3,2019,10,20,12,55,28,9,2026
Multiple carriers,Delhi,Cochin,1,930,15,6,2019,10,0,1,30,16,6,2026
Multiple carriers,Delhi,Cochin,1,385,24,6,2019,12,50,19,15,28,9,2026
Jet Airways,Delhi,Cochin,1,610,21,3,2019,18,15,4,25,22,3,2026
Multiple carriers,Delhi,Cochin,1,455,6,12,2019,11,25,19,0,28,9,2026
Jet Airways,Banglore,New Delhi,1,435,21,3,2019,14,5,21,20,28,9,2026
Jet Airways,Kolkata,Banglore,1,1545,5,9,2019,16,30,18,15,5,10,2026
IndiGo,Delhi,Cochin,1,290,18,5,2019,15,10,20,0,28,9,2026
SpiceJet,Banglore,Delhi,0,160,24,5,2019,5,55,8,35,28,9,2026
IndiGo,Delhi,Cochin,1,940,5,9,2019,6,50,22,30,28,9,2026
Jet Airways,Mumbai,Hyderabad,1,405,3,12,2019,9,50,16,35,28,9,2026
IndiGo,Delhi,Cochin,1,835,24,6,2019,8,35,22,30,28,9,2026
IndiGo,Banglore,Delhi,0,165,21,6,2019,19,30,22,15,28,9,2026
SpiceJet,Kolkata,Banglore,0,140,18,6,2019,22,20,0,40,19,6,2026
IndiGo,Delhi,Cochin,1,480,3,3,2019,7,30,15,30,28,9,2026
Jet Airways,Mumbai,Hyderabad,0,90,24,3,2019,10,20,11,50,28,9,2026
SpiceJet,Kolkata,Banglore,0,140,4,9,2019,22,20,0,40,4,10,2026
Jet Airways,Mumbai,Hyderabad,0,85,27,6,2019,7,5,8,30,28,9,2026
Air Asia,Kolkata,Banglore,0,150,18,3,2019,19,35,22,5,28,9,2026
Vistara,Delhi,Cochin,0,190,3,9,2019,6,0,9,10,28,9,2026
IndiGo,Mumbai,Hyderabad,1,435,3,6,2019,15,45,23,0,28,9,2026
GoAir,Banglore,Delhi,0,175,5,1,2019,7,45,10,40,28,9,2026
IndiGo,Mumbai,Hyderabad,0,90,3,9,2019,2,30,4,0,28,9,2026
Air India,Chennai,Kolkata,0,135,5,12,2019,11,40,13,55,28,9,2026
Jet Airways,Delhi,Cochin,2,880,3,9,2019,13,45,4,25,3,10,2026
Air India,Kolkata,Banglore,2,1195,6,12,2019,12,0,7,55,13,6,2026
Air India,Delhi,Cochin,0,180,21,6,2019,14,10,17,10,28,9,2026
IndiGo,Delhi,Cochin,1,320,3,3,2019,2,5,7,25,28,9,2026
IndiGo,Delhi,Cochin,1,895,27,5,2019,7,35,22,30,28,9,2026
Jet Airways,Kolkata,Banglore,1,585,5,12,2019,18,55,4,40,13,5,2026
Multiple carriers,Delhi,Cochin,1,900,27,5,2019,6,0,21,0,28,9,2026
Jet Airways,Banglore,New Delhi,1,1280,3,6,2019,11,40,9,0,3,7,2026
Jet Airways,Kolkata,Banglore,1,875,6,9,2019,14,5,4,40,6,10,2026
Air India,Banglore,New Delhi,2,1625,3,6,2019,8,15,11,20,3,7,2026
Air India,Kolkata,Banglore,1,925,21,5,2019,17,30,8,55,22,5,2026
IndiGo,Mumbai,Hyderabad,0,90,5,6,2019,2,35,4,5,28,9,2026
Multiple carriers,Delhi,Cochin,2,695,3,6,2019,9,45,21,20,28,9,2026
Air Asia,Banglore,Delhi,0,170,15,4,2019,23,55,2,45,16,4,2026
Jet Airways,Banglore,Delhi,0,185,27,6,2019,18,55,22,0,28,9,2026
Air India,Banglore,New Delhi,1,1265,15,3,2019,11,50,8,55,16,3,2026
Jet Airways,Kolkata,Banglore,1,1220,6,12,2019,20,0,16,20,13,6,2026
Jet Airways,Delhi,Cochin,1,660,15,6,2019,8,0,19,0,28,9,2026
Jet Airways,Banglore,New Delhi,1,615,3,6,2019,21,25,7,40,3,7,2026
Air India,Kolkata,Banglore,2,1600,6,9,2019,9,50,12,30,6,10,2026
SpiceJet,Banglore,Delhi,0,170,21,5,2019,9,30,12,20,28,9,2026
Jet Airways,Delhi,Cochin,2,820,27,3,2019,5,10,18,50,28,9,2026
Multiple carriers,Delhi,Cochin,1,660,6,3,2019,10,0,21,0,28,9,2026
Jet Airways,Banglore,New Delhi,1,365,18,3,2019,18,40,0,45,16,3,2026
Jet Airways,Banglore,New Delhi,1,1035,3,6,2019,5,45,23,0,28,9,2026
Jet Airways,Delhi,Cochin,1,1165,5,9,2019,9,0,4,25,5,10,2026
SpiceJet,Mumbai,Hyderabad,0,85,27,3,2019,22,45,0,10,28,3,2026
SpiceJet,Banglore,Delhi,0,160,18,5,2019,5,55,8,35,28,9,2026
Jet Airways,Delhi,Cochin,1,300,6,6,2019,14,0,19,0,28,9,2026
Jet Airways,Kolkata,Banglore,1,505,4,1,2019,9,35,18,0,28,9,2026
Air India,Delhi,Cochin,1,555,27,3,2019,10,0,19,15,28,9,2026
Jet Airways,Delhi,Cochin,1,1395,6,6,2019,19,45,19,0,6,7,2026
IndiGo,Banglore,New Delhi,0,175,3,9,2019,7,10,10,5,28,9,2026
Vistara,Kolkata,Banglore,1,1655,6,6,2019,7,10,10,45,6,7,2026
Jet Airways,Kolkata,Banglore,1,520,6,6,2019,20,0,4,40,6,7,2026
IndiGo,Kolkata,Banglore,0,170,3,6,2019,5,30,8,20,28,9,2026
IndiGo,Kolkata,Banglore,0,155,4,3,2019,17,15,19,50,28,9,2026
Jet Airways,Kolkata,Banglore,1,875,5,9,2019,14,5,4,40,5,10,2026
Jet Airways,Delhi,Cochin,1,1355,6,9,2019,14,0,12,35,6,10,2026
Air India,Kolkata,Banglore,0,150,27,5,2019,14,15,16,45,28,9,2026
Jet Airways,Delhi,Cochin,2,1620,15,6,2019,9,35,12,35,16,6,2026
Vistara,Kolkata,Banglore,1,790,5,9,2019,7,10,20,20,28,9,2026
IndiGo,Kolkata,Banglore,0,155,27,4,2019,20,20,22,55,28,9,2026
Air India,Kolkata,Banglore,1,1440,4,9,2019,14,35,14,35,4,10,2026
IndiGo,Kolkata,Banglore,0,155,27,4,2019,15,30,18,5,28,9,2026
Jet Airways,Delhi,Cochin,1,350,21,3,2019,13,0,18,50,28,9,2026
Jet Airways,Kolkata,Banglore,1,1430,5,12,2019,8,25,8,15,13,5,2026
IndiGo,Kolkata,Banglore,0,150,6,6,2019,15,15,17,45,28,9,2026
Jet Airways,Kolkata,Banglore,1,1520,5,9,2019,9,35,10,55,5,10,2026
Jet Airways,Delhi,Cochin,2,1620,24,6,2019,9,35,12,35,25,6,2026
Jet Airways,Mumbai,Hyderabad,0,90,18,6,2019,8,45,10,15,28,9,2026
IndiGo,Delhi,Cochin,1,325,5,9,2019,2,0,7,25,28,9,2026
Air India,Kolkata,Banglore,1,1350,5,1,2019,9,25,7,55,5,2,2026
Jet Airways,Delhi,Cochin,1,610,21,3,2019,18,15,4,25,22,3,2026
Air India,Delhi,Cochin,1,965,21,3,2019,17,20,9,25,22,3,2026
Jet Airways,Banglore,New Delhi,1,340,3,12,2019,5,45,11,25,28,9,2026
Jet Airways,Kolkata,Banglore,1,585,6,9,2019,18,55,4,40,6,10,2026
Jet Airways,Mumbai,Hyderabad,0,90,6,3,2019,10,20,11,50,28,9,2026
Air Asia,Kolkata,Banglore,1,955,6,9,2019,7,35,23,30,28,9,2026
Air India,Kolkata,Banglore,2,725,21,5,2019,8,20,20,25,28,9,2026
Air Asia,Banglore,Delhi,0,170,27,5,2019,23,55,2,45,28,5,2026
SpiceJet,Chennai,Kolkata,0,135,5,1,2019,9,45,12,0,28,9,2026
Jet Airways,Kolkata,Banglore,1,1090,18,5,2019,14,5,8,15,19,5,2026
Air India,Delhi,Cochin,2,1580,6,12,2019,16,55,19,15,13,6,2026
IndiGo,Mumbai,Hyderabad,0,90,18,3,2019,20,5,21,35,28,9,2026
Air India,Banglore,New Delhi,1,1265,3,12,2019,11,50,8,55,13,3,2026
IndiGo,Delhi,Cochin,1,635,27,5,2019,11,55,22,30,28,9,2026
Multiple carriers,Delhi,Cochin,1,435,27,6,2019,18,15,1,30,28,6,2026
Air India,Delhi,Cochin,2,1560,18,5,2019,17,15,19,15,19,5,2026
Jet Airways,Delhi,Cochin,1,1145,4,9,2019,17,30,12,35,4,10,2026
SpiceJet,Mumbai,Hyderabad,0,90,15,5,2019,13,15,14,45,28,9,2026
Air India,Kolkata,Banglore,2,1700,6,12,2019,9,25,13,45,13,6,2026
SpiceJet,Kolkata,Banglore,1,330,5,9,2019,15,55,21,25,28,9,2026
Jet Airways,Banglore,Delhi,0,175,15,4,2019,11,10,14,5,28,9,2026
Jet Airways,Delhi,Cochin,2,1320,27,6,2019,14,35,12,35,28,6,2026
SpiceJet,Kolkata,Banglore,1,330,15,5,2019,15,55,21,25,28,9,2026
Multiple carriers,Delhi,Cochin,1,660,5,9,2019,8,0,19,0,28,9,2026
Multiple carriers,Delhi,Cochin,1,920,18,5,2019,7,10,22,30,28,9,2026
Multiple carriers,Delhi,Cochin,1,570,21,5,2019,16,0,1,30,22,5,2026
Jet Airways,Delhi,Cochin,2,1045,27,5,2019,19,10,12,35,28,5,2026
IndiGo,Kolkata,Banglore,0,165,21,3,2019,9,35,12,20,28,9,2026
Air India,Delhi,Cochin,1,1590,21,4,2019,20,30,23,0,22,4,2026
SpiceJet,Banglore,Delhi,0,175,18,6,2019,21,10,0,5,19,6,2026
SpiceJet,Delhi,Cochin,1,295,24,6,2019,17,55,22,50,28,9,2026
Air India,Kolkata,Banglore,2,1345,4,1,2019,7,0,5,25,4,2,2026
SpiceJet,Chennai,Kolkata,0,135,6,1,2019,8,20,10,35,28,9,2026
IndiGo,Delhi,Cochin,1,705,6,1,2019,9,15,21,0,28,9,2026
SpiceJet,Delhi,Cochin,1,295,6,9,2019,17,55,22,50,28,9,2026
Jet Airways,Delhi,Cochin,2,1320,6,1,2019,14,35,12,35,6,2,2026
Multiple carriers,Delhi,Cochin,1,535,6,12,2019,10,20,19,15,28,9,2026
Jet Airways,Delhi,Cochin,1,1145,6,1,2019,17,30,12,35,6,2,2026
Air India,Delhi,Cochin,2,1305,3,6,2019,21,30,19,15,3,7,2026
Air India,Banglore,New Delhi,2,630,15,3,2019,5,50,16,20,28,9,2026
Air Asia,Banglore,Delhi,0,165,5,12,2019,11,10,13,55,28,9,2026
Jet Airways,Kolkata,Banglore,1,735,24,5,2019,20,0,8,15,25,5,2026
Air India,Delhi,Cochin,1,765,5,6,2019,20,40,9,25,5,7,2026
Air India,Mumbai,Hyderabad,0,90,5,6,2019,13,55,15,25,28,9,2026
Vistara Premium economy,Banglore,Delhi,0,170,4,6,2019,11,30,14,20,28,9,2026
Multiple carriers,Delhi,Cochin,1,665,21,5,2019,7,5,18,10,28,9,2026
IndiGo,Banglore,Delhi,0,170,5,1,2019,8,30,11,20,28,9,2026
Air India,Delhi,Cochin,2,1180,24,6,2019,12,0,7,40,25,6,2026
Air Asia,Banglore,New Delhi,0,165,3,1,2019,23,25,2,10,3,2,2026
Jet Airways,Kolkata,Banglore,1,1080,24,5,2019,20,25,14,25,25,5,2026
IndiGo,Mumbai,Hyderabad,0,85,3,12,2019,6,20,7,45,28,9,2026
Jet Airways,Delhi,Cochin,1,655,27,5,2019,17,30,4,25,28,5,2026
Vistara,Banglore,Delhi,0,170,18,6,2019,11,30,14,20,28,9,2026
Jet Airways,Kolkata,Banglore,1,965,4,1,2019,6,30,22,35,28,9,2026
Multiple carriers,Delhi,Cochin,1,720,6,9,2019,7,0,19,0,28,9,2026
IndiGo,Kolkata,Banglore,1,220,5,1,2019,19,35,23,15,28,9,2026
Jet Airways,Kolkata,Banglore,1,855,15,5,2019,6,30,20,45,28,9,2026
Air India,Kolkata,Banglore,1,375,5,1,2019,10,0,16,15,28,9,2026
Jet Airways,Kolkata,Banglore,1,735,21,5,2019,20,0,8,15,22,5,2026
Air India,Banglore,New Delhi,2,1600,3,12,2019,6,45,9,25,13,3,2026
SpiceJet,Mumbai,Hyderabad,0,90,5,6,2019,5,45,7,15,28,9,2026
Jet Airways,Kolkata,Banglore,1,1430,4,1,2019,16,30,16,20,4,2,2026
Jet Airways,Delhi,Cochin,1,1355,27,6,2019,14,0,12,35,28,6,2026
Air India,Delhi,Cochin,2,1245,24,6,2019,10,55,7,40,25,6,2026
Multiple carriers,Delhi,Cochin,1,440,6,9,2019,11,40,19,0,28,9,2026
Air India,Banglore,Delhi,0,165,4,6,2019,17,0,19,45,28,9,2026
Multiple carriers,Delhi,Cochin,1,600,6,6,2019,9,0,19,0,28,9,2026
Jet Airways,Kolkata,Banglore,1,1010,5,9,2019,16,30,9,20,5,10,2026
Air India,Delhi,Cochin,2,1595,3,6,2019,16,40,19,15,3,7,2026
Jet Airways,Delhi,Cochin,1,1005,6,3,2019,2,15,19,0,28,9,2026
Jet Airways,Delhi,Cochin,1,715,6,3,2019,7,5,19,0,28,9,2026
Jet Airways,Banglore,Delhi,0,180,27,4,2019,19,50,22,50,28,9,2026
SpiceJet,Delhi,Cochin,1,270,4,3,2019,8,45,13,15,28,9,2026
SpiceJet,Kolkata,Banglore,0,150,24,5,2019,17,10,19,40,28,9,2026
IndiGo,Kolkata,Banglore,0,155,6,3,2019,4,40,7,15,28,9,2026
IndiGo,Kolkata,Banglore,1,315,21,5,2019,21,0,2,15,22,5,2026
Multiple carriers,Delhi,Cochin,1,440,21,3,2019,11,30,18,50,28,9,2026
Jet Airways,Delhi,Cochin,1,805,6,1,2019,15,0,4,25,6,2,2026
Air Asia,Kolkata,Banglore,0,150,4,1,2019,22,50,1,20,4,2,2026
Vistara,Banglore,Delhi,0,170,21,4,2019,11,30,14,20,28,9,2026
Multiple carriers,Delhi,Cochin,1,720,27,3,2019,9,0,21,0,28,9,2026
IndiGo,Chennai,Kolkata,0,140,3,9,2019,22,5,0,25,3,10,2026
Jet Airways,Kolkata,Banglore,1,575,6,6,2019,9,35,19,10,28,9,2026
IndiGo,Mumbai,Hyderabad,0,90,18,6,2019,19,5,20,35,28,9,2026
IndiGo,Chennai,Kolkata,0,140,18,3,2019,7,55,10,15,28,9,2026
Air Asia,Delhi,Cochin,1,330,6,6,2019,7,55,13,25,28,9,2026
Jet Airways,Delhi,Cochin,2,1295,6,9,2019,21,25,19,0,6,10,2026
SpiceJet,Mumbai,Hyderabad,0,90,24,5,2019,22,45,0,15,25,5,2026
Air India,Banglore,New Delhi,0,165,3,3,2019,6,10,8,55,28,9,2026
IndiGo,Banglore,Delhi,0,170,5,1,2019,10,10,13,0,28,9,2026
SpiceJet,Kolkata,Banglore,0,145,6,3,2019,9,0,11,25,28,9,2026
Jet Airways,Kolkata,Banglore,1,475,4,1,2019,8,25,16,20,28,9,2026
Jet Airways,Kolkata,Banglore,1,690,5,9,2019,9,35,21,5,28,9,2026
Jet Airways,Delhi,Cochin,2,1375,6,1,2019,5,30,4,25,6,2,2026
Vistara,Banglore,New Delhi,1,355,15,3,2019,6,40,12,35,28,9,2026
Jet Airways,Kolkata,Banglore,1,1025,24,5,2019,18,55,12,0,25,5,2026
Multiple carriers,Delhi,Cochin,1,565,15,5,2019,13,5,22,30,28,9,2026
IndiGo,Banglore,Delhi,0,170,18,6,2019,8,30,11,20,28,9,2026
Jet Airways,Banglore,Delhi,0,180,15,5,2019,19,50,22,50,28,9,2026
IndiGo,Banglore,Delhi,0,170,4,12,2019,23,30,2,20,13,4,2026
Jet Airways,Kolkata,Banglore,1,1495,6,12,2019,18,55,19,50,13,6,2026
Jet Airways,Banglore,Delhi,0,175,4,12,2019,11,10,14,5,28,9,2026
IndiGo,Chennai,Kolkata,0,140,21,5,2019,19,35,21,55,28,9,2026
Jet Airways,Delhi,Cochin,2,1430,5,6,2019,19,10,19,0,5,7,2026
Jet Airways,Mumbai,Hyderabad,0,90,21,6,2019,10,20,11,50,28,9,2026
SpiceJet,Mumbai,Hyderabad,0,90,15,6,2019,13,15,14,45,28,9,2026
Multiple carriers,Delhi,Cochin,1,605,3,6,2019,9,10,19,15,28,9,2026
IndiGo,Delhi,Cochin,1,320,6,1,2019,6,50,12,10,28,9,2026
Air Asia,Banglore,Delhi,0,165,6,6,2019,11,10,13,55,28,9,2026
IndiGo,Delhi,Cochin,1,940,18,5,2019,6,50,22,30,28,9,2026
Jet Airways,Delhi,Cochin,1,715,27,6,2019,7,5,19,0,28,9,2026
Jet Airways,Delhi,Cochin,1,885,24,6,2019,21,50,12,35,25,6,2026
Air India,Kolkata,Banglore,1,1440,5,9,2019,14,35,14,35,5,10,2026
GoAir,Kolkata,Banglore,1,495,6,6,2019,23,30,7,45,6,7,2026
Jet Airways,Kolkata,Banglore,1,1550,4,1,2019,18,55,20,45,4,2,2026
Air India,Kolkata,Banglore,1,555,5,1,2019,7,0,16,15,28,9,2026
IndiGo,Delhi,Cochin,1,380,6,9,2019,16,10,22,30,28,9,2026
Jet Airways,Delhi,Cochin,2,1390,18,5,2019,13,25,12,35,19,5,2026
Jet Airways,Kolkata,Banglore,1,1220,4,1,2019,20,0,16,20,4,2,2026
Vistara,Kolkata,Banglore,1,1655,15,5,2019,7,10,10,45,16,5,2026
Air India,Banglore,New Delhi,0,170,15,3,2019,13,20,16,10,28,9,2026
Jet Airways,Delhi,Cochin,2,1620,6,1,2019,9,35,12,35,6,2,2026
SpiceJet,Delhi,Cochin,1,270,21,4,2019,8,45,13,15,28,9,2026
Multiple carriers,Delhi,Cochin,1,720,3,6,2019,9,0,21,0,28,9,2026
IndiGo,Banglore,Delhi,0,165,21,6,2019,6,5,8,50,28,9,2026
Air India,Banglore,Delhi,0,165,15,5,2019,10,0,12,45,28,9,2026
Multiple carriers,Delhi,Cochin,1,450,6,12,2019,18,0,1,30,13,6,2026
Jet Airways,Delhi,Cochin,1,360,6,9,2019,13,0,19,0,28,9,2026
Multiple carriers,Delhi,Cochin,1,910,15,6,2019,10,20,1,30,16,6,2026
Multiple carriers,Delhi,Cochin,1,540,5,9,2019,7,10,16,10,28,9,2026
IndiGo,Banglore,Delhi,0,170,6,3,2019,0,25,3,15,28,9,2026
Jet Airways,Kolkata,Banglore,1,585,21,5,2019,18,55,4,40,22,5,2026
IndiGo,Banglore,Delhi,0,170,21,4,2019,23,30,2,20,22,4,2026
Jet Airways,Delhi,Cochin,1,620,6,12,2019,2,15,12,35,28,9,2026
Jet Airways,Delhi,Cochin,2,1000,6,9,2019,11,45,4,25,6,10,2026
IndiGo,Mumbai,Hyderabad,0,85,3,9,2019,9,10,10,35,28,9,2026
Air India,Kolkata,Banglore,2,1385,5,6,2019,9,50,8,55,5,7,2026
Jet Airways,Kolkata,Banglore,1,740,5,12,2019,8,25,20,45,28,9,2026
Jet Airways,Banglore,New Delhi,1,990,3,12,2019,18,55,11,25,13,3,2026
Jet Airways,Delhi,Cochin,2,425,21,5,2019,5,30,12,35,28,9,2026
Air India,Delhi,Cochin,1,1335,6,9,2019,21,0,19,15,6,10,2026
IndiGo,Kolkata,Banglore,0,165,4,6,2019,9,35,12,20,28,9,2026
IndiGo,Chennai,Kolkata,0,140,6,1,2019,19,35,21,55,28,9,2026
Air Asia,Banglore,Delhi,0,170,18,4,2019,4,55,7,45,28,9,2026
Air Asia,Banglore,Delhi,0,165,15,5,2019,11,10,13,55,28,9,2026
Air India,Kolkata,Banglore,2,1415,5,9,2019,8,20,7,55,5,10,2026
Jet Airways,Mumbai,Hyderabad,1,1430,3,6,2019,17,0,16,50,3,7,2026
IndiGo,Mumbai,Hyderabad,0,90,21,3,2019,16,55,18,25,28,9,2026
Jet Airways,Kolkata,Banglore,1,590,24,3,2019,6,30,16,20,28,9,2026
Air India,Kolkata,Banglore,2,955,5,6,2019,9,25,1,20,5,7,2026
IndiGo,Banglore,New Delhi,0,175,24,3,2019,18,25,21,20,28,9,2026
Jet Airways,Kolkata,Banglore,1,735,6,6,2019,20,0,8,15,6,7,2026
Jet Airways,Delhi,Cochin,2,1615,18,5,2019,9,40,12,35,19,5,2026
Jet Airways,Banglore,New Delhi,1,885,3,12,2019,16,55,7,40,13,3,2026
Air India,Mumbai,Hyderabad,0,90,15,6,2019,13,55,15,25,28,9,2026
Jet Airways,Mumbai,Hyderabad,0,85,5,6,2019,2,55,4,20,28,9,2026
Air India,Delhi,Cochin,2,1115,4,9,2019,13,5,7,40,4,10,2026
Jet Airways,Delhi,Cochin,1,360,18,5,2019,13,0,19,0,28,9,2026
Vistara,Delhi,Cochin,0,190,18,5,2019,6,0,9,10,28,9,2026
Jet Airways,Delhi,Cochin,1,1395,18,5,2019,19,45,19,0,19,5,2026
Vistara,Banglore,Delhi,0,160,15,5,2019,7,0,9,40,28,9,2026
IndiGo,Banglore,Delhi,0,170,6,9,2019,23,30,2,20,6,10,2026
Jet Airways,Kolkata,Banglore,1,735,6,6,2019,20,0,8,15,6,7,2026
IndiGo,Delhi,Cochin,1,560,27,4,2019,6,50,16,10,28,9,2026
Jet Airways,Kolkata,Banglore,1,775,24,3,2019,21,10,10,5,25,3,2026
SpiceJet,Kolkata,Banglore,0,150,3,12,2019,9,0,11,30,28,9,2026
Jet Airways,Banglore,New Delhi,1,365,3,12,2019,16,55,23,0,28,9,2026
Air India,Kolkata,Banglore,1,545,6,9,2019,9,25,18,30,28,9,2026
Jet Airways,Mumbai,Hyderabad,0,90,3,9,2019,6,30,8,0,28,9,2026
SpiceJet,Chennai,Kolkata,0,135,5,1,2019,9,45,12,0,28,9,2026
Air India,Kolkata,Banglore,2,875,21,5,2019,5,50,20,25,28,9,2026
Jet Airways,Delhi,Cochin,1,1575,3,6,2019,17,30,19,45,3,7,2026
IndiGo,Banglore,Delhi,0,170,6,9,2019,0,25,3,15,28,9,2026
IndiGo,Delhi,Cochin,1,415,15,6,2019,18,35,1,30,16,6,2026
Air India,Delhi,Cochin,0,180,21,4,2019,14,10,17,10,28,9,2026
Jet Airways,Delhi,Cochin,1,1015,6,12,2019,11,30,4,25,13,6,2026
IndiGo,Banglore,Delhi,0,170,15,6,2019,8,30,11,20,28,9,2026
SpiceJet,Banglore,New Delhi,0,170,24,3,2019,20,30,23,20,28,9,2026
Jet Airways,Kolkata,Banglore,1,800,6,6,2019,20,25,9,45,6,7,2026
Jet Airways,Kolkata,Banglore,2,860,21,5,2019,6,30,20,50,28,9,2026
Air India,Kolkata,Banglore,0,150,3,1,2019,14,15,16,45,28,9,2026
Air Asia,Kolkata,Banglore,0,155,6,3,2019,10,20,12,55,28,9,2026
Jet Airways,Delhi,Cochin,2,2300,27,3,2019,5,25,19,45,28,3,2026
Jet Airways,Delhi,Cochin,1,450,6,6,2019,11,30,19,0,28,9,2026
IndiGo,Mumbai,Hyderabad,0,90,6,12,2019,9,10,10,40,28,9,2026
Air India,Banglore,Delhi,0,165,18,4,2019,6,10,8,55,28,9,2026
Multiple carriers,Delhi,Cochin,1,510,24,6,2019,17,0,1,30,25,6,2026
SpiceJet,Mumbai,Hyderabad,0,90,27,5,2019,13,15,14,45,28,9,2026
Jet Airways,Delhi,Cochin,2,810,24,6,2019,5,30,19,0,28,9,2026
Jet Airways,Banglore,New Delhi,1,1200,3,1,2019,11,40,7,40,3,2,2026
IndiGo,Kolkata,Banglore,1,265,5,12,2019,19,20,23,45,28,9,2026
GoAir,Banglore,New Delhi,1,265,3,9,2019,15,50,20,15,28,9,2026
Jet Airways,Delhi,Cochin,2,1320,24,6,2019,14,35,12,35,25,6,2026
Air Asia,Delhi,Cochin,1,870,27,6,2019,7,55,22,25,28,9,2026
Multiple carriers,Delhi,Cochin,1,930,21,5,2019,10,0,1,30,22,5,2026
Multiple carriers,Delhi,Cochin,1,645,6,1,2019,8,30,19,15,28,9,2026
Jet Airways,Delhi,Cochin,1,1210,15,6,2019,22,50,19,0,16,6,2026
Jet Airways,Banglore,New Delhi,1,1055,3,6,2019,14,5,7,40,3,7,2026
Jet Airways,Banglore,New Delhi,1,860,3,12,2019,22,55,13,15,13,3,2026
Jet Airways,Delhi,Cochin,1,1325,6,9,2019,20,55,19,0,6,10,2026
IndiGo,Banglore,Delhi,0,170,18,4,2019,22,10,1,0,19,4,2026
GoAir,Banglore,New Delhi,0,175,3,3,2019,11,40,14,35,28,9,2026
Multiple carriers,Delhi,Cochin,1,540,24,6,2019,7,10,16,10,28,9,2026
Jet Airways,Banglore,Delhi,0,175,24,5,2019,11,10,14,5,28,9,2026
Jet Airways,Delhi,Cochin,1,660,6,6,2019,8,0,19,0,28,9,2026
SpiceJet,Kolkata,Banglore,0,155,5,9,2019,6,55,9,30,28,9,2026
SpiceJet,Chennai,Kolkata,0,140,21,3,2019,17,45,20,5,28,9,2026
Air India,Kolkata,Banglore,3,1470,24,5,2019,10,0,10,30,25,5,2026
Jet Airways,Banglore,Delhi,0,175,4,9,2019,15,50,18,45,28,9,2026
SpiceJet,Banglore,New Delhi,0,175,21,3,2019,9,35,12,30,28,9,2026
SpiceJet,Kolkata,Banglore,0,150,6,1,2019,14,55,17,25,28,9,2026
IndiGo,Chennai,Kolkata,0,140,27,6,2019,22,5,0,25,28,6,2026
Jet Airways,Delhi,Cochin,1,865,5,9,2019,14,0,4,25,5,10,2026
Air India,Delhi,Cochin,1,795,6,3,2019,9,45,23,0,28,9,2026
IndiGo,Banglore,Delhi,0,170,6,6,2019,8,30,11,20,28,9,2026
IndiGo,Banglore,New Delhi,0,170,15,3,2019,4,0,6,50,28,9,2026
Jet Airways,Delhi,Cochin,1,1145,4,1,2019,17,30,12,35,4,2,2026
IndiGo,Banglore,Delhi,0,165,6,3,2019,1,30,4,15,28,9,2026
Multiple carriers,Delhi,Cochin,1,545,18,5,2019,7,5,16,10,28,9,2026
GoAir,Delhi,Cochin,1,350,3,3,2019,7,0,12,50,28,9,2026
Jet Airways,Kolkata,Banglore,1,1335,5,9,2019,20,0,18,15,5,10,2026
Air India,Delhi,Cochin,2,1180,5,9,2019,12,0,7,40,5,10,2026
Jet Airways,Banglore,New Delhi,1,1265,3,1,2019,8,0,5,5,3,2,2026
Multiple carriers,Delhi,Cochin,1,435,6,12,2019,18,15,1,30,13,6,2026
Jet Airways,Delhi,Cochin,2,425,27,6,2019,5,30,12,35,28,9,2026
Jet Airways,Kolkata,Banglore,1,1690,5,9,2019,14,5,18,15,5,10,2026
Vistara,Kolkata,Banglore,1,355,24,3,2019,17,0,22,55,28,9,2026
SpiceJet,Mumbai,Hyderabad,0,85,18,3,2019,22,45,0,10,19,3,2026
IndiGo,Banglore,Delhi,0,170,24,6,2019,23,30,2,20,25,6,2026
IndiGo,Mumbai,Hyderabad,0,90,3,6,2019,16,55,18,25,28,9,2026
Air India,Kolkata,Banglore,1,745,24,3,2019,20,30,8,55,25,3,2026
Air India,Delhi,Cochin,2,865,5,9,2019,17,15,7,40,5,10,2026
Jet Airways,Delhi,Cochin,1,550,27,3,2019,19,15,4,25,28,3,2026
Jet Airways,Delhi,Cochin,1,1210,6,6,2019,22,50,19,0,6,7,2026
Vistara,Banglore,New Delhi,1,915,3,1,2019,6,40,21,55,28,9,2026
Multiple carriers,Delhi,Cochin,1,665,4,9,2019,7,5,18,10,28,9,2026
Air India,Delhi,Cochin,2,1275,24,6,2019,22,0,19,15,25,6,2026
Jet Airways,Kolkata,Banglore,1,845,24,5,2019,20,0,10,5,25,5,2026
IndiGo,Kolkata,Banglore,0,155,24,5,2019,17,15,19,50,28,9,2026
IndiGo,Banglore,Delhi,0,170,6,12,2019,10,10,13,0,28,9,2026
Jet Airways,Banglore,New Delhi,1,805,3,6,2019,5,45,19,10,28,9,2026
Multiple carriers,Delhi,Cochin,1,840,27,5,2019,11,30,1,30,28,5,2026
Multiple carriers,Delhi,Cochin,1,580,21,3,2019,9,10,18,50,28,9,2026
Jet Airways,Delhi,Cochin,1,610,6,1,2019,18,15,4,25,6,2,2026
SpiceJet,Kolkata,Banglore,0,140,21,5,2019,22,20,0,40,22,5,2026
Jet Airways,Banglore,Delhi,0,180,18,5,2019,7,10,10,10,28,9,2026
Jet Airways,Kolkata,Banglore,1,665,5,9,2019,21,10,8,15,5,10,2026
Air India,Banglore,Delhi,0,165,27,5,2019,17,0,19,45,28,9,2026
Jet Airways,Delhi,Cochin,2,1620,6,3,2019,9,35,12,35,6,4,2026
Jet Airways,Kolkata,Banglore,1,1365,6,6,2019,20,25,19,10,6,7,2026
SpiceJet,Banglore,Delhi,0,175,5,1,2019,21,10,0,5,5,2,2026
IndiGo,Banglore,Delhi,0,175,18,4,2019,18,55,21,50,28,9,2026
Jet Airways,Kolkata,Banglore,1,705,5,12,2019,6,30,18,15,28,9,2026
Multiple carriers,Delhi,Cochin,1,840,27,5,2019,11,30,1,30,28,5,2026
Jet Airways,Delhi,Cochin,2,1420,21,3,2019,19,10,18,50,22,3,2026
Jet Airways,Banglore,New Delhi,1,950,3,12,2019,18,55,10,45,13,3,2026
Jet Airways,Banglore,Delhi,0,180,6,3,2019,19,50,22,50,28,9,2026
Jet Airways,Delhi,Cochin,2,1130,6,9,2019,9,35,4,25,6,10,2026
Vistara,Banglore,Delhi,0,170,6,12,2019,11,30,14,20,28,9,2026
IndiGo,Delhi,Cochin,1,505,3,6,2019,17,10,1,35,3,7,2026
Jet Airways,Delhi,Cochin,1,395,6,1,2019,21,50,4,25,6,2,2026
Jet Airways,Kolkata,Banglore,1,395,5,9,2019,17,0,23,35,28,9,2026
Jet Airways,Kolkata,Banglore,1,705,5,6,2019,6,30,18,15,28,9,2026
Jet Airways,Banglore,New Delhi,1,1045,18,3,2019,11,40,5,5,16,3,2026
IndiGo,Delhi,Cochin,1,845,27,5,2019,11,25,1,30,28,5,2026
Jet Airways,Kolkata,Banglore,1,1430,21,5,2019,8,25,8,15,22,5,2026
IndiGo,Banglore,Delhi,0,165,18,5,2019,1,30,4,15,28,9,2026
SpiceJet,Kolkata,Banglore,0,145,18,5,2019,9,0,11,25,28,9,2026
Air India,Kolkata,Banglore,2,1620,5,6,2019,7,0,10,0,5,7,2026
Air India,Banglore,New Delhi,0,165,3,3,2019,21,10,23,55,28,9,2026
Multiple carriers,Delhi,Cochin,1,925,27,5,2019,7,5,22,30,28,9,2026
IndiGo,Kolkata,Banglore,0,155,24,5,2019,22,15,0,50,25,5,2026
Air India,Mumbai,Hyderabad,2,1775,3,6,2019,9,40,15,15,3,7,2026
Air India,Delhi,Cochin,0,180,27,4,2019,14,10,17,10,28,9,2026
Jet Airways,Banglore,New Delhi,1,1585,3,12,2019,20,35,23,0,13,3,2026
Jet Airways,Delhi,Cochin,2,1375,15,6,2019,5,30,4,25,16,6,2026
IndiGo,Delhi,Cochin,1,530,3,3,2019,6,40,15,30,28,9,2026
IndiGo,Delhi,Cochin,1,305,4,6,2019,20,25,1,30,4,7,2026
Air India,Delhi,Cochin,1,965,6,3,2019,17,20,9,25,6,4,2026
Air India,Kolkata,Banglore,1,1440,6,12,2019,14,35,14,35,13,6,2026
Jet Airways,Delhi,Cochin,2,1125,6,6,2019,9,40,4,25,6,7,2026
IndiGo,Banglore,Delhi,0,170,18,6,2019,10,10,13,0,28,9,2026
Air Asia,Kolkata,Banglore,0,150,6,12,2019,19,55,22,25,28,9,2026
SpiceJet,Mumbai,Hyderabad,0,90,6,9,2019,22,45,0,15,6,10,2026
Jet Airways,Kolkata,Banglore,1,1430,21,5,2019,8,25,8,15,22,5,2026
Jet Airways,Delhi,Cochin,2,1380,27,3,2019,5,25,4,25,28,3,2026
Jet Airways,Kolkata,Banglore,1,960,4,1,2019,20,0,12,0,4,2,2026
Jet Airways,Delhi,Cochin,1,1280,27,3,2019,7,5,4,25,28,3,2026
Jet Airways,Delhi,Cochin,2,1475,27,3,2019,19,10,19,45,28,3,2026
IndiGo,Kolkata,Banglore,1,275,4,9,2019,11,30,16,5,28,9,2026
IndiGo,Mumbai,Hyderabad,0,90,5,1,2019,6,25,7,55,28,9,2026
Air India,Banglore,Delhi,0,165,15,4,2019,10,0,12,45,28,9,2026
Jet Airways,Banglore,New Delhi,1,1425,21,3,2019,11,40,11,25,19,3,2026
Jet Airways,Delhi,Cochin,2,1000,27,6,2019,11,45,4,25,28,6,2026
Air India,Delhi,Cochin,1,875,21,5,2019,17,40,8,15,22,5,2026
IndiGo,Kolkata,Banglore,0,155,24,4,2019,20,20,22,55,28,9,2026
Vistara,Banglore,Delhi,0,170,5,1,2019,21,0,23,50,28,9,2026
IndiGo,Delhi,Cochin,1,305,6,6,2019,20,25,1,30,6,7,2026
GoAir,Delhi,Cochin,1,310,27,6,2019,14,25,19,35,28,9,2026
Multiple carriers,Delhi,Cochin,1,910,27,6,2019,10,20,1,30,28,6,2026
IndiGo,Kolkata,Banglore,0,155,27,5,2019,11,30,14,5,28,9,2026
IndiGo,Delhi,Cochin,1,345,24,6,2019,2,0,7,45,28,9,2026
Multiple carriers,Delhi,Cochin,1,490,24,6,2019,12,50,21,0,28,9,2026
Multiple carriers,Delhi,Cochin,1,465,3,6,2019,11,30,19,15,28,9,2026
IndiGo,Delhi,Cochin,1,345,27,4,2019,21,50,3,35,28,4,2026
Air India,Delhi,Cochin,0,185,15,5,2019,18,5,21,10,28,9,2026
Multiple carriers,Delhi,Cochin,1,740,6,3,2019,6,40,19,0,28,9,2026
Air India,Delhi,Cochin,1,1420,6,12,2019,9,45,9,25,13,6,2026
Jet Airways,Kolkata,Banglore,1,1295,5,12,2019,20,25,18,0,13,5,2026
IndiGo,Delhi,Cochin,1,455,18,5,2019,8,35,16,10,28,9,2026
IndiGo,Kolkata,Banglore,0,155,5,6,2019,17,15,19,50,28,9,2026
SpiceJet,Chennai,Kolkata,0,135,24,5,2019,9,45,12,0,28,9,2026
Jet Airways,Delhi,Cochin,2,1620,6,9,2019,9,35,12,35,6,10,2026
Air India,Kolkata,Banglore,1,1515,6,9,2019,12,0,13,15,6,10,2026
Multiple carriers,Delhi,Cochin,1,455,24,6,2019,11,40,19,15,28,9,2026
IndiGo,Delhi,Cochin,1,570,21,3,2019,6,40,16,10,28,9,2026
IndiGo,Delhi,Cochin,1,275,6,6,2019,7,35,12,10,28,9,2026
Multiple carriers,Delhi,Cochin,1,385,6,6,2019,12,50,19,15,28,9,2026
Jet Airways,Kolkata,Banglore,1,425,5,6,2019,16,30,23,35,28,9,2026
Air India,Delhi,Cochin,2,435,27,3,2019,12,0,19,15,28,9,2026
Jet Airways,Banglore,New Delhi,0,180,24,3,2019,18,55,21,55,28,9,2026
Jet Airways,Banglore,Delhi,0,165,21,5,2019,6,0,8,45,28,9,2026
Jet Airways,Delhi,Cochin,1,620,4,6,2019,2,15,12,35,28,9,2026
Multiple carriers,Delhi,Cochin,1,720,15,5,2019,9,0,21,0,28,9,2026
IndiGo,Mumbai,Hyderabad,0,90,21,5,2019,16,55,18,25,28,9,2026
Air Asia,Delhi,Cochin,1,865,21,3,2019,16,45,7,10,22,3,2026
Air India,Delhi,Cochin,2,1600,21,5,2019,5,0,7,40,22,5,2026
Air Asia,Banglore,Delhi,0,165,15,6,2019,11,10,13,55,28,9,2026
IndiGo,Delhi,Cochin,1,570,4,9,2019,16,0,1,30,4,10,2026
Air India,Mumbai,Hyderabad,1,905,3,6,2019,6,10,21,15,28,9,2026
IndiGo,Mumbai,Hyderabad,0,90,24,6,2019,12,0,13,30,28,9,2026
Air India,Delhi,Cochin,2,1275,6,6,2019,22,0,19,15,6,7,2026
SpiceJet,Banglore,Delhi,0,170,24,6,2019,9,30,12,20,28,9,2026
Air Asia,Delhi,Cochin,1,330,24,6,2019,7,55,13,25,28,9,2026
SpiceJet,Banglore,Delhi,0,175,24,6,2019,21,10,0,5,25,6,2026
IndiGo,Kolkata,Banglore,0,155,15,5,2019,22,15,0,50,16,5,2026
Air Asia,Banglore,Delhi,0,165,18,6,2019,11,10,13,55,28,9,2026
Jet Airways,Banglore,Delhi,0,180,6,12,2019,17,45,20,45,28,9,2026
GoAir,Delhi,Cochin,1,460,21,4,2019,5,55,13,35,28,9,2026
Multiple carriers,Delhi,Cochin,1,640,27,3,2019,10,20,21,0,28,9,2026
Vistara,Kolkata,Banglore,1,765,4,1,2019,20,20,9,5,4,2,2026
Jet Airways,Delhi,Cochin,1,335,21,3,2019,22,50,4,25,22,3,2026
Air India,Kolkata,Banglore,0,155,4,1,2019,20,45,23,20,28,9,2026
Jet Airways,Delhi,Cochin,2,1060,3,9,2019,10,45,4,25,3,10,2026
IndiGo,Delhi,Cochin,1,890,3,3,2019,10,45,1,35,3,4,2026
IndiGo,Kolkata,Banglore,0,155,6,9,2019,15,30,18,5,28,9,2026
Multiple carriers,Delhi,Cochin,1,900,21,5,2019,6,0,21,0,28,9,2026
Air India,Chennai,Kolkata,0,135,6,1,2019,11,40,13,55,28,9,2026
SpiceJet,Kolkata,Banglore,0,150,3,6,2019,9,0,11,30,28,9,2026
Air India,Kolkata,Banglore,2,1390,6,9,2019,12,0,11,10,6,10,2026
Air Asia,Kolkata,Banglore,1,920,24,3,2019,7,35,22,55,28,9,2026
IndiGo,Delhi,Cochin,1,500,18,5,2019,17,10,1,30,19,5,2026
Jet Airways,Banglore,New Delhi,1,725,18,3,2019,21,25,9,30,16,3,2026
IndiGo,Banglore,Delhi,0,170,6,12,2019,22,10,1,0,13,6,2026
Jet Airways,Delhi,Cochin,1,450,6,9,2019,20,55,4,25,6,10,2026
Vistara,Kolkata,Banglore,1,970,24,3,2019,17,0,9,10,25,3,2026
Multiple carriers,Delhi,Cochin,1,480,15,6,2019,13,0,21,0,28,9,2026
Vistara,Banglore,Delhi,0,165,5,6,2019,19,30,22,15,28,9,2026
Jet Airways,Delhi,Cochin,1,320,3,6,2019,23,5,4,25,3,7,2026
Air India,Kolkata,Banglore,1,905,5,1,2019,16,50,7,55,5,2,2026
Jet Airways,Delhi,Cochin,1,335,6,3,2019,22,50,4,25,6,4,2026
IndiGo,Delhi,Cochin,1,345,6,6,2019,21,50,3,35,6,7,2026
IndiGo,Banglore,Delhi,0,170,6,12,2019,8,30,11,20,28,9,2026
Vistara,Banglore,Delhi,0,165,24,5,2019,19,30,22,15,28,9,2026
Jet Airways,Mumbai,Hyderabad,0,90,3,12,2019,19,40,21,10,28,9,2026
Jet Airways,Delhi,Cochin,1,800,3,6,2019,15,5,4,25,3,7,2026
Vistara,Banglore,Delhi,0,155,15,4,2019,17,0,19,35,28,9,2026
Air India,Kolkata,Banglore,0,150,24,4,2019,14,15,16,45,28,9,2026
SpiceJet,Mumbai,Hyderabad,0,80,27,3,2019,5,45,7,5,28,9,2026
IndiGo,Delhi,Cochin,1,345,3,3,2019,2,0,7,45,28,9,2026
Jet Airways,Banglore,Delhi,0,180,5,9,2019,8,20,11,20,28,9,2026
Jet Airways,Kolkata,Banglore,1,1330,6,6,2019,6,30,4,40,6,7,2026
Air India,Delhi,Cochin,2,1595,27,6,2019,16,40,19,15,28,6,2026
Vistara,Banglore,Delhi,0,155,4,12,2019,17,0,19,35,28,9,2026
Jet Airways,Kolkata,Banglore,1,510,4,1,2019,14,5,22,35,28,9,2026
Jet Airways,Delhi,Cochin,1,1530,5,9,2019,17,30,19,0,5,10,2026
Air India,Kolkata,Banglore,2,1035,5,1,2019,20,30,13,45,5,2,2026
Air India,Kolkata,Banglore,2,970,4,1,2019,16,45,8,55,4,2,2026
Multiple carriers,Delhi,Cochin,1,455,27,5,2019,14,55,22,30,28,9,2026
Multiple carriers,Delhi,Cochin,1,555,24,6,2019,13,15,22,30,28,9,2026
Jet Airways,Kolkata,Banglore,1,575,18,5,2019,9,35,19,10,28,9,2026
Jet Airways,Kolkata,Banglore,1,1540,6,9,2019,20,25,22,5,6,10,2026
Jet Airways,Banglore,Delhi,0,175,21,6,2019,15,15,18,10,28,9,2026
Jet Airways,Banglore,Delhi,0,185,24,6,2019,18,55,22,0,28,9,2026
IndiGo,Chennai,Kolkata,0,140,27,3,2019,7,55,10,15,28,9,2026
Air India,Delhi,Cochin,1,520,18,5,2019,23,0,7,40,19,5,2026
Jet Airways,Banglore,New Delhi,1,1585,3,9,2019,8,0,10,25,13,3,2026
Jet Airways,Kolkata,Banglore,1,1330,6,12,2019,6,30,4,40,13,6,2026
Jet Airways,Mumbai,Hyderabad,0,90,27,5,2019,10,20,11,50,28,9,2026
Jet Airways,Delhi,Cochin,1,440,3,3,2019,11,30,18,50,28,9,2026
Jet Airways,Delhi,Cochin,2,2245,3,3,2019,5,25,18,50,3,4,2026
Air India,Delhi,Cochin,2,1600,15,6,2019,5,0,7,40,16,6,2026
Jet Airways,Delhi,Cochin,1,1395,27,5,2019,19,45,19,0,28,5,2026
IndiGo,Delhi,Cochin,1,570,27,3,2019,11,30,21,0,28,9,2026
Jet Airways,Delhi,Cochin,2,1420,21,3,2019,19,10,18,50,22,3,2026
IndiGo,Chennai,Kolkata,0,135,18,3,2019,13,20,15,35,28,9,2026
Multiple carriers,Delhi,Cochin,1,440,15,5,2019,11,40,19,0,28,9,2026
SpiceJet,Kolkata,Banglore,0,150,15,3,2019,17,15,19,45,28,9,2026
IndiGo,Banglore,New Delhi,0,170,24,3,2019,22,20,1,10,25,3,2026
Jet Airways,Banglore,New Delhi,1,875,3,12,2019,18,55,9,30,13,3,2026
Jet Airways,Banglore,New Delhi,1,470,3,1,2019,16,55,0,45,3,2,2026
Air Asia,Banglore,New Delhi,0,170,18,3,2019,5,50,8,40,28,9,2026
IndiGo,Mumbai,Hyderabad,0,85,27,3,2019,6,20,7,45,28,9,2026
Vistara,Banglore,New Delhi,0,160,24,3,2019,11,30,14,10,28,9,2026
Jet Airways,Delhi,Cochin,1,705,21,3,2019,7,5,18,50,28,9,2026
Jet Airways,Delhi,Cochin,1,1225,21,3,2019,8,0,4,25,22,3,2026
Air India,Delhi,Cochin,2,1595,6,3,2019,16,40,19,15,6,4,2026
Jet Airways,Kolkata,Banglore,1,735,5,9,2019,20,0,8,15,5,10,2026
Air India,Kolkata,Banglore,2,1830,5,6,2019,12,0,18,30,5,7,2026
SpiceJet,Banglore,New Delhi,0,170,24,3,2019,5,45,8,35,28,9,2026
Jet Airways,Delhi,Cochin,1,1295,15,6,2019,15,0,12,35,16,6,2026
Jet Airways,Kolkata,Banglore,1,575,5,6,2019,9,35,19,10,28,9,2026
IndiGo,Banglore,Delhi,0,170,4,12,2019,20,0,22,50,28,9,2026
SpiceJet,Banglore,Delhi,0,160,5,12,2019,5,55,8,35,28,9,2026
Jet Airways,Kolkata,Banglore,1,365,6,9,2019,16,30,22,35,28,9,2026
SpiceJet,Mumbai,Hyderabad,0,90,21,6,2019,5,45,7,15,28,9,2026
IndiGo,Mumbai,Hyderabad,0,95,5,1,2019,20,5,21,40,28,9,2026
IndiGo,Delhi,Cochin,1,845,27,6,2019,11,25,1,30,28,6,2026
Jet Airways,Kolkata,Banglore,1,795,24,3,2019,18,55,8,10,25,3,2026
Jet Airways,Kolkata,Banglore,1,1630,6,6,2019,20,25,23,35,6,7,2026
Air India,Kolkata,Banglore,2,1170,4,3,2019,9,10,4,40,4,4,2026
Air India,Delhi,Cochin,2,1595,6,1,2019,16,40,19,15,6,2,2026
Jet Airways,Kolkata,Banglore,1,585,15,5,2019,18,55,4,40,16,5,2026
Air India,Delhi,Cochin,2,1180,27,6,2019,12,0,7,40,28,6,2026
IndiGo,Delhi,Cochin,1,300,4,6,2019,10,35,15,35,28,9,2026
Air India,Banglore,New Delhi,2,1670,18,3,2019,6,45,10,35,16,3,2026
IndiGo,Delhi,Cochin,1,380,6,6,2019,16,10,22,30,28,9,2026
IndiGo,Kolkata,Banglore,1,220,15,5,2019,19,35,23,15,28,9,2026
Air India,Banglore,New Delhi,2,1545,3,3,2019,8,50,10,35,3,7,2026
Multiple carriers,Delhi,Cochin,1,520,6,6,2019,10,20,19,0,28,9,2026
IndiGo,Delhi,Cochin,1,515,6,12,2019,7,35,16,10,28,9,2026
Jet Airways,Delhi,Cochin,1,1595,5,9,2019,10,0,12,35,5,10,2026
Jet Airways,Delhi,Cochin,2,900,5,9,2019,13,25,4,25,5,10,2026
IndiGo,Banglore,Delhi,0,175,5,9,2019,18,55,21,50,28,9,2026
IndiGo,Banglore,Delhi,0,170,4,3,2019,4,0,6,50,28,9,2026
Multiple carriers,Delhi,Cochin,1,910,24,6,2019,3,50,19,0,28,9,2026
SpiceJet,Kolkata,Banglore,0,150,6,6,2019,17,10,19,40,28,9,2026
SpiceJet,Kolkata,Banglore,0,150,21,4,2019,17,10,19,40,28,9,2026
Jet Airways,Banglore,New Delhi,1,380,18,3,2019,8,55,15,15,28,9,2026
Jet Airways,Kolkata,Banglore,1,1295,6,6,2019,20,25,18,0,6,7,2026
GoAir,Delhi,Cochin,1,540,4,3,2019,10,35,19,35,28,9,2026
IndiGo,Delhi,Cochin,1,455,3,3,2019,8,35,16,10,28,9,2026
Multiple carriers,Delhi,Cochin,1,720,15,5,2019,9,0,21,0,28,9,2026
IndiGo,Banglore,New Delhi,0,170,3,1,2019,23,30,2,20,3,2,2026
Multiple carriers,Delhi,Cochin,1,735,6,1,2019,8,45,21,0,28,9,2026
Jet Airways,Banglore,New Delhi,1,900,21,3,2019,8,0,23,0,28,9,2026
Jet Airways,Banglore,Delhi,0,175,15,4,2019,11,10,14,5,28,9,2026
IndiGo,Delhi,Cochin,1,895,6,3,2019,10,35,1,30,6,4,2026
Air India,Delhi,Cochin,2,1305,27,3,2019,21,30,19,15,28,3,2026
Air India,Delhi,Cochin,1,735,27,3,2019,7,0,19,15,28,9,2026
Air India,Banglore,New Delhi,1,1510,21,3,2019,11,50,13,0,19,3,2026
Jet Airways,Mumbai,Hyderabad,0,90,27,6,2019,19,35,21,5,28,9,2026
Jet Airways,Banglore,Delhi,0,180,5,12,2019,7,10,10,10,28,9,2026
Multiple carriers,Delhi,Cochin,1,755,3,6,2019,13,0,1,35,3,7,2026
Air India,Delhi,Cochin,1,1360,18,5,2019,9,0,7,40,19,5,2026
Jet Airways,Kolkata,Banglore,1,1595,6,9,2019,20,0,22,35,6,10,2026
Air India,Kolkata,Banglore,1,1540,24,3,2019,12,0,13,40,25,3,2026
Jet Airways,Delhi,Cochin,1,450,5,9,2019,11,30,19,0,28,9,2026
Air Asia,Kolkata,Banglore,1,220,5,1,2019,6,50,10,30,28,9,2026
Air India,Kolkata,Banglore,3,805,5,12,2019,9,50,23,15,28,9,2026
IndiGo,Kolkata,Banglore,0,155,6,3,2019,22,15,0,50,6,4,2026
GoAir,Delhi,Cochin,1,370,6,12,2019,7,25,13,35,28,9,2026
IndiGo,Kolkata,Banglore,0,155,21,3,2019,14,20,16,55,28,9,2026
Vistara,Delhi,Cochin,0,190,21,5,2019,6,0,9,10,28,9,2026
IndiGo,Banglore,Delhi,0,165,21,4,2019,1,30,4,15,28,9,2026
Air India,Delhi,Cochin,1,875,3,6,2019,17,40,8,15,3,7,2026
IndiGo,Mumbai,Hyderabad,0,90,6,6,2019,19,5,20,35,28,9,2026
Multiple carriers,Delhi,Cochin,1,845,6,6,2019,4,55,19,0,28,9,2026
IndiGo,Delhi,Cochin,0,195,15,3,2019,5,35,8,50,28,9,2026
Jet Airways,Banglore,Delhi,0,180,5,3,2019,17,45,20,45,28,9,2026
SpiceJet,Delhi,Cochin,1,315,21,4,2019,6,5,11,20,28,9,2026
SpiceJet,Kolkata,Banglore,0,150,3,3,2019,17,15,19,45,28,9,2026
IndiGo,Banglore,Delhi,0,180,21,5,2019,21,15,0,15,22,5,2026
Air Asia,Kolkata,Banglore,0,155,4,3,2019,10,20,12,55,28,9,2026
Jet Airways,Kolkata,Banglore,1,1480,21,5,2019,20,25,21,5,22,5,2026
Air India,Kolkata,Banglore,2,920,24,5,2019,10,0,1,20,25,5,2026
Jet Airways,Kolkata,Banglore,1,750,21,5,2019,9,35,22,5,28,9,2026
Multiple carriers,Delhi,Cochin,1,640,21,3,2019,10,20,21,0,28,9,2026
Multiple carriers,Delhi,Cochin,1,705,24,6,2019,7,30,19,15,28,9,2026
Vistara,Banglore,Delhi,0,170,5,12,2019,21,0,23,50,28,9,2026
Jet Airways,Kolkata,Banglore,1,1155,6,12,2019,14,5,9,20,13,6,2026
Air India,Banglore,Delhi,0,170,15,4,2019,21,5,23,55,28,9,2026
IndiGo,Delhi,Cochin,0,195,21,6,2019,5,35,8,50,28,9,2026
Jet Airways,Kolkata,Banglore,1,510,24,5,2019,14,5,22,35,28,9,2026
Jet Airways,Banglore,Delhi,0,185,15,5,2019,18,55,22,0,28,9,2026
Multiple carriers,Delhi,Cochin,1,570,27,5,2019,16,0,1,30,28,5,2026
Air India,Banglore,Delhi,0,170,24,6,2019,13,20,16,10,28,9,2026
Jet Airways,Banglore,New Delhi,1,435,3,1,2019,8,55,16,10,28,9,2026
Jet Airways,Banglore,Delhi,0,175,15,6,2019,15,15,18,10,28,9,2026
Jet Airways,Banglore,Delhi,0,180,27,5,2019,7,10,10,10,28,9,2026
Jet Airways,Banglore,New Delhi,1,365,3,1,2019,16,55,23,0,28,9,2026
Jet Airways,Delhi,Cochin,1,550,6,1,2019,19,15,4,25,6,2,2026
Jet Airways,Banglore,New Delhi,1,700,3,6,2019,20,35,8,15,3,7,2026
Jet Airways,Kolkata,Banglore,1,570,5,6,2019,14,5,23,35,28,9,2026
Jet Airways,Kolkata,Banglore,1,730,24,5,2019,21,10,9,20,25,5,2026
Air India,Delhi,Cochin,1,1535,15,5,2019,5,15,6,50,16,5,2026
Air India,Mumbai,Hyderabad,0,80,6,6,2019,21,5,22,25,28,9,2026
Air India,Delhi,Cochin,1,1255,4,3,2019,12,30,9,25,4,4,2026
Jet Airways,Banglore,New Delhi,1,1050,3,12,2019,18,55,12,25,13,3,2026
Air Asia,Kolkata,Banglore,0,150,18,6,2019,22,50,1,20,19,6,2026
Air India,Delhi,Cochin,2,1380,5,9,2019,20,15,19,15,5,10,2026
Multiple carriers,Delhi,Cochin,1,535,3,6,2019,10,20,19,15,28,9,2026
Vistara,Kolkata,Banglore,1,1440,5,6,2019,20,20,20,20,5,7,2026
Air India,Delhi,Cochin,0,180,24,6,2019,14,10,17,10,28,9,2026
Jet Airways,Delhi,Cochin,2,1365,3,3,2019,5,40,4,25,3,4,2026
Vistara,Banglore,Delhi,0,160,18,6,2019,7,0,9,40,28,9,2026
Jet Airways,Delhi,Cochin,2,1925,3,9,2019,10,45,18,50,3,10,2026
Multiple carriers,Delhi,Cochin,1,455,21,5,2019,11,25,19,0,28,9,2026
Jet Airways,Delhi,Cochin,2,1140,15,6,2019,9,25,4,25,16,6,2026
Jet Airways,Kolkata,Banglore,1,1430,18,5,2019,8,25,8,15,19,5,2026
Multiple carriers,Delhi,Cochin,2,465,3,3,2019,17,50,1,35,3,4,2026
Jet Airways,Delhi,Cochin,1,1145,15,6,2019,17,30,12,35,16,6,2026
Jet Airways,Delhi,Cochin,2,1125,5,9,2019,9,40,4,25,5,10,2026
SpiceJet,Delhi,Cochin,1,295,6,6,2019,17,55,22,50,28,9,2026
IndiGo,Delhi,Cochin,1,845,6,3,2019,11,25,1,30,6,4,2026
Jet Airways,Kolkata,Banglore,1,1075,6,6,2019,17,0,10,55,6,7,2026
Air India,Delhi,Cochin,2,970,5,1,2019,17,15,9,25,5,2,2026
IndiGo,Kolkata,Banglore,1,220,5,6,2019,19,35,23,15,28,9,2026
Jet Airways,Delhi,Cochin,1,620,27,6,2019,2,15,12,35,28,9,2026
IndiGo,Kolkata,Banglore,0,155,6,1,2019,22,15,0,50,6,2,2026
IndiGo,Mumbai,Hyderabad,0,85,24,3,2019,19,5,20,30,28,9,2026
IndiGo,Delhi,Cochin,1,305,15,5,2019,23,30,4,35,16,5,2026
Jet Airways,Delhi,Cochin,1,1250,21,3,2019,22,0,18,50,22,3,2026
Multiple carriers,Delhi,Cochin,1,570,21,3,2019,11,30,21,0,28,9,2026
IndiGo,Chennai,Kolkata,0,140,5,3,2019,22,5,0,25,5,4,2026
Multiple carriers,Delhi,Cochin,1,390,3,6,2019,9,0,15,30,28,9,2026
Air India,Delhi,Cochin,1,735,15,5,2019,7,0,19,15,28,9,2026
Jet Airways,Kolkata,Banglore,1,1575,24,3,2019,21,10,23,25,25,3,2026
SpiceJet,Delhi,Cochin,1,270,15,4,2019,8,45,13,15,28,9,2026
Air India,Delhi,Cochin,1,1395,27,5,2019,20,0,19,15,28,5,2026
Jet Airways,Banglore,New Delhi,2,420,18,3,2019,8,55,15,55,28,9,2026
Air India,Delhi,Cochin,0,170,27,3,2019,5,10,8,0,28,9,2026
IndiGo,Kolkata,Banglore,1,290,5,6,2019,8,10,13,0,28,9,2026
Jet Airways,Banglore,Delhi,0,185,4,12,2019,18,55,22,0,28,9,2026
SpiceJet,Mumbai,Hyderabad,0,90,4,3,2019,22,45,0,15,4,2,2026
Air India,Banglore,Delhi,0,165,18,5,2019,10,0,12,45,28,9,2026
Jet Airways,Delhi,Cochin,2,1995,27,3,2019,19,10,4,25,29,3,2026
Air India,Mumbai,Hyderabad,0,90,24,5,2019,13,55,15,25,28,9,2026
IndiGo,Chennai,Kolkata,0,140,27,5,2019,22,5,0,25,28,5,2026
IndiGo,Delhi,Cochin,1,975,27,5,2019,9,15,1,30,28,5,2026
Jet Airways,Delhi,Cochin,2,1090,6,9,2019,18,25,12,35,6,10,2026
Jet Airways,Delhi,Cochin,1,360,6,12,2019,13,0,19,0,28,9,2026
Air India,Delhi,Cochin,2,1470,27,6,2019,18,45,19,15,28,6,2026
IndiGo,Delhi,Cochin,1,480,27,3,2019,14,20,22,20,28,9,2026
Air India,Mumbai,Hyderabad,0,80,4,3,2019,6,20,7,40,28,9,2026
IndiGo,Delhi,Cochin,1,560,5,9,2019,6,50,16,10,28,9,2026
IndiGo,Mumbai,Hyderabad,0,95,5,3,2019,20,5,21,40,28,9,2026
Jet Airways,Kolkata,Banglore,1,665,6,12,2019,21,10,8,15,13,6,2026
Jet Airways,Kolkata,Banglore,1,865,5,12,2019,18,55,9,20,13,5,2026
IndiGo,Banglore,Delhi,0,175,4,3,2019,18,25,21,20,28,9,2026
Air India,Kolkata,Banglore,2,1610,21,5,2019,8,20,11,10,22,5,2026
SpiceJet,Banglore,Delhi,0,175,5,3,2019,21,10,0,5,5,4,2026
Air Asia,Kolkata,Banglore,1,955,15,5,2019,7,35,23,30,28,9,2026
Jet Airways,Kolkata,Banglore,1,800,21,5,2019,20,0,9,20,22,5,2026
Multiple carriers,Delhi,Cochin,1,505,5,9,2019,10,35,19,0,28,9,2026
Multiple carriers,Delhi,Cochin,1,535,21,5,2019,10,20,19,15,28,9,2026
Air India,Delhi,Cochin,2,1580,27,3,2019,7,5,9,25,28,3,2026
Air India,Kolkata,Banglore,2,805,15,5,2019,9,50,23,15,28,9,2026
Jet Airways,Delhi,Cochin,1,395,24,6,2019,21,50,4,25,25,6,2026
Air India,Delhi,Cochin,2,435,27,6,2019,12,0,19,15,28,9,2026
Jet Airways,Delhi,Cochin,1,395,6,3,2019,21,50,4,25,6,4,2026
Air India,Delhi,Cochin,1,1420,6,9,2019,9,45,9,25,6,10,2026
Jet Airways,Kolkata,Banglore,1,800,15,5,2019,20,0,9,20,16,5,2026
IndiGo,Chennai,Kolkata,0,140,6,3,2019,7,55,10,15,28,9,2026
Air India,Banglore,New Delhi,1,745,15,3,2019,10,30,22,55,28,9,2026
SpiceJet,Chennai,Kolkata,0,135,18,5,2019,8,20,10,35,28,9,2026
IndiGo,Banglore,New Delhi,0,170,24,3,2019,4,0,6,50,28,9,2026
Jet Airways,Delhi,Cochin,2,1430,21,5,2019,19,10,19,0,22,5,2026
IndiGo,Chennai,Kolkata,0,140,15,5,2019,7,55,10,15,28,9,2026
Jet Airways,Delhi,Cochin,1,300,6,1,2019,14,0,19,0,28,9,2026
Multiple carriers,Delhi,Cochin,1,480,27,3,2019,13,0,21,0,28,9,2026
SpiceJet,Kolkata,Banglore,0,140,21,6,2019,22,20,0,40,22,6,2026
Jet Airways,Kolkata,Banglore,1,800,18,5,2019,20,0,9,20,19,5,2026
Jet Airways,Mumbai,Hyderabad,0,90,5,6,2019,19,35,21,5,28,9,2026
IndiGo,Chennai,Kolkata,0,145,24,5,2019,11,35,14,0,28,9,2026
Jet Airways,Banglore,Delhi,0,175,5,6,2019,15,15,18,10,28,9,2026
GoAir,Banglore,New Delhi,1,270,3,3,2019,15,45,20,15,28,9,2026
Jet Airways,Delhi,Cochin,1,1655,6,12,2019,9,0,12,35,13,6,2026
Multiple carriers,Delhi,Cochin,1,705,27,3,2019,7,30,19,15,28,9,2026
Jet Airways,Kolkata,Banglore,1,910,5,12,2019,18,55,10,5,13,5,2026
IndiGo,Kolkata,Banglore,0,155,4,6,2019,11,30,14,5,28,9,2026
Air Asia,Kolkata,Banglore,0,155,15,6,2019,10,20,12,55,28,9,2026
IndiGo,Banglore,New Delhi,1,260,15,3,2019,16,15,20,35,28,9,2026
Jet Airways,Delhi,Cochin,2,1060,21,3,2019,10,45,4,25,22,3,2026
IndiGo,Kolkata,Banglore,0,155,4,3,2019,11,30,14,5,28,9,2026
Jet Airways,Delhi,Cochin,1,1225,27,3,2019,8,0,4,25,28,3,2026
IndiGo,Delhi,Cochin,1,940,6,1,2019,6,50,22,30,28,9,2026
IndiGo,Delhi,Cochin,1,570,3,6,2019,11,30,21,0,28,9,2026
IndiGo,Banglore,Delhi,0,175,18,6,2019,18,25,21,20,28,9,2026
Jet Airways,Delhi,Cochin,2,1125,27,5,2019,9,40,4,25,28,5,2026
Jet Airways,Delhi,Cochin,2,1025,27,5,2019,19,30,12,35,28,5,2026
Jet Airways,Banglore,Delhi,0,180,5,1,2019,7,10,10,10,28,9,2026
Multiple carriers,Delhi,Cochin,1,505,21,3,2019,7,5,15,30,28,9,2026
Jet Airways,Banglore,Delhi,0,180,4,9,2019,17,45,20,45,28,9,2026
Jet Airways,Kolkata,Banglore,1,1480,5,9,2019,20,25,21,5,5,10,2026
Air India,Mumbai,Hyderabad,2,1630,3,6,2019,6,0,9,10,3,7,2026
Jet Airways,Delhi,Cochin,2,1090,6,3,2019,18,25,12,35,6,4,2026
IndiGo,Banglore,Delhi,0,175,4,6,2019,18,55,21,50,28,9,2026
Vistara,Banglore,Delhi,0,165,24,4,2019,19,30,22,15,28,9,2026
Air India,Delhi,Cochin,2,1545,21,5,2019,5,55,7,40,22,5,2026
Jet Airways,Delhi,Cochin,1,550,3,9,2019,19,15,4,25,3,10,2026
Air India,Banglore,New Delhi,3,715,3,3,2019,12,0,23,55,28,9,2026
IndiGo,Banglore,Delhi,0,170,15,4,2019,23,30,2,20,16,4,2026
Air India,Delhi,Cochin,0,170,6,1,2019,5,10,8,0,28,9,2026
Multiple carriers,Delhi,Cochin,1,615,21,3,2019,9,0,19,15,28,9,2026
Jet Airways,Banglore,Delhi,0,180,21,4,2019,17,45,20,45,28,9,2026
Air India,Delhi,Cochin,2,1420,24,6,2019,9,45,9,25,25,6,2026
Jet Airways,Delhi,Cochin,2,1465,21,3,2019,18,25,18,50,22,3,2026
Jet Airways,Delhi,Cochin,1,800,27,3,2019,15,5,4,25,28,3,2026
Jet Airways,Kolkata,Banglore,1,400,6,6,2019,14,5,20,45,28,9,2026
IndiGo,Banglore,New Delhi,0,175,3,1,2019,21,20,0,15,3,2,2026
Jet Airways,Kolkata,Banglore,1,1025,6,6,2019,18,55,12,0,6,7,2026
Multiple carriers,Delhi,Cochin,2,460,6,9,2019,17,50,1,30,6,10,2026
Jet Airways,Delhi,Cochin,1,395,6,9,2019,21,50,4,25,6,10,2026
Jet Airways,Kolkata,Banglore,1,435,5,6,2019,10,20,17,35,28,9,2026
Air India,Mumbai,Hyderabad,0,80,27,3,2019,21,5,22,25,28,9,2026
Jet Airways,Banglore,Delhi,0,180,4,1,2019,17,45,20,45,28,9,2026
Air Asia,Kolkata,Banglore,0,150,27,4,2019,19,55,22,25,28,9,2026
Jet Airways,Delhi,Cochin,1,610,27,3,2019,18,15,4,25,28,3,2026
SpiceJet,Delhi,Cochin,1,380,6,6,2019,15,45,22,5,28,9,2026
IndiGo,Banglore,Delhi,0,165,27,4,2019,6,5,8,50,28,9,2026
SpiceJet,Kolkata,Banglore,0,150,3,9,2019,17,15,19,45,28,9,2026
Air India,Kolkata,Banglore,2,970,5,9,2019,16,45,8,55,5,10,2026
IndiGo,Delhi,Cochin,1,345,6,3,2019,2,0,7,45,28,9,2026
Air India,Banglore,New Delhi,1,790,3,3,2019,8,15,21,25,28,9,2026
Air India,Banglore,Delhi,0,170,27,5,2019,13,20,16,10,28,9,2026
Multiple carriers,Delhi,Cochin,1,720,27,6,2019,7,0,19,0,28,9,2026
Jet Airways,Banglore,New Delhi,1,730,3,6,2019,16,55,5,5,3,7,2026
Air India,Kolkata,Banglore,2,1345,6,9,2019,7,0,5,25,6,10,2026
IndiGo,Banglore,Delhi,0,170,18,4,2019,20,0,22,50,28,9,2026
Jet Airways,Delhi,Cochin,1,655,21,3,2019,17,30,4,25,22,3,2026
Vistara,Kolkata,Banglore,1,1555,5,9,2019,7,10,9,5,5,10,2026
Air Asia,Kolkata,Banglore,0,150,5,9,2019,22,50,1,20,5,10,2026
Jet Airways,Delhi,Cochin,2,1375,18,5,2019,5,30,4,25,19,5,2026
IndiGo,Banglore,Delhi,0,170,4,1,2019,20,0,22,50,28,9,2026
Jet Airways,Delhi,Cochin,1,330,21,5,2019,7,5,12,35,28,9,2026
Multiple carriers,Delhi,Cochin,1,915,3,6,2019,10,20,1,35,3,7,2026
IndiGo,Banglore,New Delhi,0,165,24,3,2019,6,0,8,45,28,9,2026
Multiple carriers,Delhi,Cochin,1,555,27,3,2019,13,5,22,20,28,9,2026
Jet Airways,Kolkata,Banglore,1,1655,5,9,2019,6,30,10,5,5,10,2026
Air India,Kolkata,Banglore,1,745,4,1,2019,20,30,8,55,4,2,2026
Multiple carriers,Delhi,Cochin,1,470,6,6,2019,11,25,19,15,28,9,2026
Jet Airways,Delhi,Cochin,1,1415,27,5,2019,13,0,12,35,28,5,2026
Air India,Banglore,Delhi,0,165,24,5,2019,17,0,19,45,28,9,2026
Jet Airways,Kolkata,Banglore,1,730,5,1,2019,21,10,9,20,5,2,2026
Air India,Delhi,Cochin,2,2240,3,9,2019,5,55,19,15,3,10,2026
IndiGo,Delhi,Cochin,1,345,24,4,2019,2,0,7,45,28,9,2026
SpiceJet,Banglore,Delhi,0,160,5,6,2019,5,55,8,35,28,9,2026
IndiGo,Delhi,Cochin,1,310,27,5,2019,17,5,22,15,28,9,2026
IndiGo,Delhi,Cochin,1,895,15,6,2019,7,35,22,30,28,9,2026
Jet Airways,Kolkata,Banglore,1,1545,5,9,2019,16,30,18,15,5,10,2026
Multiple carriers,Delhi,Cochin,1,385,21,3,2019,9,45,16,10,28,9,2026
Air India,Banglore,Delhi,0,165,15,4,2019,17,0,19,45,28,9,2026
SpiceJet,Kolkata,Banglore,0,150,4,1,2019,17,10,19,40,28,9,2026
SpiceJet,Banglore,Delhi,0,170,18,4,2019,9,30,12,20,28,9,2026
Jet Airways,Banglore,Delhi,0,180,15,6,2019,19,50,22,50,28,9,2026
Multiple carriers,Delhi,Cochin,1,920,24,6,2019,7,10,22,30,28,9,2026
Air India,Delhi,Cochin,1,600,3,9,2019,21,40,7,40,3,10,2026
Air India,Delhi,Cochin,2,2170,3,3,2019,7,5,19,15,3,4,2026
Vistara,Chennai,Kolkata,0,135,5,1,2019,7,5,9,20,28,9,2026
SpiceJet,Mumbai,Hyderabad,0,90,27,5,2019,22,45,0,15,28,5,2026
Air India,Banglore,Delhi,0,170,4,12,2019,13,20,16,10,28,9,2026
IndiGo,Kolkata,Banglore,0,160,21,3,2019,20,25,23,5,28,9,2026
Vistara,Kolkata,Banglore,1,1350,15,5,2019,20,20,18,50,16,5,2026
Jet Airways,Kolkata,Banglore,1,1295,18,5,2019,20,25,18,0,19,5,2026
GoAir,Delhi,Cochin,1,540,27,4,2019,10,35,19,35,28,9,2026
IndiGo,Delhi,Cochin,0,195,6,12,2019,5,35,8,50,28,9,2026
Vistara,Banglore,New Delhi,0,165,24,3,2019,9,50,12,35,28,9,2026
IndiGo,Delhi,Cochin,1,290,24,6,2019,15,10,20,0,28,9,2026
Multiple carriers,Delhi,Cochin,1,480,27,5,2019,17,30,1,30,28,5,2026
Multiple carriers,Delhi,Cochin,1,510,5,9,2019,17,0,1,30,5,10,2026
IndiGo,Banglore,New Delhi,0,165,3,9,2019,1,30,4,15,28,9,2026
Jet Airways,Delhi,Cochin,1,1395,6,9,2019,19,45,19,0,6,10,2026
IndiGo,Banglore,New Delhi,0,165,24,3,2019,6,0,8,45,28,9,2026
Jet Airways,Delhi,Cochin,1,1425,18,5,2019,19,15,19,0,19,5,2026
Jet Airways,Delhi,Cochin,2,810,6,1,2019,5,30,19,0,28,9,2026
Jet Airways,Delhi,Cochin,1,1530,3,6,2019,18,15,19,45,3,7,2026
Jet Airways,Delhi,Cochin,1,520,6,9,2019,19,45,4,25,6,10,2026
Multiple carriers,Delhi,Cochin,1,660,6,12,2019,10,0,21,0,28,9,2026
IndiGo,Delhi,Cochin,1,515,15,5,2019,7,35,16,10,28,9,2026
IndiGo,Delhi,Cochin,1,485,3,6,2019,17,30,1,35,3,7,2026
Air Asia,Kolkata,Banglore,1,720,6,6,2019,22,40,10,40,6,7,2026
Jet Airways,Kolkata,Banglore,1,1480,5,1,2019,20,25,21,5,5,2,2026
Jet Airways,Delhi,Cochin,2,1375,5,9,2019,5,30,4,25,5,10,2026
Jet Airways,Delhi,Cochin,1,1010,18,5,2019,19,45,12,35,19,5,2026
Jet Airways,Delhi,Cochin,2,810,6,3,2019,5,30,19,0,28,9,2026
GoAir,Banglore,Delhi,0,165,15,4,2019,20,55,23,40,28,9,2026
Air India,Delhi,Cochin,1,1255,15,6,2019,12,30,9,25,16,6,2026
Air India,Delhi,Cochin,2,1410,27,6,2019,19,45,19,15,28,6,2026
Multiple carriers,Delhi,Cochin,1,795,27,3,2019,2,15,15,30,28,9,2026
SpiceJet,Banglore,Delhi,0,175,4,9,2019,21,10,0,5,4,10,2026
Jet Airways,Banglore,Delhi,0,175,21,6,2019,11,10,14,5,28,9,2026
Vistara,Delhi,Cochin,0,190,27,6,2019,14,40,17,50,28,9,2026
Jet Airways,Delhi,Cochin,2,1615,6,12,2019,9,40,12,35,13,6,2026
Multiple carriers,Delhi,Cochin,1,705,3,9,2019,8,0,19,45,28,9,2026
IndiGo,Kolkata,Banglore,0,155,3,12,2019,15,10,17,45,28,9,2026
Jet Airways,Mumbai,Hyderabad,0,85,5,6,2019,7,5,8,30,28,9,2026
Jet Airways,Kolkata,Banglore,1,690,15,5,2019,9,35,21,5,28,9,2026
Air India,Delhi,Cochin,1,320,4,6,2019,17,40,23,0,28,9,2026
Jet Airways,Kolkata,Banglore,1,690,4,1,2019,9,35,21,5,28,9,2026
Jet Airways,Kolkata,Banglore,1,1430,5,6,2019,20,0,19,50,5,7,2026
Jet Airways,Kolkata,Banglore,1,520,5,6,2019,20,0,4,40,5,7,2026
IndiGo,Kolkata,Banglore,0,155,15,6,2019,4,40,7,15,28,9,2026
Jet Airways,Delhi,Cochin,2,1195,27,6,2019,23,5,19,0,28,6,2026
Air India,Mumbai,Hyderabad,0,90,27,5,2019,13,55,15,25,28,9,2026
IndiGo,Delhi,Cochin,1,300,6,6,2019,16,0,21,0,28,9,2026
Air India,Delhi,Cochin,2,2295,3,6,2019,5,0,19,15,3,7,2026
Jet Airways,Kolkata,Banglore,1,1215,5,9,2019,8,25,4,40,5,10,2026
Jet Airways,Banglore,Delhi,0,180,5,6,2019,17,45,20,45,28,9,2026
Multiple carriers,Delhi,Cochin,1,765,3,3,2019,12,50,1,35,3,4,2026
Jet Airways,Delhi,Cochin,1,1270,27,5,2019,21,50,19,0,28,5,2026
Multiple carriers,Delhi,Cochin,1,440,24,6,2019,11,40,19,0,28,9,2026
Vistara,Banglore,New Delhi,0,165,3,9,2019,9,50,12,35,28,9,2026
Jet Airways,Delhi,Cochin,1,865,27,5,2019,14,0,4,25,28,5,2026
Jet Airways,Delhi,Cochin,2,555,27,3,2019,19,10,4,25,28,3,2026
Air Asia,Banglore,New Delhi,0,170,15,3,2019,5,50,8,40,28,9,2026
Jet Airways,Kolkata,Banglore,1,590,24,3,2019,18,55,4,45,25,3,2026
Air Asia,Kolkata,Banglore,0,155,4,6,2019,10,20,12,55,28,9,2026
Jet Airways,Kolkata,Banglore,2,860,6,6,2019,6,30,20,50,28,9,2026
Jet Airways,Delhi,Cochin,2,440,27,6,2019,11,40,19,0,28,9,2026
Jet Airways,Kolkata,Banglore,1,840,5,6,2019,9,35,23,35,28,9,2026
Vistara,Kolkata,Banglore,1,930,24,5,2019,7,10,22,40,28,9,2026
Jet Airways,Delhi,Cochin,1,1270,27,6,2019,21,50,19,0,28,6,2026
SpiceJet,Banglore,Delhi,0,160,21,5,2019,5,55,8,35,28,9,2026
Jet Airways,Banglore,New Delhi,1,1455,15,3,2019,8,0,8,15,16,3,2026
Jet Airways,Kolkata,Banglore,1,575,6,9,2019,9,35,19,10,28,9,2026
Multiple carriers,Delhi,Cochin,1,455,6,9,2019,11,25,19,0,28,9,2026
IndiGo,Kolkata,Banglore,1,290,21,5,2019,15,15,20,5,28,9,2026
Vistara,Banglore,Delhi,0,160,5,9,2019,7,0,9,40,28,9,2026
Air India,Delhi,Cochin,1,1010,5,9,2019,6,10,23,0,28,9,2026
Jet Airways,Delhi,Cochin,2,535,5,9,2019,19,30,4,25,5,10,2026
Jet Airways,Kolkata,Banglore,1,1295,15,5,2019,20,25,18,0,16,5,2026
Air India,Banglore,New Delhi,1,725,3,6,2019,11,50,23,55,28,9,2026
Air India,Banglore,New Delhi,1,1155,3,1,2019,17,0,12,15,3,2,2026
Jet Airways,Kolkata,Banglore,1,475,6,9,2019,8,25,16,20,28,9,2026
Jet Airways,Delhi,Cochin,2,505,24,6,2019,20,0,4,25,25,6,2026
SpiceJet,Kolkata,Banglore,1,520,24,5,2019,8,35,17,15,28,9,2026
Jet Airways,Delhi,Cochin,1,600,6,12,2019,9,0,19,0,28,9,2026
SpiceJet,Kolkata,Banglore,0,140,18,5,2019,22,20,0,40,19,5,2026
Multiple carriers,Delhi,Cochin,1,455,15,5,2019,11,25,19,0,28,9,2026
Air India,Delhi,Cochin,2,1275,15,6,2019,22,0,19,15,16,6,2026
IndiGo,Mumbai,Hyderabad,0,90,15,5,2019,9,10,10,40,28,9,2026
Jet Airways,Delhi,Cochin,1,450,6,3,2019,20,55,4,25,6,4,2026
IndiGo,Delhi,Cochin,1,300,6,9,2019,16,0,21,0,28,9,2026
Jet Airways,Banglore,Delhi,0,175,6,1,2019,11,10,14,5,28,9,2026
Jet Airways,Kolkata,Banglore,1,425,15,5,2019,16,30,23,35,28,9,2026
Air India,Banglore,New Delhi,1,1425,15,3,2019,11,50,11,35,16,3,2026
Air Asia,Kolkata,Banglore,1,955,21,5,2019,7,35,23,30,28,9,2026
Multiple carriers,Delhi,Cochin,1,505,6,1,2019,10,35,19,0,28,9,2026
Vistara,Delhi,Cochin,0,175,21,3,2019,14,55,17,50,28,9,2026
Multiple carriers,Delhi,Cochin,2,850,3,3,2019,7,10,21,20,28,9,2026
Jet Airways,Delhi,Cochin,1,520,21,5,2019,19,45,4,25,22,5,2026
GoAir,Delhi,Cochin,1,370,5,1,2019,7,25,13,35,28,9,2026
Jet Airways,Kolkata,Banglore,1,1500,5,1,2019,17,0,18,0,5,2,2026
IndiGo,Banglore,Delhi,0,170,21,6,2019,4,0,6,50,28,9,2026
Air Asia,Delhi,Cochin,1,865,27,6,2019,16,45,7,10,28,6,2026
Jet Airways,Delhi,Cochin,1,300,6,12,2019,14,0,19,0,28,9,2026
Multiple carriers,Delhi,Cochin,1,720,6,1,2019,9,0,21,0,28,9,2026
SpiceJet,Kolkata,Banglore,0,150,27,4,2019,14,55,17,25,28,9,2026
Multiple carriers,Delhi,Cochin,1,395,27,6,2019,6,0,12,35,28,9,2026
IndiGo,Kolkata,Banglore,0,155,27,6,2019,9,35,12,10,28,9,2026
Jet Airways,Delhi,Cochin,2,810,27,5,2019,5,30,19,0,28,9,2026
SpiceJet,Kolkata,Banglore,1,520,6,6,2019,8,35,17,15,28,9,2026
Jet Airways,Delhi,Cochin,1,440,27,3,2019,11,30,18,50,28,9,2026
IndiGo,Delhi,Cochin,1,975,21,5,2019,9,15,1,30,22,5,2026
SpiceJet,Kolkata,Banglore,0,145,6,6,2019,9,0,11,25,28,9,2026
Multiple carriers,Delhi,Cochin,1,630,15,6,2019,8,45,19,15,28,9,2026
IndiGo,Delhi,Cochin,1,515,27,6,2019,7,35,16,10,28,9,2026
Jet Airways,Delhi,Cochin,2,1430,27,5,2019,19,10,19,0,28,5,2026
Air India,Delhi,Cochin,2,800,15,6,2019,5,55,19,15,28,9,2026
Jet Airways,Kolkata,Banglore,1,845,18,5,2019,5,45,19,50,28,9,2026
IndiGo,Mumbai,Hyderabad,0,90,24,6,2019,9,10,10,40,28,9,2026
Jet Airways,Delhi,Cochin,1,450,6,3,2019,20,55,4,25,6,4,2026
Vistara,Kolkata,Banglore,1,355,4,1,2019,17,0,22,55,28,9,2026
SpiceJet,Kolkata,Banglore,0,155,27,6,2019,6,55,9,30,28,9,2026
Air India,Delhi,Cochin,1,615,24,6,2019,9,0,19,15,28,9,2026
Jet Airways,Kolkata,Banglore,1,840,5,9,2019,9,35,23,35,28,9,2026
Jet Airways,Kolkata,Banglore,1,1660,24,3,2019,19,45,23,25,25,3,2026
Multiple carriers,Delhi,Cochin,1,545,24,6,2019,7,5,16,10,28,9,2026
Jet Airways,Kolkata,Banglore,1,690,6,9,2019,9,35,21,5,28,9,2026
IndiGo,Kolkata,Banglore,0,155,21,4,2019,11,30,14,5,28,9,2026
Multiple carriers,Delhi,Cochin,1,900,6,3,2019,6,0,21,0,28,9,2026
Air India,Kolkata,Banglore,1,805,18,5,2019,7,0,20,25,28,9,2026
IndiGo,Kolkata,Banglore,1,280,5,9,2019,17,35,22,15,28,9,2026
Jet Airways,Mumbai,Hyderabad,0,85,24,3,2019,7,10,8,35,28,9,2026
Jet Airways,Delhi,Cochin,2,1375,15,6,2019,5,30,4,25,16,6,2026
Jet Airways,Kolkata,Banglore,1,775,5,12,2019,21,10,10,5,13,5,2026
SpiceJet,Kolkata,Banglore,0,140,15,6,2019,22,20,0,40,16,6,2026
Multiple carriers,Delhi,Cochin,1,480,4,9,2019,17,30,1,30,4,10,2026
IndiGo,Kolkata,Banglore,0,165,3,9,2019,22,10,0,55,3,10,2026
IndiGo,Banglore,New Delhi,0,170,24,3,2019,4,0,6,50,28,9,2026
Jet Airways,Kolkata,Banglore,1,1545,4,1,2019,16,30,18,15,4,2,2026
IndiGo,Banglore,New Delhi,0,165,3,3,2019,1,30,4,15,28,9,2026
Jet Airways,Delhi,Cochin,2,505,5,9,2019,20,0,4,25,5,10,2026
Air India,Delhi,Cochin,2,1545,21,5,2019,5,55,7,40,22,5,2026
Jet Airways,Delhi,Cochin,2,505,21,5,2019,20,0,4,25,22,5,2026
Multiple carriers,Delhi,Cochin,1,750,15,6,2019,13,0,1,30,16,6,2026
Jet Airways,Kolkata,Banglore,1,1330,6,12,2019,6,30,4,40,13,6,2026
IndiGo,Kolkata,Banglore,0,155,6,3,2019,17,15,19,50,28,9,2026
SpiceJet,Banglore,Delhi,0,160,24,5,2019,5,55,8,35,28,9,2026
Jet Airways,Delhi,Cochin,1,450,6,9,2019,11,30,19,0,28,9,2026
IndiGo,Kolkata,Banglore,0,155,18,4,2019,20,20,22,55,28,9,2026
Multiple carriers,Delhi,Cochin,3,565,6,12,2019,11,35,21,0,28,9,2026
Jet Airways,Kolkata,Banglore,1,1655,5,1,2019,8,25,12,0,5,2,2026
IndiGo,Delhi,Cochin,1,500,24,6,2019,17,10,1,30,25,6,2026
IndiGo,Banglore,Delhi,0,165,5,1,2019,1,30,4,15,28,9,2026
Multiple carriers,Delhi,Cochin,1,765,6,12,2019,9,45,22,30,28,9,2026
Jet Airways,Banglore,New Delhi,1,280,15,3,2019,9,45,14,25,28,9,2026
Multiple carriers,Delhi,Cochin,1,730,24,6,2019,7,5,19,15,28,9,2026
Air India,Kolkata,Banglore,1,1350,24,5,2019,9,25,7,55,25,5,2026
SpiceJet,Chennai,Kolkata,0,135,5,12,2019,8,20,10,35,28,9,2026
Air India,Delhi,Cochin,2,1855,6,3,2019,12,20,19,15,6,4,2026
SpiceJet,Banglore,Delhi,0,175,4,6,2019,21,10,0,5,4,7,2026
Jet Airways,Kolkata,Banglore,1,750,6,9,2019,9,35,22,5,28,9,2026
Jet Airways,Delhi,Cochin,1,1270,21,5,2019,21,50,19,0,22,5,2026
Vistara,Kolkata,Banglore,1,1065,4,1,2019,17,0,10,45,4,2,2026
Jet Airways,Delhi,Cochin,2,2240,21,3,2019,5,30,18,50,22,3,2026
Vistara,Kolkata,Banglore,1,975,5,12,2019,7,10,23,25,28,9,2026
IndiGo,Chennai,Kolkata,0,145,15,5,2019,11,35,14,0,28,9,2026
IndiGo,Delhi,Cochin,1,425,6,6,2019,5,5,12,10,28,9,2026
Jet Airways,Banglore,New Delhi,1,960,3,12,2019,7,0,23,0,28,9,2026
Multiple carriers,Delhi,Cochin,1,510,27,3,2019,7,0,15,30,28,9,2026
IndiGo,Banglore,New Delhi,1,310,3,9,2019,19,30,0,40,13,3,2026
Air India,Banglore,New Delhi,1,240,3,3,2019,8,15,12,15,28,9,2026
Air India,Kolkata,Banglore,0,150,18,4,2019,14,15,16,45,28,9,2026
IndiGo,Delhi,Cochin,1,420,21,3,2019,18,35,1,35,22,3,2026
Jet Airways,Delhi,Cochin,1,620,6,6,2019,2,15,12,35,28,9,2026
Jet Airways,Delhi,Cochin,2,1415,21,3,2019,19,15,18,50,22,3,2026
Air India,Banglore,New Delhi,1,1330,3,9,2019,11,5,9,15,13,3,2026
Jet Airways,Delhi,Cochin,2,830,6,9,2019,14,35,4,25,6,10,2026
Jet Airways,Banglore,New Delhi,1,1235,3,6,2019,11,40,8,15,3,7,2026
IndiGo,Delhi,Cochin,1,895,18,5,2019,7,35,22,30,28,9,2026
IndiGo,Chennai,Kolkata,0,140,6,1,2019,13,15,15,35,28,9,2026
Multiple carriers,Delhi,Cochin,1,510,3,6,2019,7,0,15,30,28,9,2026
IndiGo,Banglore,Delhi,0,165,5,9,2019,6,5,8,50,28,9,2026
Jet Airways,Kolkata,Banglore,1,855,5,6,2019,6,30,20,45,28,9,2026
IndiGo,Kolkata,Banglore,0,155,18,4,2019,11,30,14,5,28,9,2026
Jet Airways,Banglore,Delhi,0,175,15,6,2019,11,10,14,5,28,9,2026
Jet Airways,Kolkata,Banglore,1,1655,21,5,2019,6,30,10,5,22,5,2026
SpiceJet,Kolkata,Banglore,0,145,4,12,2019,9,0,11,25,28,9,2026
Air India,Delhi,Cochin,2,500,18,5,2019,10,55,19,15,28,9,2026
IndiGo,Kolkata,Banglore,0,160,24,3,2019,20,25,23,5,28,9,2026
IndiGo,Delhi,Cochin,1,455,27,4,2019,8,35,16,10,28,9,2026
Jet Airways,Banglore,New Delhi,1,695,21,3,2019,22,50,10,25,19,3,2026
SpiceJet,Chennai,Kolkata,0,140,24,6,2019,17,45,20,5,28,9,2026
IndiGo,Delhi,Cochin,2,565,27,3,2019,11,55,21,20,28,9,2026
Jet Airways,Delhi,Cochin,2,810,18,5,2019,5,30,19,0,28,9,2026
Multiple carriers,Delhi,Cochin,1,795,6,6,2019,6,0,19,15,28,9,2026
SpiceJet,Mumbai,Hyderabad,0,85,3,1,2019,22,45,0,10,3,2,2026
Multiple carriers,Delhi,Cochin,1,455,15,5,2019,11,40,19,15,28,9,2026
Air India,Chennai,Kolkata,0,135,21,6,2019,11,40,13,55,28,9,2026
Jet Airways,Delhi,Cochin,1,1210,6,3,2019,22,50,19,0,6,4,2026
IndiGo,Kolkata,Banglore,0,155,27,6,2019,22,15,0,50,28,6,2026
IndiGo,Delhi,Cochin,1,315,21,5,2019,7,15,12,30,28,9,2026
Air India,Kolkata,Banglore,0,150,21,5,2019,14,15,16,45,28,9,2026
Jet Airways,Delhi,Cochin,2,1845,27,6,2019,12,15,19,0,28,6,2026
Air India,Delhi,Cochin,1,640,6,9,2019,21,0,7,40,6,10,2026
SpiceJet,Kolkata,Banglore,1,435,6,6,2019,11,15,18,30,28,9,2026
IndiGo,Mumbai,Hyderabad,0,90,27,5,2019,21,20,22,50,28,9,2026
SpiceJet,Mumbai,Hyderabad,0,90,21,6,2019,13,15,14,45,28,9,2026
Jet Airways,Kolkata,Banglore,1,1660,4,1,2019,18,55,22,35,4,2,2026
Multiple carriers,Delhi,Cochin,1,630,6,1,2019,8,45,19,15,28,9,2026
Air India,Kolkata,Banglore,2,1165,21,5,2019,10,0,5,25,22,5,2026
Multiple carriers,Delhi,Cochin,1,395,3,3,2019,19,0,1,35,3,4,2026
Jet Airways,Banglore,New Delhi,1,1445,3,6,2019,8,55,9,0,3,7,2026
Air India,Delhi,Cochin,2,435,6,6,2019,12,0,19,15,28,9,2026
Multiple carriers,Delhi,Cochin,1,750,27,6,2019,13,0,1,30,28,6,2026
IndiGo,Delhi,Cochin,0,195,3,3,2019,5,35,8,50,28,9,2026
Multiple carriers,Delhi,Cochin,1,720,15,6,2019,9,0,21,0,28,9,2026
Jet Airways,Delhi,Cochin,2,440,18,5,2019,11,40,19,0,28,9,2026
IndiGo,Kolkata,Banglore,0,150,4,6,2019,15,15,17,45,28,9,2026
Multiple carriers,Delhi,Cochin,1,390,24,6,2019,19,0,1,30,25,6,2026
Jet Airways,Kolkata,Banglore,1,505,6,6,2019,9,35,18,0,28,9,2026
Jet Airways Business,Delhi,Cochin,2,500,3,3,2019,20,5,4,25,3,4,2026
Jet Airways,Delhi,Cochin,2,1775,18,5,2019,13,25,19,0,19,5,2026
Jet Airways,Kolkata,Banglore,1,510,21,5,2019,14,5,22,35,28,9,2026
IndiGo,Chennai,Kolkata,0,140,15,5,2019,22,5,0,25,16,5,2026
Air Asia,Kolkata,Banglore,1,215,5,9,2019,19,55,23,30,28,9,2026
Jet Airways,Kolkata,Banglore,1,345,24,5,2019,14,5,19,50,28,9,2026
Air India,Delhi,Cochin,0,180,3,6,2019,14,10,17,10,28,9,2026
IndiGo,Banglore,Delhi,0,170,5,12,2019,10,10,13,0,28,9,2026
SpiceJet,Banglore,Delhi,0,160,27,6,2019,5,55,8,35,28,9,2026
Jet Airways,Kolkata,Banglore,1,750,6,12,2019,9,35,22,5,28,9,2026
Multiple carriers,Delhi,Cochin,1,600,6,1,2019,9,15,19,15,28,9,2026
Air India,Mumbai,Hyderabad,1,1440,3,12,2019,9,15,9,15,13,3,2026
Jet Airways,Banglore,New Delhi,1,775,3,6,2019,20,35,9,30,3,7,2026
Air India,Kolkata,Banglore,2,1830,6,9,2019,12,0,18,30,6,10,2026
Multiple carriers,Delhi,Cochin,1,630,27,3,2019,15,5,1,35,28,3,2026
Air India,Banglore,Delhi,0,170,18,6,2019,17,0,19,50,28,9,2026
Air India,Delhi,Cochin,1,1640,3,3,2019,6,5,9,25,3,4,2026
IndiGo,Banglore,Delhi,0,170,18,6,2019,23,30,2,20,19,6,2026
SpiceJet,Banglore,Delhi,0,175,5,9,2019,21,10,0,5,5,10,2026
Multiple carriers,Delhi,Cochin,1,705,27,6,2019,7,30,19,15,28,9,2026
Air India,Delhi,Cochin,1,1420,5,6,2019,9,45,9,25,5,7,2026
Vistara,Chennai,Kolkata,0,135,27,3,2019,7,5,9,20,28,9,2026
Multiple carriers,Delhi,Cochin,1,390,5,1,2019,19,0,1,30,5,2,2026
SpiceJet,Kolkata,Banglore,0,155,4,6,2019,6,55,9,30,28,9,2026
Multiple carriers,Delhi,Cochin,1,930,24,6,2019,10,0,1,30,25,6,2026
Jet Airways,Delhi,Cochin,2,1125,5,9,2019,9,40,4,25,5,10,2026
IndiGo,Chennai,Kolkata,0,140,24,6,2019,7,55,10,15,28,9,2026
Air India,Kolkata,Banglore,3,805,21,5,2019,9,50,23,15,28,9,2026
Jet Airways,Kolkata,Banglore,1,395,6,9,2019,17,0,23,35,28,9,2026
Jet Airways,Kolkata,Banglore,1,800,5,6,2019,20,0,9,20,5,7,2026
Jet Airways,Delhi,Cochin,2,1300,6,6,2019,6,45,4,25,6,7,2026
SpiceJet,Kolkata,Banglore,0,145,4,12,2019,9,0,11,25,28,9,2026
Jet Airways,Banglore,Delhi,0,185,27,5,2019,18,55,22,0,28,9,2026
Multiple carriers,Delhi,Cochin,1,535,6,6,2019,10,20,19,15,28,9,2026
Jet Airways,Kolkata,Banglore,1,1590,18,5,2019,5,45,8,15,19,5,2026
Air India,Banglore,New Delhi,0,165,3,9,2019,21,10,23,55,28,9,2026
SpiceJet,Chennai,Kolkata,0,135,24,6,2019,8,20,10,35,28,9,2026
IndiGo,Delhi,Cochin,1,860,21,3,2019,6,40,21,0,28,9,2026
Multiple carriers,Delhi,Cochin,1,520,18,5,2019,10,20,19,0,28,9,2026
SpiceJet,Kolkata,Banglore,0,150,6,9,2019,17,10,19,40,28,9,2026
Jet Airways,Delhi,Cochin,2,1760,21,5,2019,23,5,4,25,23,5,2026
SpiceJet,Banglore,Delhi,0,160,4,3,2019,5,55,8,35,28,9,2026
Multiple carriers,Delhi,Cochin,1,570,6,1,2019,11,30,21,0,28,9,2026
Jet Airways,Banglore,New Delhi,1,900,3,6,2019,14,5,5,5,3,7,2026
Jet Airways,Kolkata,Banglore,1,450,18,5,2019,21,10,4,40,19,5,2026
Jet Airways,Banglore,Delhi,0,180,6,12,2019,17,45,20,45,28,9,2026
IndiGo,Kolkata,Banglore,1,315,15,5,2019,21,0,2,15,16,5,2026
Jet Airways,Kolkata,Banglore,1,1720,18,5,2019,18,55,23,35,19,5,2026
Multiple carriers,Delhi,Cochin,1,660,3,3,2019,10,0,21,0,28,9,2026
Jet Airways,Delhi,Cochin,1,825,6,9,2019,22,50,12,35,6,10,2026
Air India,Kolkata,Banglore,1,1700,18,5,2019,16,45,21,5,19,5,2026
Multiple carriers,Delhi,Cochin,1,640,24,6,2019,10,20,21,0,28,9,2026
Jet Airways,Kolkata,Banglore,1,705,5,6,2019,6,30,18,15,28,9,2026
SpiceJet,Banglore,New Delhi,0,170,24,3,2019,20,30,23,20,28,9,2026
SpiceJet,Kolkata,Banglore,0,155,15,6,2019,6,55,9,30,28,9,2026
Jet Airways,Kolkata,Banglore,1,1330,24,5,2019,6,30,4,40,25,5,2026
IndiGo,Kolkata,Banglore,1,290,24,5,2019,8,10,13,0,28,9,2026
IndiGo,Chennai,Kolkata,0,140,3,9,2019,19,35,21,55,28,9,2026
Air India,Delhi,Cochin,1,1515,27,5,2019,18,0,19,15,28,5,2026
Jet Airways,Banglore,Delhi,0,175,21,5,2019,11,10,14,5,28,9,2026
Jet Airways,Kolkata,Banglore,1,1595,4,1,2019,20,0,22,35,4,2,2026
Jet Airways,Kolkata,Banglore,1,730,5,9,2019,21,10,9,20,5,10,2026
Jet Airways,Delhi,Cochin,1,1015,27,5,2019,11,30,4,25,28,5,2026
Jet Airways,Kolkata,Banglore,1,910,6,12,2019,18,55,10,5,13,6,2026
Vistara,Banglore,Delhi,0,170,4,12,2019,9,45,12,35,28,9,2026
Air India,Delhi,Cochin,2,1490,3,6,2019,6,50,7,40,3,7,2026
IndiGo,Mumbai,Hyderabad,0,90,6,3,2019,19,5,20,35,28,9,2026
Jet Airways,Kolkata,Banglore,1,1570,5,1,2019,17,0,19,10,5,2,2026
Jet Airways,Kolkata,Banglore,1,330,5,9,2019,6,30,12,0,28,9,2026
Air India,Kolkata,Banglore,2,1625,5,1,2019,5,50,8,55,5,2,2026
Jet Airways,Kolkata,Banglore,1,845,5,1,2019,20,0,10,5,5,2,2026
Air Asia,Delhi,Cochin,1,875,21,5,2019,7,55,22,30,28,9,2026
Air India,Delhi,Cochin,1,1535,6,1,2019,5,15,6,50,6,2,2026
SpiceJet,Banglore,Delhi,0,160,21,4,2019,5,55,8,35,28,9,2026
Air India,Delhi,Cochin,0,170,24,4,2019,5,10,8,0,28,9,2026
SpiceJet,Banglore,Delhi,0,175,15,6,2019,21,10,0,5,16,6,2026
Vistara,Kolkata,Banglore,1,790,18,5,2019,7,10,20,20,28,9,2026
SpiceJet,Chennai,Kolkata,0,135,27,3,2019,8,20,10,35,28,9,2026
Air India,Banglore,Delhi,0,165,6,9,2019,10,0,12,45,28,9,2026
SpiceJet,Kolkata,Banglore,0,155,15,5,2019,6,55,9,30,28,9,2026
IndiGo,Kolkata,Banglore,0,155,6,9,2019,20,20,22,55,28,9,2026
Air India,Banglore,New Delhi,2,980,3,1,2019,5,50,22,10,28,9,2026
Air India,Delhi,Cochin,0,180,6,1,2019,14,10,17,10,28,9,2026
Jet Airways,Kolkata,Banglore,1,1330,5,12,2019,6,30,4,40,13,5,2026
Vistara,Kolkata,Banglore,1,790,15,5,2019,7,10,20,20,28,9,2026
SpiceJet,Kolkata,Banglore,1,520,15,5,2019,8,35,17,15,28,9,2026
Multiple carriers,Delhi,Cochin,1,845,6,1,2019,4,55,19,0,28,9,2026
Jet Airways,Delhi,Cochin,1,455,21,3,2019,20,50,4,25,22,3,2026
Jet Airways,Delhi,Cochin,1,600,27,5,2019,9,0,19,0,28,9,2026
Jet Airways,Kolkata,Banglore,1,1545,5,12,2019,16,30,18,15,13,5,2026
IndiGo,Delhi,Cochin,1,425,15,6,2019,5,5,12,10,28,9,2026
IndiGo,Kolkata,Banglore,0,160,15,6,2019,21,25,0,5,16,6,2026
IndiGo,Kolkata,Banglore,0,150,6,9,2019,15,15,17,45,28,9,2026
SpiceJet,Kolkata,Banglore,1,330,24,5,2019,15,55,21,25,28,9,2026
Jet Airways,Kolkata,Banglore,1,1285,6,12,2019,17,0,14,25,13,6,2026
Air India,Delhi,Cochin,1,635,3,9,2019,8,40,19,15,28,9,2026
Air India,Delhi,Cochin,2,1560,6,6,2019,17,15,19,15,6,7,2026
Air Asia,Kolkata,Banglore,1,710,24,3,2019,7,35,19,25,28,9,2026
Jet Airways,Delhi,Cochin,1,395,27,3,2019,21,50,4,25,28,3,2026
IndiGo,Delhi,Cochin,1,400,3,6,2019,6,40,13,20,28,9,2026
Multiple carriers,Delhi,Cochin,1,750,6,1,2019,13,0,1,30,6,2,2026
Jet Airways,Kolkata,Banglore,1,475,5,6,2019,8,25,16,20,28,9,2026
Jet Airways,Banglore,New Delhi,1,435,15,3,2019,8,0,15,15,28,9,2026
Jet Airways,Banglore,New Delhi,1,1305,3,6,2019,21,25,19,10,3,7,2026
SpiceJet,Banglore,Delhi,0,175,4,6,2019,21,10,0,5,4,7,2026
Jet Airways,Delhi,Cochin,1,590,3,6,2019,9,0,18,50,28,9,2026
Jet Airways,Delhi,Cochin,2,830,6,6,2019,14,35,4,25,6,7,2026
Jet Airways,Kolkata,Banglore,1,1610,5,6,2019,6,30,9,20,5,7,2026
Jet Airways,Delhi,Cochin,1,865,6,9,2019,14,0,4,25,6,10,2026
Multiple carriers,Delhi,Cochin,1,505,3,6,2019,7,5,15,30,28,9,2026
Multiple carriers,Delhi,Cochin,1,660,6,12,2019,8,0,19,0,28,9,2026
Vistara,Delhi,Cochin,0,190,21,3,2019,6,0,9,10,28,9,2026
Jet Airways,Kolkata,Banglore,1,1015,24,3,2019,6,30,23,25,28,9,2026
IndiGo,Delhi,Cochin,2,985,3,1,2019,4,55,21,20,28,9,2026
IndiGo,Kolkata,Banglore,1,330,15,5,2019,7,10,12,40,28,9,2026
SpiceJet,Kolkata,Banglore,1,435,5,1,2019,11,15,18,30,28,9,2026
Multiple carriers,Delhi,Cochin,1,760,21,5,2019,12,50,1,30,22,5,2026
Air India,Delhi,Cochin,2,1210,27,6,2019,13,15,9,25,28,6,2026
Air Asia,Kolkata,Banglore,1,220,15,5,2019,6,50,10,30,28,9,2026
Air India,Delhi,Cochin,3,2280,27,5,2019,5,15,19,15,28,5,2026
Air India,Banglore,New Delhi,1,920,21,3,2019,22,0,13,20,19,3,2026
Jet Airways,Kolkata,Banglore,1,1220,6,9,2019,20,0,16,20,6,10,2026
Vistara,Banglore,Delhi,0,155,27,6,2019,17,0,19,35,28,9,2026
IndiGo,Kolkata,Banglore,1,315,18,5,2019,21,0,2,15,19,5,2026
Jet Airways,Delhi,Cochin,1,940,18,5,2019,20,55,12,35,19,5,2026
Jet Airways,Banglore,New Delhi,1,550,21,3,2019,7,0,16,10,28,9,2026
Air India,Delhi,Cochin,2,1180,18,5,2019,12,0,7,40,19,5,2026
GoAir,Banglore,New Delhi,0,175,18,3,2019,11,40,14,35,28,9,2026
GoAir,Delhi,Cochin,1,370,27,4,2019,7,25,13,35,28,9,2026
Jet Airways,Kolkata,Banglore,1,1335,6,9,2019,20,0,18,15,6,10,2026
Vistara,Chennai,Kolkata,0,135,21,3,2019,7,5,9,20,28,9,2026
Air India,Delhi,Cochin,0,170,3,6,2019,5,10,8,0,28,9,2026
IndiGo,Banglore,New Delhi,0,170,3,3,2019,22,20,1,10,3,7,2026
SpiceJet,Mumbai,Hyderabad,0,80,18,3,2019,13,10,14,30,28,9,2026
Jet Airways,Kolkata,Banglore,1,570,6,9,2019,14,5,23,35,28,9,2026
Vistara,Banglore,Delhi,0,170,5,3,2019,21,0,23,50,28,9,2026
Air India,Delhi,Cochin,0,170,18,3,2019,5,10,8,0,28,9,2026
IndiGo,Delhi,Cochin,1,455,3,6,2019,8,35,16,10,28,9,2026
Air India,Kolkata,Banglore,2,920,4,1,2019,10,0,1,20,4,2,2026
Jet Airways,Delhi,Cochin,1,1425,6,9,2019,19,15,19,0,6,10,2026
Jet Airways,Delhi,Cochin,1,590,3,3,2019,9,0,18,50,28,9,2026
Jet Airways,Kolkata,Banglore,1,1685,5,1,2019,17,0,21,5,5,2,2026
Jet Airways,Delhi,Cochin,2,535,18,5,2019,19,30,4,25,19,5,2026
Air India,Kolkata,Banglore,2,725,5,9,2019,8,20,20,25,28,9,2026
Jet Airways,Kolkata,Banglore,1,450,15,5,2019,21,10,4,40,16,5,2026
Jet Airways,Kolkata,Banglore,1,1080,24,5,2019,20,25,14,25,25,5,2026
Air India,Kolkata,Banglore,2,1105,6,6,2019,14,30,8,55,6,7,2026
Air India,Kolkata,Banglore,2,1200,6,6,2019,9,25,5,25,6,7,2026
Multiple carriers,Delhi,Cochin,1,510,6,12,2019,17,0,1,30,13,6,2026
Jet Airways,Banglore,New Delhi,0,160,3,9,2019,18,20,21,0,28,9,2026
IndiGo,Delhi,Cochin,1,345,27,5,2019,2,0,7,45,28,9,2026
SpiceJet,Delhi,Cochin,1,270,21,4,2019,8,45,13,15,28,9,2026
IndiGo,Kolkata,Banglore,0,155,6,12,2019,17,15,19,50,28,9,2026
Air India,Kolkata,Banglore,2,445,5,1,2019,5,50,13,15,28,9,2026
Jet Airways,Delhi,Cochin,2,1130,6,1,2019,9,35,4,25,6,2,2026
SpiceJet,Delhi,Cochin,1,375,3,9,2019,16,35,22,50,28,9,2026
IndiGo,Banglore,Delhi,0,170,4,6,2019,10,30,13,20,28,9,2026
Jet Airways,Delhi,Cochin,2,1325,21,3,2019,6,20,4,25,22,3,2026
Vistara,Banglore,Delhi,0,170,15,6,2019,9,45,12,35,28,9,2026
Multiple carriers,Delhi,Cochin,1,505,15,6,2019,10,35,19,0,28,9,2026
Multiple carriers,Delhi,Cochin,1,690,6,12,2019,7,30,19,0,28,9,2026
Air India,Banglore,New Delhi,2,1900,18,3,2019,8,50,16,30,16,3,2026
IndiGo,Chennai,Kolkata,0,140,18,6,2019,14,45,17,5,28,9,2026
Multiple carriers,Delhi,Cochin,1,645,6,3,2019,8,30,19,15,28,9,2026
Jet Airways,Kolkata,Banglore,1,1720,24,5,2019,18,55,23,35,25,5,2026
Air India,Banglore,New Delhi,3,2120,3,12,2019,6,45,18,5,13,3,2026
GoAir,Delhi,Cochin,1,370,24,6,2019,7,25,13,35,28,9,2026
Jet Airways,Kolkata,Banglore,1,395,6,9,2019,17,0,23,35,28,9,2026
Jet Airways,Delhi,Cochin,1,520,27,3,2019,19,45,4,25,28,3,2026
Jet Airways,Delhi,Cochin,2,810,15,6,2019,5,30,19,0,28,9,2026
Jet Airways,Banglore,New Delhi,1,665,21,3,2019,20,35,7,40,19,3,2026
IndiGo,Delhi,Cochin,1,300,3,6,2019,5,5,10,5,28,9,2026
Jet Airways,Kolkata,Banglore,1,1200,5,1,2019,14,5,10,5,5,2,2026
SpiceJet,Banglore,New Delhi,0,170,18,3,2019,20,30,23,20,28,9,2026
Multiple carriers,Delhi,Cochin,1,465,27,6,2019,11,30,19,15,28,9,2026
Air India,Banglore,New Delhi,1,1510,3,1,2019,11,50,13,0,3,2,2026
Multiple carriers,Delhi,Cochin,1,540,27,4,2019,7,10,16,10,28,9,2026
Multiple carriers,Delhi,Cochin,1,780,18,5,2019,6,0,19,0,28,9,2026
Jet Airways,Kolkata,Banglore,1,1025,21,5,2019,18,55,12,0,22,5,2026
Jet Airways,Banglore,New Delhi,1,1485,3,12,2019,20,35,21,20,13,3,2026
Air India,Delhi,Cochin,1,965,3,6,2019,17,20,9,25,3,7,2026
Jet Airways,Banglore,New Delhi,0,160,3,9,2019,19,55,22,35,28,9,2026
Air India,Delhi,Cochin,2,1485,6,3,2019,18,30,19,15,6,4,2026
Jet Airways,Delhi,Cochin,2,1615,6,6,2019,9,40,12,35,6,7,2026
Jet Airways,Banglore,Delhi,0,180,15,4,2019,17,45,20,45,28,9,2026
IndiGo,Banglore,Delhi,0,170,21,6,2019,13,0,15,50,28,9,2026
SpiceJet,Kolkata,Banglore,0,150,21,6,2019,17,10,19,40,28,9,2026
Jet Airways,Delhi,Cochin,1,1595,18,5,2019,10,0,12,35,19,5,2026
IndiGo,Banglore,New Delhi,0,170,3,9,2019,4,0,6,50,28,9,2026
Jet Airways,Delhi,Cochin,1,1655,27,5,2019,9,0,12,35,28,5,2026
IndiGo,Delhi,Cochin,1,810,5,9,2019,7,30,21,0,28,9,2026
Jet Airways,Delhi,Cochin,1,620,6,3,2019,2,15,12,35,28,9,2026
Jet Airways,Delhi,Cochin,2,1420,21,3,2019,19,10,18,50,22,3,2026
Vistara,Delhi,Cochin,0,190,18,4,2019,14,40,17,50,28,9,2026
IndiGo,Kolkata,Banglore,0,155,5,1,2019,17,15,19,50,28,9,2026
Jet Airways,Delhi,Cochin,2,2315,27,3,2019,5,10,19,45,28,3,2026
Jet Airways,Banglore,New Delhi,1,785,3,1,2019,11,40,0,45,3,2,2026
Multiple carriers,Delhi,Cochin,1,640,6,9,2019,10,20,21,0,28,9,2026
Jet Airways,Banglore,Delhi,0,185,21,6,2019,18,55,22,0,28,9,2026
Multiple carriers,Delhi,Cochin,1,520,24,6,2019,10,35,19,15,28,9,2026
IndiGo,Banglore,Delhi,0,170,4,12,2019,4,0,6,50,28,9,2026
Jet Airways,Delhi,Cochin,1,1005,21,5,2019,2,15,19,0,28,9,2026
Air Asia,Delhi,Cochin,1,625,15,5,2019,20,45,7,10,16,5,2026
Air India,Delhi,Cochin,1,640,6,3,2019,21,0,7,40,6,4,2026
Air India,Delhi,Cochin,2,1380,24,6,2019,20,15,19,15,25,6,2026
IndiGo,Delhi,Cochin,2,880,3,6,2019,6,40,21,20,28,9,2026
Air India,Mumbai,Hyderabad,0,75,15,6,2019,19,30,20,45,28,9,2026
SpiceJet,Banglore,Delhi,0,160,5,12,2019,5,55,8,35,28,9,2026
Multiple carriers,Delhi,Cochin,1,480,27,3,2019,13,0,21,0,28,9,2026
Multiple carriers,Delhi,Cochin,1,665,21,3,2019,2,15,13,20,28,9,2026
Multiple carriers,Delhi,Cochin,1,780,24,6,2019,8,0,21,0,28,9,2026
Jet Airways,Delhi,Cochin,2,440,4,9,2019,11,40,19,0,28,9,2026
Jet Airways,Banglore,Delhi,0,180,27,4,2019,8,20,11,20,28,9,2026
Jet Airways,Banglore,Delhi,0,180,6,6,2019,19,50,22,50,28,9,2026
IndiGo,Delhi,Cochin,1,300,27,3,2019,16,0,21,0,28,9,2026
IndiGo,Banglore,Delhi,0,170,24,6,2019,8,30,11,20,28,9,2026
Vistara,Kolkata,Banglore,1,1555,6,9,2019,7,10,9,5,6,10,2026
Air India,Kolkata,Banglore,2,1385,5,1,2019,9,50,8,55,5,2,2026
Air India,Banglore,New Delhi,1,1015,3,9,2019,5,50,22,45,28,9,2026
Jet Airways,Mumbai,Hyderabad,0,85,15,6,2019,2,55,4,20,28,9,2026
Jet Airways,Delhi,Cochin,2,1775,27,5,2019,13,25,19,0,28,5,2026
Jet Airways,Delhi,Cochin,2,830,6,12,2019,14,35,4,25,13,6,2026
Jet Airways,Delhi,Cochin,1,330,6,1,2019,7,5,12,35,28,9,2026
Jet Airways,Kolkata,Banglore,1,690,4,1,2019,9,35,21,5,28,9,2026
Air India,Delhi,Cochin,2,1560,6,9,2019,17,15,19,15,6,10,2026
IndiGo,Delhi,Cochin,1,570,27,5,2019,16,0,1,30,28,5,2026
IndiGo,Kolkata,Banglore,0,155,24,3,2019,15,20,17,55,28,9,2026
IndiGo,Kolkata,Banglore,0,165,18,3,2019,22,10,0,55,19,3,2026
SpiceJet,Kolkata,Banglore,0,140,24,5,2019,22,20,0,40,25,5,2026
IndiGo,Delhi,Cochin,1,570,6,9,2019,16,0,1,30,6,10,2026
Jet Airways,Delhi,Cochin,1,925,3,6,2019,13,0,4,25,3,7,2026
Jet Airways,Kolkata,Banglore,1,740,5,9,2019,8,25,20,45,28,9,2026
Vistara,Kolkata,Banglore,1,1440,21,5,2019,20,20,20,20,22,5,2026
Jet Airways,Kolkata,Banglore,1,590,5,12,2019,8,25,18,15,28,9,2026
SpiceJet,Kolkata,Banglore,0,145,21,4,2019,9,0,11,25,28,9,2026
SpiceJet,Kolkata,Banglore,0,150,18,5,2019,17,10,19,40,28,9,2026
IndiGo,Banglore,Delhi,0,180,5,1,2019,16,55,19,55,28,9,2026
Jet Airways,Banglore,New Delhi,1,375,3,6,2019,7,0,13,15,28,9,2026
Multiple carriers,Delhi,Cochin,1,640,5,9,2019,10,20,21,0,28,9,2026
Multiple carriers,Delhi,Cochin,2,625,27,6,2019,15,5,1,30,28,6,2026
Jet Airways,Delhi,Cochin,2,1375,6,6,2019,5,30,4,25,6,7,2026
Jet Airways,Kolkata,Banglore,1,1415,15,5,2019,21,10,20,45,16,5,2026
IndiGo,Kolkata,Banglore,0,150,24,4,2019,14,25,16,55,28,9,2026
Jet Airways,Kolkata,Banglore,1,960,5,12,2019,20,0,12,0,13,5,2026
Jet Airways,Delhi,Cochin,1,395,24,6,2019,21,50,4,25,25,6,2026
Jet Airways,Kolkata,Banglore,1,1170,6,12,2019,16,30,12,0,13,6,2026
IndiGo,Mumbai,Hyderabad,0,90,15,6,2019,9,10,10,40,28,9,2026
IndiGo,Kolkata,Banglore,0,165,24,3,2019,17,15,20,0,28,9,2026
Jet Airways,Delhi,Cochin,2,1995,27,3,2019,19,10,4,25,29,3,2026
SpiceJet,Mumbai,Hyderabad,0,90,15,6,2019,5,45,7,15,28,9,2026
Jet Airways,Kolkata,Banglore,1,1450,24,5,2019,9,35,9,45,25,5,2026
Jet Airways,Delhi,Cochin,1,540,6,3,2019,10,0,19,0,28,9,2026
IndiGo,Chennai,Kolkata,0,140,15,3,2019,5,15,7,35,28,9,2026
IndiGo,Banglore,Delhi,0,170,27,4,2019,10,30,13,20,28,9,2026
Jet Airways,Delhi,Cochin,1,335,6,12,2019,22,50,4,25,13,6,2026
Jet Airways,Banglore,New Delhi,1,1110,21,3,2019,16,55,11,25,19,3,2026
Multiple carriers,Delhi,Cochin,1,755,21,5,2019,6,40,19,15,28,9,2026
IndiGo,Delhi,Cochin,1,310,3,3,2019,7,20,12,30,28,9,2026
Jet Airways,Delhi,Cochin,1,550,18,5,2019,19,15,4,25,19,5,2026
Jet Airways,Kolkata,Banglore,1,1315,18,5,2019,14,5,12,0,19,5,2026
Jet Airways,Banglore,Delhi,0,180,6,6,2019,19,50,22,50,28,9,2026
IndiGo,Kolkata,Banglore,0,155,24,5,2019,4,40,7,15,28,9,2026
Vistara,Kolkata,Banglore,1,1640,18,5,2019,17,0,20,20,19,5,2026
Air India,Banglore,New Delhi,0,170,3,3,2019,13,20,16,10,28,9,2026
IndiGo,Kolkata,Banglore,1,240,5,1,2019,6,20,10,20,28,9,2026
IndiGo,Delhi,Cochin,1,860,24,6,2019,6,40,21,0,28,9,2026
GoAir,Banglore,Delhi,0,165,4,1,2019,20,55,23,40,28,9,2026
Jet Airways,Kolkata,Banglore,1,1630,5,12,2019,20,25,23,35,13,5,2026
SpiceJet,Kolkata,Banglore,1,330,6,12,2019,15,55,21,25,28,9,2026
Air India,Banglore,New Delhi,1,1475,3,3,2019,8,15,8,50,3,7,2026
Vistara,Kolkata,Banglore,1,1655,5,1,2019,7,10,10,45,5,2,2026
SpiceJet,Delhi,Cochin,1,295,4,6,2019,17,55,22,50,28,9,2026
Multiple carriers,Delhi,Cochin,1,545,3,9,2019,7,5,16,10,28,9,2026
Jet Airways,Kolkata,Banglore,1,520,5,1,2019,20,0,4,40,5,2,2026
IndiGo,Banglore,Delhi,0,170,15,6,2019,13,0,15,50,28,9,2026
Jet Airways,Banglore,Delhi,0,180,24,6,2019,7,10,10,10,28,9,2026
Multiple carriers,Delhi,Cochin,1,795,21,5,2019,6,0,19,15,28,9,2026
Jet Airways,Kolkata,Banglore,1,705,24,5,2019,6,30,18,15,28,9,2026
IndiGo,Delhi,Cochin,1,480,27,3,2019,7,30,15,30,28,9,2026
Multiple carriers,Delhi,Cochin,1,840,27,3,2019,7,0,21,0,28,9,2026
Jet Airways,Delhi,Cochin,2,425,6,12,2019,5,30,12,35,28,9,2026
IndiGo,Kolkata,Banglore,0,160,18,5,2019,21,25,0,5,19,5,2026
Jet Airways,Kolkata,Banglore,1,425,5,12,2019,16,30,23,35,28,9,2026
Air India,Kolkata,Banglore,1,580,5,6,2019,19,0,4,40,5,7,2026
Jet Airways,Mumbai,Hyderabad,0,90,18,3,2019,19,35,21,5,28,9,2026
Jet Airways,Kolkata,Banglore,1,1220,18,5,2019,20,0,16,20,19,5,2026
Jet Airways,Kolkata,Banglore,1,1295,21,5,2019,20,25,18,0,22,5,2026
Air India,Delhi,Cochin,1,675,27,3,2019,8,0,19,15,28,9,2026
Jet Airways,Kolkata,Banglore,1,1450,6,12,2019,9,35,9,45,13,6,2026
Air India,Delhi,Cochin,0,170,21,4,2019,5,10,8,0,28,9,2026
IndiGo,Mumbai,Hyderabad,0,85,15,3,2019,6,20,7,45,28,9,2026
Air India,Delhi,Cochin,1,765,5,9,2019,20,40,9,25,5,10,2026
Vistara,Delhi,Cochin,0,190,5,9,2019,14,40,17,50,28,9,2026
Vistara,Banglore,New Delhi,0,160,3,9,2019,11,30,14,10,28,9,2026
Jet Airways,Banglore,Delhi,0,180,21,4,2019,8,20,11,20,28,9,2026
Jet Airways,Delhi,Cochin,1,1415,21,3,2019,19,15,18,50,22,3,2026
Jet Airways,Banglore,New Delhi,1,1475,3,6,2019,8,55,9,30,3,7,2026
Multiple carriers,Delhi,Cochin,1,930,15,5,2019,10,0,1,30,16,5,2026
Jet Airways,Delhi,Cochin,2,1615,18,5,2019,9,40,12,35,19,5,2026
Vistara,Banglore,Delhi,0,170,27,6,2019,11,30,14,20,28,9,2026
Air India,Kolkata,Banglore,1,625,5,9,2019,10,0,20,25,28,9,2026
IndiGo,Banglore,New Delhi,0,175,3,9,2019,18,25,21,20,28,9,2026
Jet Airways,Banglore,New Delhi,1,760,18,3,2019,5,45,18,25,28,9,2026
Air India,Kolkata,Banglore,0,150,18,6,2019,14,15,16,45,28,9,2026
IndiGo,Delhi,Cochin,1,275,5,9,2019,7,35,12,10,28,9,2026
SpiceJet,Banglore,New Delhi,0,175,24,3,2019,9,35,12,30,28,9,2026
Multiple carriers,Delhi,Cochin,1,385,15,5,2019,12,50,19,15,28,9,2026
Jet Airways,Delhi,Cochin,2,1790,6,9,2019,6,45,12,35,6,10,2026
SpiceJet,Banglore,New Delhi,1,485,3,3,2019,15,35,23,40,28,9,2026
Jet Airways,Banglore,New Delhi,1,375,3,6,2019,14,5,20,20,28,9,2026
Air India,Kolkata,Banglore,2,1320,6,6,2019,14,30,12,30,6,7,2026
IndiGo,Banglore,Delhi,0,170,4,6,2019,10,10,13,0,28,9,2026
Jet Airways,Delhi,Cochin,1,450,21,5,2019,20,55,4,25,22,5,2026
Jet Airways,Delhi,Cochin,1,395,21,5,2019,21,50,4,25,22,5,2026
Multiple carriers,Delhi,Cochin,1,390,27,6,2019,19,0,1,30,28,6,2026
Multiple carriers,Delhi,Cochin,1,385,27,5,2019,9,45,16,10,28,9,2026
Jet Airways,Delhi,Cochin,1,1610,3,9,2019,16,0,18,50,3,10,2026
IndiGo,Delhi,Cochin,1,295,6,3,2019,5,10,10,5,28,9,2026
Jet Airways,Banglore,New Delhi,1,325,3,6,2019,7,0,12,25,28,9,2026
GoAir,Kolkata,Banglore,1,455,21,5,2019,16,40,0,15,22,5,2026
Jet Airways,Delhi,Cochin,1,1280,21,3,2019,7,5,4,25,22,3,2026
Air Asia,Kolkata,Banglore,1,720,5,12,2019,22,40,10,40,13,5,2026
Jet Airways,Delhi,Cochin,1,1165,27,5,2019,9,0,4,25,28,5,2026
Air Asia,Delhi,Cochin,1,340,27,5,2019,16,45,22,25,28,9,2026
Air India,Banglore,Delhi,0,165,27,5,2019,10,0,12,45,28,9,2026
Air India,Banglore,New Delhi,2,1900,3,6,2019,8,50,16,30,3,7,2026
Jet Airways,Delhi,Cochin,2,910,6,3,2019,21,25,12,35,6,4,2026
Multiple carriers,Delhi,Cochin,1,730,6,6,2019,7,5,19,15,28,9,2026
Vistara,Banglore,Delhi,0,170,27,4,2019,11,30,14,20,28,9,2026
Jet Airways,Delhi,Cochin,1,395,6,3,2019,21,50,4,25,6,4,2026
Jet Airways,Delhi,Cochin,2,505,6,12,2019,20,0,4,25,13,6,2026
IndiGo,Delhi,Cochin,1,305,6,1,2019,20,25,1,30,6,2,2026
IndiGo,Banglore,Delhi,0,175,6,1,2019,18,55,21,50,28,9,2026
Air India,Mumbai,Hyderabad,0,90,6,6,2019,13,55,15,25,28,9,2026
Jet Airways,Banglore,New Delhi,0,175,24,3,2019,8,20,11,15,28,9,2026
IndiGo,Mumbai,Hyderabad,0,90,5,12,2019,9,10,10,40,28,9,2026
Air India,Banglore,New Delhi,0,165,24,3,2019,10,0,12,45,28,9,2026
Air India,Kolkata,Banglore,2,1195,15,5,2019,12,0,7,55,16,5,2026
Multiple carriers,Delhi,Cochin,1,900,24,6,2019,6,0,21,0,28,9,2026
IndiGo,Kolkata,Banglore,1,295,6,6,2019,9,20,14,15,28,9,2026
Air India,Delhi,Cochin,1,965,3,9,2019,17,20,9,25,3,10,2026
Air India,Kolkata,Banglore,2,1390,5,6,2019,12,0,11,10,5,7,2026
IndiGo,Delhi,Cochin,1,345,6,9,2019,2,0,7,45,28,9,2026
Air India,Kolkata,Banglore,2,2480,24,3,2019,5,55,23,15,25,3,2026
IndiGo,Delhi,Cochin,1,895,6,1,2019,10,35,1,30,6,2,2026
Air Asia,Delhi,Cochin,1,330,21,3,2019,16,45,22,15,28,9,2026
Multiple carriers,Delhi,Cochin,1,570,18,5,2019,11,30,21,0,28,9,2026
Vistara,Chennai,Kolkata,0,135,21,5,2019,7,5,9,20,28,9,2026
Vistara Premium economy,Chennai,Kolkata,0,135,3,1,2019,7,5,9,20,28,9,2026
Jet Airways,Kolkata,Banglore,1,775,6,9,2019,21,10,10,5,6,10,2026
Air India,Banglore,Delhi,0,165,6,3,2019,10,0,12,45,28,9,2026
GoAir,Delhi,Cochin,1,310,6,1,2019,14,25,19,35,28,9,2026
IndiGo,Kolkata,Banglore,1,280,6,9,2019,17,35,22,15,28,9,2026
Jet Airways,Kolkata,Banglore,1,845,5,6,2019,20,0,10,5,5,7,2026
IndiGo,Mumbai,Hyderabad,0,90,24,5,2019,9,10,10,40,28,9,2026
Air India,Delhi,Cochin,1,375,6,12,2019,13,0,19,15,28,9,2026
Air India,Delhi,Cochin,1,765,3,6,2019,20,40,9,25,3,7,2026
Jet Airways,Banglore,New Delhi,1,1220,3,1,2019,22,50,19,10,3,2,2026
IndiGo,Banglore,Delhi,0,175,4,9,2019,7,10,10,5,28,9,2026
Air India,Delhi,Cochin,0,185,3,3,2019,18,5,21,10,28,9,2026
Air India,Kolkata,Banglore,1,555,15,5,2019,7,0,16,15,28,9,2026
Jet Airways,Delhi,Cochin,2,560,5,9,2019,9,40,19,0,28,9,2026
Jet Airways,Banglore,New Delhi,1,1400,3,3,2019,5,45,5,5,3,7,2026
IndiGo,Delhi,Cochin,1,415,6,12,2019,18,35,1,30,13,6,2026
Air India,Delhi,Cochin,0,170,15,5,2019,5,10,8,0,28,9,2026
IndiGo,Delhi,Cochin,1,305,27,6,2019,20,25,1,30,28,6,2026
Air India,Delhi,Cochin,1,1010,21,4,2019,6,10,23,0,28,9,2026
Jet Airways,Banglore,New Delhi,1,375,21,3,2019,14,5,20,20,28,9,2026
Air India,Kolkata,Banglore,1,545,5,9,2019,9,25,18,30,28,9,2026
Air India,Kolkata,Banglore,2,1830,5,9,2019,12,0,18,30,5,10,2026
SpiceJet,Kolkata,Banglore,0,140,5,6,2019,22,20,0,40,5,7,2026
Multiple carriers,Delhi,Cochin,1,720,21,5,2019,7,0,19,0,28,9,2026
SpiceJet,Banglore,New Delhi,0,170,3,3,2019,5,45,8,35,28,9,2026
Jet Airways,Banglore,Delhi,0,185,6,3,2019,18,55,22,0,28,9,2026
Jet Airways,Delhi,Cochin,1,1295,6,12,2019,15,0,12,35,13,6,2026
Multiple carriers,Delhi,Cochin,1,690,6,3,2019,7,30,19,0,28,9,2026
Multiple carriers,Delhi,Cochin,1,660,27,5,2019,8,0,19,0,28,9,2026
Multiple carriers,Delhi,Cochin,1,915,27,3,2019,10,20,1,35,28,3,2026
Jet Airways,Delhi,Cochin,2,425,18,5,2019,5,30,12,35,28,9,2026
SpiceJet,Kolkata,Banglore,0,150,21,4,2019,17,10,19,40,28,9,2026
Air Asia,Kolkata,Banglore,0,155,5,3,2019,10,20,12,55,28,9,2026
Multiple carriers,Delhi,Cochin,1,705,6,3,2019,7,30,19,15,28,9,2026
Jet Airways,Mumbai,Hyderabad,0,90,15,3,2019,15,50,17,20,28,9,2026
IndiGo,Chennai,Kolkata,0,140,6,9,2019,13,15,15,35,28,9,2026
Multiple carriers,Delhi,Cochin,1,755,15,6,2019,6,40,19,15,28,9,2026
Jet Airways,Kolkata,Banglore,1,1655,21,5,2019,20,0,23,35,22,5,2026
Air India,Mumbai,Hyderabad,0,90,21,3,2019,13,55,15,25,28,9,2026
Multiple carriers,Delhi,Cochin,1,630,5,9,2019,8,45,19,15,28,9,2026
Air India,Kolkata,Banglore,2,1200,24,5,2019,9,25,5,25,25,5,2026
Jet Airways,Mumbai,Hyderabad,0,90,5,12,2019,19,35,21,5,28,9,2026
SpiceJet,Kolkata,Banglore,0,155,27,5,2019,6,55,9,30,28,9,2026
SpiceJet,Kolkata,Banglore,0,150,4,12,2019,17,10,19,40,28,9,2026
Air India,Delhi,Cochin,2,1820,27,6,2019,12,55,19,15,28,6,2026
Jet Airways,Kolkata,Banglore,1,1640,6,12,2019,16,30,19,50,13,6,2026
Jet Airways,Delhi,Cochin,1,600,6,6,2019,9,0,19,0,28,9,2026
Jet Airways,Kolkata,Banglore,1,590,4,1,2019,6,30,16,20,28,9,2026
Air India,Delhi,Cochin,2,1470,6,9,2019,18,45,19,15,6,10,2026
IndiGo,Kolkata,Banglore,1,315,4,1,2019,21,0,2,15,4,2,2026
Jet Airways,Kolkata,Banglore,1,800,5,6,2019,6,30,19,50,28,9,2026
Jet Airways,Kolkata,Banglore,1,570,15,5,2019,14,5,23,35,28,9,2026
Multiple carriers,Delhi,Cochin,1,540,6,12,2019,7,10,16,10,28,9,2026
Air India,Delhi,Cochin,2,1580,6,3,2019,16,55,19,15,6,4,2026
Multiple carriers,Delhi,Cochin,1,455,6,3,2019,14,55,22,30,28,9,2026
Vistara,Kolkata,Banglore,1,1580,24,5,2019,20,20,22,40,25,5,2026
Air India,Kolkata,Banglore,2,1915,15,5,2019,9,25,17,20,16,5,2026
Vistara,Banglore,Delhi,0,170,21,5,2019,9,45,12,35,28,9,2026
GoAir,Banglore,Delhi,0,175,24,6,2019,7,45,10,40,28,9,2026
IndiGo,Mumbai,Hyderabad,0,85,3,9,2019,6,20,7,45,28,9,2026
Jet Airways,Kolkata,Banglore,1,435,6,12,2019,10,20,17,35,28,9,2026
Air India,Delhi,Cochin,1,795,27,6,2019,9,45,23,0,28,9,2026
Air India,Banglore,New Delhi,2,1075,15,3,2019,5,50,23,45,28,9,2026
Jet Airways,Delhi,Cochin,2,1390,24,6,2019,13,25,12,35,25,6,2026
Air India,Delhi,Cochin,2,1600,15,5,2019,5,0,7,40,16,5,2026
IndiGo,Mumbai,Hyderabad,0,90,5,6,2019,21,20,22,50,28,9,2026
Vistara,Chennai,Kolkata,0,135,21,6,2019,7,5,9,20,28,9,2026
Jet Airways,Kolkata,Banglore,1,1485,6,9,2019,20,0,20,45,6,10,2026
Multiple carriers,Delhi,Cochin,2,460,18,5,2019,17,50,1,30,19,5,2026
Air India,Delhi,Cochin,1,735,27,6,2019,7,0,19,15,28,9,2026
SpiceJet,Delhi,Cochin,1,380,6,9,2019,15,45,22,5,28,9,2026
Jet Airways,Banglore,New Delhi,1,280,18,3,2019,5,45,10,25,28,9,2026
Jet Airways,Kolkata,Banglore,1,1495,5,1,2019,8,25,9,20,5,2,2026
IndiGo,Banglore,Delhi,0,180,27,4,2019,21,15,0,15,28,4,2026
Air India,Banglore,New Delhi,1,480,21,3,2019,11,50,19,50,28,9,2026
Air India,Delhi,Cochin,2,1545,3,3,2019,5,55,7,40,3,4,2026
IndiGo,Kolkata,Banglore,0,155,5,1,2019,20,20,22,55,28,9,2026
IndiGo,Kolkata,Banglore,1,285,24,3,2019,8,15,13,0,28,9,2026
IndiGo,Delhi,Cochin,1,890,27,3,2019,10,45,1,35,28,3,2026
Jet Airways,Delhi,Cochin,2,1195,18,5,2019,23,5,19,0,19,5,2026
Multiple carriers,Delhi,Cochin,1,930,6,12,2019,10,0,1,30,13,6,2026
Vistara,Banglore,Delhi,0,155,15,5,2019,17,0,19,35,28,9,2026
SpiceJet,Kolkata,Banglore,0,150,4,6,2019,17,10,19,40,28,9,2026
Multiple carriers,Delhi,Cochin,1,520,5,1,2019,10,20,19,0,28,9,2026
Jet Airways,Banglore,New Delhi,1,1310,3,1,2019,11,40,9,30,3,2,2026
Air Asia,Delhi,Cochin,1,870,27,4,2019,7,55,22,25,28,9,2026
Jet Airways,Banglore,New Delhi,0,160,21,3,2019,19,55,22,35,28,9,2026
Jet Airways,Delhi,Cochin,1,450,5,9,2019,20,55,4,25,5,10,2026
GoAir,Banglore,Delhi,0,170,15,5,2019,11,40,14,30,28,9,2026
Jet Airways,Banglore,Delhi,0,180,6,6,2019,7,10,10,10,28,9,2026
Jet Airways,Mumbai,Hyderabad,2,1665,3,6,2019,13,5,16,50,3,7,2026
SpiceJet,Chennai,Kolkata,0,140,3,6,2019,17,45,20,5,28,9,2026
Multiple carriers,Delhi,Cochin,1,910,5,9,2019,10,20,1,30,5,10,2026
Jet Airways,Banglore,Delhi,0,180,21,6,2019,19,50,22,50,28,9,2026
IndiGo,Delhi,Cochin,1,975,3,6,2019,4,45,21,0,28,9,2026
Jet Airways,Delhi,Cochin,1,450,4,6,2019,11,30,19,0,28,9,2026
IndiGo,Delhi,Cochin,1,895,15,6,2019,10,35,1,30,16,6,2026
Air India,Kolkata,Banglore,2,1210,6,9,2019,9,25,5,35,6,10,2026
IndiGo,Delhi,Cochin,1,490,15,6,2019,14,20,22,30,28,9,2026
Air India,Kolkata,Banglore,1,675,5,12,2019,9,50,21,5,28,9,2026
Jet Airways,Delhi,Cochin,2,1295,6,1,2019,21,25,19,0,6,2,2026
Multiple carriers,Delhi,Cochin,1,375,3,6,2019,7,5,13,20,28,9,2026
Air India,Delhi,Cochin,2,1820,21,3,2019,12,55,19,15,22,3,2026
Jet Airways,Delhi,Cochin,2,1420,21,3,2019,19,10,18,50,22,3,2026
Multiple carriers,Delhi,Cochin,1,375,27,5,2019,13,0,19,15,28,9,2026
Air India,Mumbai,Hyderabad,0,75,4,3,2019,19,30,20,45,28,9,2026
Jet Airways,Kolkata,Banglore,1,400,6,12,2019,14,5,20,45,28,9,2026
Jet Airways,Delhi,Cochin,2,810,21,5,2019,5,30,19,0,28,9,2026
IndiGo,Kolkata,Banglore,0,155,18,3,2019,15,10,17,45,28,9,2026
IndiGo,Delhi,Cochin,0,195,6,1,2019,14,25,17,40,28,9,2026
Air India,Delhi,Cochin,1,765,21,3,2019,20,40,9,25,22,3,2026
Jet Airways,Kolkata,Banglore,1,435,5,9,2019,10,20,17,35,28,9,2026
Air India,Kolkata,Banglore,2,1045,6,12,2019,5,50,23,15,28,9,2026
Multiple carriers,Delhi,Cochin,1,930,27,5,2019,10,0,1,30,28,5,2026
Air India,Kolkata,Banglore,2,1195,24,5,2019,12,0,7,55,25,5,2026
Jet Airways,Delhi,Cochin,2,810,6,6,2019,5,30,19,0,28,9,2026
Jet Airways,Banglore,Delhi,0,180,21,6,2019,17,45,20,45,28,9,2026
IndiGo,Delhi,Cochin,1,570,3,9,2019,6,40,16,10,28,9,2026
Jet Airways,Kolkata,Banglore,1,690,5,12,2019,9,35,21,5,28,9,2026
Air India,Mumbai,Hyderabad,0,90,27,3,2019,13,55,15,25,28,9,2026
SpiceJet,Mumbai,Hyderabad,0,90,15,6,2019,13,15,14,45,28,9,2026
Air India,Delhi,Cochin,0,170,18,6,2019,5,10,8,0,28,9,2026
Air India,Banglore,New Delhi,0,165,3,3,2019,10,0,12,45,28,9,2026
Multiple carriers,Delhi,Cochin,1,395,3,1,2019,19,0,1,35,3,2,2026
IndiGo,Kolkata,Banglore,0,170,24,3,2019,5,30,8,20,28,9,2026
Jet Airways,Delhi,Cochin,1,1655,21,5,2019,9,0,12,35,22,5,2026
Vistara,Banglore,New Delhi,0,160,18,3,2019,19,40,22,20,28,9,2026
SpiceJet,Kolkata,Banglore,1,340,24,3,2019,15,5,20,45,28,9,2026
Jet Airways,Kolkata,Banglore,1,1480,5,12,2019,20,25,21,5,13,5,2026
IndiGo,Mumbai,Hyderabad,0,95,21,5,2019,20,5,21,40,28,9,2026
IndiGo,Banglore,New Delhi,0,175,3,3,2019,20,0,22,55,28,9,2026
IndiGo,Delhi,Cochin,1,345,15,6,2019,2,0,7,45,28,9,2026
IndiGo,Delhi,Cochin,1,750,15,5,2019,8,30,21,0,28,9,2026
Air India,Delhi,Cochin,1,965,18,5,2019,17,20,9,25,19,5,2026
Jet Airways,Mumbai,Hyderabad,0,90,18,3,2019,2,55,4,25,28,9,2026
Jet Airways,Delhi,Cochin,1,1015,3,6,2019,11,30,4,25,3,7,2026
SpiceJet,Kolkata,Banglore,0,150,27,4,2019,17,10,19,40,28,9,2026
IndiGo,Delhi,Cochin,1,480,15,5,2019,17,30,1,30,16,5,2026
Jet Airways,Kolkata,Banglore,1,800,5,12,2019,20,25,9,45,13,5,2026
Jet Airways,Mumbai,Hyderabad,0,90,21,6,2019,19,35,21,5,28,9,2026
IndiGo,Banglore,New Delhi,0,180,3,3,2019,8,30,11,30,28,9,2026
Jet Airways,Kolkata,Banglore,1,705,5,1,2019,6,30,18,15,28,9,2026
Jet Airways,Delhi,Cochin,2,1760,18,5,2019,23,5,4,25,20,5,2026
Jet Airways,Delhi,Cochin,2,1760,27,5,2019,23,5,4,25,29,5,2026
Air India,Kolkata,Banglore,1,745,6,6,2019,9,25,21,50,28,9,2026
SpiceJet,Banglore,Delhi,0,160,24,4,2019,5,55,8,35,28,9,2026
Air India,Kolkata,Banglore,2,1200,21,5,2019,9,25,5,25,22,5,2026
SpiceJet,Banglore,New Delhi,1,475,3,1,2019,10,20,18,15,28,9,2026
Air India,Delhi,Cochin,2,1420,15,5,2019,9,45,9,25,16,5,2026
Jet Airways,Delhi,Cochin,1,1425,6,1,2019,19,15,19,0,6,2,2026
IndiGo,Chennai,Kolkata,0,140,24,5,2019,13,15,15,35,28,9,2026
Multiple carriers,Delhi,Cochin,2,630,3,3,2019,15,5,1,35,3,4,2026
Jet Airways,Kolkata,Banglore,1,740,5,12,2019,8,25,20,45,28,9,2026
Multiple carriers,Delhi,Cochin,1,420,18,5,2019,14,0,21,0,28,9,2026
IndiGo,Delhi,Cochin,1,345,6,3,2019,21,50,3,35,6,4,2026
Multiple carriers,Delhi,Cochin,1,840,6,12,2019,7,0,21,0,28,9,2026
Multiple carriers,Delhi,Cochin,2,460,27,5,2019,17,50,1,30,28,5,2026
Multiple carriers,Delhi,Cochin,1,675,3,9,2019,8,0,19,15,28,9,2026
SpiceJet,Chennai,Kolkata,0,140,5,1,2019,17,45,20,5,28,9,2026
Jet Airways,Kolkata,Banglore,1,1545,4,1,2019,6,30,8,15,4,2,2026
Jet Airways,Kolkata,Banglore,1,1295,5,6,2019,20,25,18,0,5,7,2026
Multiple carriers,Delhi,Cochin,1,910,27,3,2019,7,10,22,20,28,9,2026
Multiple carriers,Delhi,Cochin,1,630,21,5,2019,8,30,19,0,28,9,2026
Multiple carriers,Delhi,Cochin,1,900,15,5,2019,6,0,21,0,28,9,2026
Air India,Kolkata,Banglore,2,1165,18,5,2019,10,0,5,25,19,5,2026
IndiGo,Kolkata,Banglore,0,155,4,9,2019,20,20,22,55,28,9,2026
Jet Airways,Delhi,Cochin,1,1505,27,5,2019,11,30,12,35,28,5,2026
Air India,Banglore,New Delhi,0,165,18,3,2019,17,0,19,45,28,9,2026
Jet Airways,Delhi,Cochin,1,1225,21,5,2019,8,0,4,25,22,5,2026
Jet Airways,Kolkata,Banglore,1,1495,4,1,2019,8,25,9,20,4,2,2026
GoAir,Delhi,Cochin,1,540,15,4,2019,10,35,19,35,28,9,2026
Jet Airways,Kolkata,Banglore,1,730,15,5,2019,21,10,9,20,16,5,2026
Air India,Delhi,Cochin,1,1590,3,9,2019,20,30,23,0,3,10,2026
Air India,Banglore,New Delhi,2,875,3,12,2019,8,50,23,25,28,9,2026
IndiGo,Delhi,Cochin,1,345,21,3,2019,2,0,7,45,28,9,2026
Jet Airways,Kolkata,Banglore,1,875,5,1,2019,14,5,4,40,5,2,2026
Multiple carriers,Delhi,Cochin,1,390,27,3,2019,9,0,15,30,28,9,2026
Jet Airways,Delhi,Cochin,2,1025,27,6,2019,19,30,12,35,28,6,2026
IndiGo,Delhi,Cochin,1,675,3,6,2019,4,55,16,10,28,9,2026
Air India,Kolkata,Banglore,0,155,15,3,2019,20,45,23,20,28,9,2026
Air India,Delhi,Cochin,1,1535,6,6,2019,5,15,6,50,6,7,2026
IndiGo,Delhi,Cochin,1,560,6,6,2019,6,50,16,10,28,9,2026
Air India,Banglore,New Delhi,1,1405,3,3,2019,0,30,23,55,28,9,2026
Air Asia,Kolkata,Banglore,0,155,6,9,2019,10,20,12,55,28,9,2026
Air India,Delhi,Cochin,1,1660,3,6,2019,4,0,7,40,3,7,2026
SpiceJet,Banglore,Delhi,0,160,21,6,2019,5,55,8,35,28,9,2026
Jet Airways,Banglore,Delhi,0,185,24,6,2019,18,55,22,0,28,9,2026
IndiGo,Banglore,Delhi,0,170,24,6,2019,10,10,13,0,28,9,2026
Jet Airways,Banglore,Delhi,0,175,18,6,2019,11,10,14,5,28,9,2026
IndiGo,Delhi,Cochin,1,860,3,6,2019,6,40,21,0,28,9,2026
Jet Airways,Delhi,Cochin,1,360,5,9,2019,13,0,19,0,28,9,2026
IndiGo,Chennai,Kolkata,0,140,6,6,2019,14,45,17,5,28,9,2026
IndiGo,Mumbai,Hyderabad,0,90,5,12,2019,19,5,20,35,28,9,2026
IndiGo,Banglore,Delhi,0,170,24,5,2019,20,0,22,50,28,9,2026
Air India,Delhi,Cochin,2,865,6,9,2019,17,15,7,40,6,10,2026
Multiple carriers,Delhi,Cochin,1,520,27,6,2019,10,35,19,15,28,9,2026
Multiple carriers,Delhi,Cochin,1,465,27,5,2019,17,45,1,30,28,5,2026
Jet Airways,Delhi,Cochin,1,1225,27,5,2019,8,0,4,25,28,5,2026
IndiGo,Banglore,Delhi,0,170,24,4,2019,13,0,15,50,28,9,2026
GoAir,Delhi,Cochin,1,540,21,4,2019,10,35,19,35,28,9,2026
Jet Airways,Kolkata,Banglore,1,1335,24,3,2019,6,30,4,45,25,3,2026
Multiple carriers,Delhi,Cochin,1,570,27,5,2019,16,0,1,30,28,5,2026
Air India,Mumbai,Hyderabad,2,150,3,6,2019,17,20,14,50,28,9,2026
Jet Airways,Delhi,Cochin,1,1015,27,3,2019,11,30,4,25,28,3,2026
Jet Airways,Delhi,Cochin,0,195,18,5,2019,11,0,14,15,28,9,2026
IndiGo,Delhi,Cochin,1,300,21,3,2019,5,5,10,5,28,9,2026
IndiGo,Kolkata,Banglore,1,265,21,5,2019,19,20,23,45,28,9,2026
Jet Airways,Mumbai,Hyderabad,0,85,15,5,2019,2,55,4,20,28,9,2026
Air India,Banglore,New Delhi,0,165,3,9,2019,10,0,12,45,28,9,2026
IndiGo,Banglore,Delhi,0,170,15,4,2019,10,10,13,0,28,9,2026
Jet Airways,Mumbai,Hyderabad,0,90,6,1,2019,10,20,11,50,28,9,2026
Air India,Mumbai,Hyderabad,0,75,5,9,2019,19,30,20,45,28,9,2026
IndiGo,Delhi,Cochin,1,355,21,3,2019,7,45,13,40,28,9,2026
Jet Airways,Delhi,Cochin,2,1125,21,5,2019,9,40,4,25,22,5,2026
IndiGo,Kolkata,Banglore,0,150,18,6,2019,14,25,16,55,28,9,2026
SpiceJet,Mumbai,Hyderabad,0,90,4,3,2019,5,45,7,15,28,9,2026
IndiGo,Delhi,Cochin,1,500,27,5,2019,17,10,1,30,28,5,2026
Multiple carriers,Delhi,Cochin,1,690,15,5,2019,14,0,1,30,16,5,2026
Air India,Delhi,Cochin,1,735,24,5,2019,7,0,19,15,28,9,2026
Air India,Kolkata,Banglore,2,1530,4,1,2019,16,50,18,20,4,2,2026
Air India,Delhi,Cochin,2,1580,6,9,2019,7,5,9,25,6,10,2026
Air India,Kolkata,Banglore,1,805,6,9,2019,7,0,20,25,28,9,2026
Jet Airways,Kolkata,Banglore,1,1540,4,1,2019,20,25,22,5,4,2,2026
Jet Airways,Banglore,Delhi,0,180,4,6,2019,19,50,22,50,28,9,2026
Multiple carriers,Delhi,Cochin,1,395,27,3,2019,19,0,1,35,28,3,2026
Jet Airways,Delhi,Cochin,1,1295,5,9,2019,15,0,12,35,5,10,2026
GoAir,Delhi,Cochin,1,370,4,3,2019,7,25,13,35,28,9,2026
IndiGo,Kolkata,Banglore,0,155,18,6,2019,22,15,0,50,19,6,2026
GoAir,Banglore,Delhi,0,165,4,3,2019,20,55,23,40,28,9,2026
Jet Airways,Mumbai,Hyderabad,0,90,15,5,2019,10,20,11,50,28,9,2026
Jet Airways,Kolkata,Banglore,1,1595,6,6,2019,20,0,22,35,6,7,2026
Vistara,Banglore,New Delhi,0,160,3,3,2019,11,30,14,10,28,9,2026
Multiple carriers,Delhi,Cochin,1,385,6,3,2019,12,50,19,15,28,9,2026
Air India,Delhi,Cochin,1,735,4,9,2019,7,0,19,15,28,9,2026
Air India,Delhi,Cochin,2,1490,15,6,2019,6,50,7,40,16,6,2026
Multiple carriers,Delhi,Cochin,2,625,5,9,2019,15,5,1,30,5,10,2026
Jet Airways,Banglore,Delhi,0,180,21,5,2019,19,50,22,50,28,9,2026
IndiGo,Kolkata,Banglore,0,155,6,6,2019,17,15,19,50,28,9,2026
Air India,Kolkata,Banglore,2,955,24,3,2019,9,25,1,20,25,3,2026
Air India,Delhi,Cochin,2,1210,18,5,2019,13,15,9,25,19,5,2026
Air India,Delhi,Cochin,0,185,24,6,2019,18,5,21,10,28,9,2026
Air India,Delhi,Cochin,2,1395,6,6,2019,20,0,19,15,6,7,2026
Multiple carriers,Delhi,Cochin,1,630,15,5,2019,8,45,19,15,28,9,2026
Jet Airways,Delhi,Cochin,2,1300,6,12,2019,6,45,4,25,13,6,2026
Air India,Banglore,Delhi,0,165,6,9,2019,6,10,8,55,28,9,2026
Air India,Kolkata,Banglore,2,1700,5,9,2019,9,25,13,45,5,10,2026
IndiGo,Mumbai,Hyderabad,0,90,6,6,2019,9,15,10,45,28,9,2026
Air India,Delhi,Cochin,1,375,27,5,2019,13,0,19,15,28,9,2026
IndiGo,Delhi,Cochin,1,575,3,3,2019,16,0,1,35,3,4,2026
Air Asia,Kolkata,Banglore,0,150,18,3,2019,22,50,1,20,19,3,2026
Air India,Kolkata,Banglore,1,1540,4,1,2019,16,50,18,30,4,2,2026
Jet Airways,Delhi,Cochin,1,1040,21,5,2019,19,15,12,35,22,5,2026
Jet Airways,Delhi,Cochin,2,1760,5,9,2019,23,5,4,25,5,11,2026
SpiceJet,Kolkata,Banglore,0,155,18,6,2019,6,55,9,30,28,9,2026
Multiple carriers,Delhi,Cochin,1,900,5,9,2019,6,0,21,0,28,9,2026
Air India,Delhi,Cochin,2,1410,3,6,2019,19,45,19,15,3,7,2026
IndiGo,Banglore,Delhi,0,175,5,1,2019,7,10,10,5,28,9,2026
Multiple carriers,Delhi,Cochin,1,720,27,3,2019,9,0,21,0,28,9,2026
Air India,Delhi,Cochin,2,1580,18,5,2019,7,5,9,25,19,5,2026
Air Asia,Banglore,Delhi,0,170,21,4,2019,23,55,2,45,22,4,2026
Jet Airways,Kolkata,Banglore,1,960,5,9,2019,20,0,12,0,5,10,2026
IndiGo,Delhi,Cochin,1,490,18,5,2019,14,20,22,30,28,9,2026
Jet Airways,Kolkata,Banglore,1,365,5,12,2019,16,30,22,35,28,9,2026
Jet Airways,Banglore,Delhi,0,180,18,6,2019,8,20,11,20,28,9,2026
Multiple carriers,Delhi,Cochin,1,485,3,3,2019,17,30,1,35,3,4,2026
IndiGo,Banglore,Delhi,0,170,6,1,2019,4,0,6,50,28,9,2026
SpiceJet,Kolkata,Banglore,0,140,4,1,2019,22,20,0,40,4,2,2026
Jet Airways,Kolkata,Banglore,1,475,18,5,2019,8,25,16,20,28,9,2026
Air India,Delhi,Cochin,2,1545,6,9,2019,5,55,7,40,6,10,2026
Multiple carriers,Delhi,Cochin,1,490,3,9,2019,17,25,1,35,3,10,2026
Jet Airways,Kolkata,Banglore,1,775,6,6,2019,21,10,10,5,6,7,2026
Jet Airways,Delhi,Cochin,1,745,3,3,2019,16,0,4,25,3,4,2026
Jet Airways,Kolkata,Banglore,1,800,4,1,2019,6,30,19,50,28,9,2026
Multiple carriers,Delhi,Cochin,1,455,5,9,2019,11,25,19,0,28,9,2026
Air India,Delhi,Cochin,1,1255,15,5,2019,12,30,9,25,16,5,2026
IndiGo,Kolkata,Banglore,1,315,6,9,2019,15,15,20,30,28,9,2026
Air Asia,Banglore,Delhi,0,170,4,3,2019,23,55,2,45,4,4,2026
Jet Airways,Kolkata,Banglore,1,740,6,9,2019,8,25,20,45,28,9,2026
Air India,Kolkata,Banglore,2,1165,24,5,2019,10,0,5,25,25,5,2026
Air India,Kolkata,Banglore,2,1185,5,1,2019,16,45,12,30,5,2,2026
Jet Airways,Delhi,Cochin,2,1025,6,12,2019,19,30,12,35,13,6,2026
Jet Airways,Kolkata,Banglore,1,345,21,5,2019,14,5,19,50,28,9,2026
Jet Airways,Kolkata,Banglore,1,1430,5,12,2019,16,30,16,20,13,5,2026
Jet Airways,Kolkata,Banglore,1,425,6,6,2019,16,30,23,35,28,9,2026
Jet Airways,Kolkata,Banglore,1,1575,15,5,2019,14,5,16,20,16,5,2026
IndiGo,Kolkata,Banglore,0,155,4,12,2019,22,15,0,50,13,4,2026
Vistara,Kolkata,Banglore,1,1640,5,6,2019,17,0,20,20,5,7,2026
Jet Airways,Kolkata,Banglore,1,510,15,5,2019,14,5,22,35,28,9,2026
Multiple carriers,Delhi,Cochin,1,860,5,9,2019,4,55,19,15,28,9,2026
IndiGo,Delhi,Cochin,1,825,3,6,2019,8,35,22,20,28,9,2026
Multiple carriers,Delhi,Cochin,1,750,18,5,2019,13,0,1,30,19,5,2026
Vistara,Kolkata,Banglore,1,1625,6,6,2019,20,20,23,25,6,7,2026
Jet Airways,Banglore,New Delhi,1,615,3,9,2019,21,25,7,40,13,3,2026
Jet Airways,Kolkata,Banglore,1,1655,4,1,2019,8,25,12,0,4,2,2026
Vistara,Banglore,New Delhi,1,1665,3,9,2019,6,40,10,25,13,3,2026
Jet Airways,Banglore,New Delhi,1,370,15,3,2019,9,45,15,55,28,9,2026
Jet Airways,Delhi,Cochin,1,660,15,6,2019,8,0,19,0,28,9,2026
SpiceJet,Banglore,Delhi,0,175,4,1,2019,21,10,0,5,4,2,2026
Air India,Banglore,New Delhi,1,1200,3,1,2019,0,30,20,30,28,9,2026
IndiGo,Banglore,New Delhi,1,300,3,3,2019,19,35,0,35,3,7,2026
IndiGo,Chennai,Kolkata,0,140,6,6,2019,22,5,0,25,6,7,2026
IndiGo,Banglore,Delhi,0,170,5,12,2019,22,10,1,0,13,5,2026
Multiple carriers,Delhi,Cochin,1,845,5,9,2019,4,55,19,0,28,9,2026
Jet Airways,Delhi,Cochin,1,360,6,6,2019,13,0,19,0,28,9,2026
Jet Airways,Delhi,Cochin,1,455,3,9,2019,20,50,4,25,3,10,2026
Multiple carriers,Delhi,Cochin,1,765,3,6,2019,12,50,1,35,3,7,2026
IndiGo,Kolkata,Banglore,0,155,5,1,2019,11,30,14,5,28,9,2026
Air India,Banglore,New Delhi,1,920,3,9,2019,22,0,13,20,13,3,2026
IndiGo,Delhi,Cochin,1,420,27,3,2019,18,35,1,35,28,3,2026
Jet Airways,Delhi,Cochin,2,600,6,9,2019,18,25,4,25,6,10,2026
Jet Airways,Mumbai,Hyderabad,0,85,3,6,2019,7,10,8,35,28,9,2026
Air India,Chennai,Kolkata,0,135,21,3,2019,11,40,13,55,28,9,2026
Vistara,Banglore,Delhi,0,165,15,5,2019,19,30,22,15,28,9,2026
IndiGo,Delhi,Cochin,1,415,4,9,2019,18,35,1,30,4,10,2026
Air India,Delhi,Cochin,2,2240,21,5,2019,5,55,19,15,22,5,2026
Multiple carriers,Delhi,Cochin,1,645,15,6,2019,8,30,19,15,28,9,2026
Jet Airways,Banglore,Delhi,0,180,6,1,2019,8,20,11,20,28,9,2026
Jet Airways,Delhi,Cochin,1,655,6,1,2019,17,30,4,25,6,2,2026
IndiGo,Banglore,New Delhi,0,170,15,3,2019,23,30,2,20,16,3,2026
IndiGo,Kolkata,Banglore,0,155,5,9,2019,22,15,0,50,5,10,2026
IndiGo,Kolkata,Banglore,1,330,5,6,2019,7,10,12,40,28,9,2026
SpiceJet,Chennai,Kolkata,0,135,5,9,2019,8,20,10,35,28,9,2026
Jet Airways,Kolkata,Banglore,1,1695,6,12,2019,16,30,20,45,13,6,2026
IndiGo,Mumbai,Hyderabad,0,90,24,5,2019,21,20,22,50,28,9,2026
Jet Airways,Banglore,Delhi,0,175,27,4,2019,11,10,14,5,28,9,2026
SpiceJet,Delhi,Cochin,1,270,24,6,2019,8,45,13,15,28,9,2026
Jet Airways,Delhi,Cochin,2,1125,6,6,2019,9,40,4,25,6,7,2026
Jet Airways,Kolkata,Banglore,1,870,4,1,2019,20,25,10,55,4,2,2026
Multiple carriers,Delhi,Cochin,1,525,6,12,2019,3,50,12,35,28,9,2026
Multiple carriers,Delhi,Cochin,1,780,27,6,2019,8,0,21,0,28,9,2026
Multiple carriers,Delhi,Cochin,1,630,24,6,2019,15,0,1,30,25,6,2026
Jet Airways,Delhi,Cochin,1,1485,6,12,2019,18,15,19,0,13,6,2026
Jet Airways,Banglore,Delhi,0,165,6,1,2019,6,0,8,45,28,9,2026
Jet Airways,Kolkata,Banglore,1,800,5,9,2019,6,30,19,50,28,9,2026
Jet Airways,Banglore,New Delhi,1,280,3,6,2019,5,45,10,25,28,9,2026
Air India,Delhi,Cochin,2,1210,6,1,2019,13,15,9,25,6,2,2026
Jet Airways,Banglore,New Delhi,1,840,3,6,2019,21,25,11,25,3,7,2026
IndiGo,Delhi,Cochin,1,480,27,6,2019,17,30,1,30,28,6,2026
Jet Airways,Kolkata,Banglore,1,1610,24,3,2019,19,45,22,35,25,3,2026
Air India,Delhi,Cochin,1,520,3,6,2019,23,0,7,40,3,7,2026
GoAir,Delhi,Cochin,1,355,24,4,2019,7,0,12,55,28,9,2026
Multiple carriers,Delhi,Cochin,1,535,5,9,2019,10,20,19,15,28,9,2026
IndiGo,Banglore,New Delhi,0,170,3,9,2019,4,0,6,50,28,9,2026
Multiple carriers,Delhi,Cochin,1,570,27,6,2019,16,0,1,30,28,6,2026
Jet Airways,Kolkata,Banglore,1,1285,18,5,2019,17,0,14,25,19,5,2026
Jet Airways,Kolkata,Banglore,1,505,6,9,2019,9,35,18,0,28,9,2026
IndiGo,Mumbai,Hyderabad,0,90,15,5,2019,16,55,18,25,28,9,2026
SpiceJet,Banglore,Delhi,0,160,21,6,2019,5,55,8,35,28,9,2026
Air India,Kolkata,Banglore,2,875,18,5,2019,5,50,20,25,28,9,2026
Multiple carriers,Delhi,Cochin,1,585,24,6,2019,9,15,19,0,28,9,2026
Jet Airways,Kolkata,Banglore,1,1610,4,1,2019,6,30,9,20,4,2,2026
Jet Airways,Kolkata,Banglore,1,590,15,5,2019,8,25,18,15,28,9,2026
IndiGo,Mumbai,Hyderabad,0,90,5,6,2019,12,0,13,30,28,9,2026
Air India,Delhi,Cochin,2,865,6,1,2019,17,15,7,40,6,2,2026
Jet Airways,Kolkata,Banglore,1,800,4,1,2019,6,30,19,50,28,9,2026
IndiGo,Banglore,Delhi,0,170,21,4,2019,20,0,22,50,28,9,2026
IndiGo,Delhi,Cochin,1,940,6,3,2019,6,50,22,30,28,9,2026
Air India,Kolkata,Banglore,2,1975,24,3,2019,5,40,14,35,25,3,2026
SpiceJet,Chennai,Kolkata,0,140,18,6,2019,17,45,20,5,28,9,2026
Jet Airways,Kolkata,Banglore,1,1685,21,5,2019,17,0,21,5,22,5,2026
IndiGo,Kolkata,Banglore,1,295,6,9,2019,9,20,14,15,28,9,2026
IndiGo,Banglore,Delhi,0,165,15,4,2019,6,5,8,50,28,9,2026
IndiGo,Delhi,Cochin,1,425,3,6,2019,8,25,15,30,28,9,2026
Air India,Mumbai,Hyderabad,0,80,24,5,2019,6,20,7,40,28,9,2026
SpiceJet,Banglore,New Delhi,0,170,3,9,2019,5,45,8,35,28,9,2026
Air India,Banglore,New Delhi,1,1265,3,1,2019,11,50,8,55,3,2,2026
Multiple carriers,Delhi,Cochin,1,465,27,5,2019,11,30,19,15,28,9,2026
Jet Airways,Kolkata,Banglore,1,1545,5,1,2019,6,30,8,15,5,2,2026
Jet Airways,Kolkata,Banglore,1,1090,6,12,2019,14,5,8,15,13,6,2026
IndiGo,Delhi,Cochin,1,420,3,9,2019,18,35,1,35,3,10,2026
Air India,Delhi,Cochin,2,1560,15,5,2019,17,15,19,15,16,5,2026
Multiple carriers,Delhi,Cochin,1,440,4,9,2019,6,0,13,20,28,9,2026
Multiple carriers,Delhi,Cochin,1,690,15,5,2019,7,30,19,0,28,9,2026
SpiceJet,Banglore,Delhi,0,160,27,4,2019,5,55,8,35,28,9,2026
Jet Airways,Kolkata,Banglore,1,1005,21,5,2019,17,0,9,45,22,5,2026
IndiGo,Chennai,Kolkata,0,135,15,3,2019,13,20,15,35,28,9,2026
Jet Airways,Banglore,New Delhi,1,1050,3,6,2019,16,55,10,25,3,7,2026
GoAir,Banglore,Delhi,0,165,6,1,2019,20,55,23,40,28,9,2026
Air India,Banglore,Delhi,0,170,5,9,2019,21,5,23,55,28,9,2026
Jet Airways,Banglore,New Delhi,1,625,21,3,2019,5,45,16,10,28,9,2026
IndiGo,Kolkata,Banglore,0,155,6,6,2019,22,15,0,50,6,7,2026
IndiGo,Banglore,Delhi,0,165,18,6,2019,1,30,4,15,28,9,2026
Air India,Kolkata,Banglore,2,955,24,5,2019,9,25,1,20,25,5,2026
Multiple carriers,Delhi,Cochin,1,660,27,6,2019,10,0,21,0,28,9,2026
IndiGo,Delhi,Cochin,1,415,21,5,2019,18,35,1,30,22,5,2026
Vistara,Banglore,New Delhi,0,160,3,9,2019,7,0,9,40,28,9,2026
Air India,Delhi,Cochin,2,1595,6,6,2019,16,40,19,15,6,7,2026
Jet Airways,Kolkata,Banglore,1,1080,6,6,2019,20,25,14,25,6,7,2026
Air India,Kolkata,Banglore,0,155,21,4,2019,20,45,23,20,28,9,2026
Jet Airways,Delhi,Cochin,1,1355,6,1,2019,14,0,12,35,6,2,2026
Jet Airways,Kolkata,Banglore,1,1575,24,5,2019,14,5,16,20,25,5,2026
Air Asia,Kolkata,Banglore,0,150,27,3,2019,19,35,22,5,28,9,2026
Multiple carriers,Delhi,Cochin,1,570,27,3,2019,6,0,15,30,28,9,2026
Jet Airways,Kolkata,Banglore,1,585,5,1,2019,18,55,4,40,5,2,2026
Jet Airways,Delhi,Cochin,2,1125,6,12,2019,9,40,4,25,13,6,2026
Air India,Kolkata,Banglore,2,970,21,5,2019,16,45,8,55,22,5,2026
Jet Airways,Banglore,Delhi,0,175,6,9,2019,15,15,18,10,28,9,2026
IndiGo,Kolkata,Banglore,1,325,15,5,2019,18,5,23,30,28,9,2026
Jet Airways,Kolkata,Banglore,1,1550,6,9,2019,18,55,20,45,6,10,2026
IndiGo,Banglore,Delhi,0,180,27,6,2019,16,55,19,55,28,9,2026
SpiceJet,Kolkata,Banglore,0,155,5,1,2019,6,55,9,30,28,9,2026
Multiple carriers,Delhi,Cochin,1,665,27,3,2019,2,15,13,20,28,9,2026
GoAir,Banglore,Delhi,0,165,5,1,2019,20,55,23,40,28,9,2026
Jet Airways,Kolkata,Banglore,1,1730,24,5,2019,9,35,14,25,25,5,2026
Air India,Banglore,New Delhi,2,655,3,9,2019,10,30,21,25,28,9,2026
Air India,Kolkata,Banglore,2,1045,24,5,2019,5,50,23,15,28,9,2026
IndiGo,Delhi,Cochin,1,940,3,3,2019,6,40,22,20,28,9,2026
Air India,Mumbai,Hyderabad,0,80,24,6,2019,21,5,22,25,28,9,2026
IndiGo,Delhi,Cochin,1,835,6,3,2019,8,35,22,30,28,9,2026
Jet Airways,Delhi,Cochin,1,1385,3,9,2019,19,45,18,50,3,10,2026
SpiceJet,Kolkata,Banglore,0,140,27,3,2019,22,20,0,40,28,3,2026
Air Asia,Kolkata,Banglore,0,155,15,5,2019,10,20,12,55,28,9,2026
Multiple carriers,Delhi,Cochin,1,385,6,1,2019,9,45,16,10,28,9,2026
Jet Airways,Banglore,New Delhi,1,1070,3,12,2019,16,55,10,45,13,3,2026
SpiceJet,Mumbai,Hyderabad,0,90,5,9,2019,22,45,0,15,5,10,2026
SpiceJet,Mumbai,Hyderabad,0,90,5,6,2019,5,45,7,15,28,9,2026
Air India,Delhi,Cochin,0,180,21,3,2019,14,10,17,10,28,9,2026
Air India,Kolkata,Banglore,0,150,24,6,2019,14,15,16,45,28,9,2026
Air India,Delhi,Cochin,2,1420,21,5,2019,9,45,9,25,22,5,2026
Jet Airways,Banglore,New Delhi,1,900,3,12,2019,21,25,12,25,13,3,2026
Jet Airways,Delhi,Cochin,2,1365,3,9,2019,5,40,4,25,3,10,2026
Air Asia,Delhi,Cochin,1,330,21,4,2019,7,55,13,25,28,9,2026
Jet Airways,Kolkata,Banglore,1,570,24,3,2019,13,55,23,25,28,9,2026
Multiple carriers,Delhi,Cochin,1,450,3,3,2019,4,0,11,30,28,9,2026
Air India,Delhi,Cochin,1,925,15,5,2019,3,50,19,15,28,9,2026
Jet Airways,Kolkata,Banglore,1,665,5,1,2019,21,10,8,15,5,2,2026
Jet Airways,Banglore,Delhi,0,165,5,1,2019,6,0,8,45,28,9,2026
Jet Airways,Kolkata,Banglore,1,875,24,5,2019,14,5,4,40,25,5,2026
SpiceJet,Mumbai,Hyderabad,0,90,5,12,2019,13,15,14,45,28,9,2026
SpiceJet,Banglore,Delhi,0,170,27,4,2019,9,30,12,20,28,9,2026
Multiple carriers,Delhi,Cochin,1,910,21,5,2019,10,20,1,30,22,5,2026
Multiple carriers,Delhi,Cochin,1,430,21,3,2019,11,40,18,50,28,9,2026
IndiGo,Delhi,Cochin,1,420,3,6,2019,18,35,1,35,3,7,2026
Jet Airways,Delhi,Cochin,2,1000,6,12,2019,11,45,4,25,13,6,2026
Jet Airways,Delhi,Cochin,1,1680,6,3,2019,15,0,19,0,6,4,2026
Air Asia,Kolkata,Banglore,2,450,24,3,2019,15,25,22,55,28,9,2026
GoAir,Banglore,Delhi,0,175,27,4,2019,7,45,10,40,28,9,2026
Air India,Banglore,Delhi,0,170,5,9,2019,13,20,16,10,28,9,2026
IndiGo,Banglore,Delhi,0,170,27,6,2019,4,0,6,50,28,9,2026
Multiple carriers,Delhi,Cochin,1,720,6,12,2019,7,0,19,0,28,9,2026
SpiceJet,Mumbai,Hyderabad,0,90,6,6,2019,5,45,7,15,28,9,2026
Multiple carriers,Delhi,Cochin,1,455,18,5,2019,11,40,19,15,28,9,2026
Jet Airways,Delhi,Cochin,2,1420,21,3,2019,19,10,18,50,22,3,2026
GoAir,Banglore,New Delhi,0,175,24,3,2019,7,45,10,40,28,9,2026
IndiGo,Mumbai,Hyderabad,0,90,4,3,2019,6,25,7,55,28,9,2026
Multiple carriers,Delhi,Cochin,1,470,6,12,2019,11,25,19,15,28,9,2026
IndiGo,Kolkata,Banglore,0,155,21,6,2019,22,15,0,50,22,6,2026
Jet Airways,Kolkata,Banglore,1,975,24,3,2019,19,45,12,0,25,3,2026
Jet Airways,Mumbai,Hyderabad,0,90,4,3,2019,10,20,11,50,28,9,2026
Vistara,Delhi,Cochin,0,190,27,6,2019,6,0,9,10,28,9,2026
Vistara,Delhi,Cochin,0,190,24,4,2019,6,0,9,10,28,9,2026
Multiple carriers,Delhi,Cochin,1,385,3,9,2019,9,45,16,10,28,9,2026
Multiple carriers,Delhi,Cochin,1,920,6,1,2019,7,10,22,30,28,9,2026
Vistara,Mumbai,Hyderabad,1,435,3,6,2019,15,40,22,55,28,9,2026
SpiceJet,Banglore,New Delhi,0,175,15,3,2019,9,35,12,30,28,9,2026
Multiple carriers,Delhi,Cochin,1,690,21,5,2019,7,30,19,0,28,9,2026
Vistara,Kolkata,Banglore,1,765,21,5,2019,20,20,9,5,22,5,2026
Jet Airways,Delhi,Cochin,1,1005,6,12,2019,2,15,19,0,28,9,2026
Jet Airways,Delhi,Cochin,1,550,21,3,2019,19,15,4,25,22,3,2026
Jet Airways,Banglore,Delhi,0,180,21,5,2019,7,10,10,10,28,9,2026
Jet Airways,Banglore,New Delhi,1,550,3,1,2019,7,0,16,10,28,9,2026
Vistara,Chennai,Kolkata,0,140,27,5,2019,17,45,20,5,28,9,2026
Jet Airways,Banglore,Delhi,0,180,5,12,2019,7,10,10,10,28,9,2026
IndiGo,Delhi,Cochin,1,635,15,5,2019,11,55,22,30,28,9,2026
Jet Airways,Kolkata,Banglore,1,425,21,5,2019,16,30,23,35,28,9,2026
Air Asia,Kolkata,Banglore,0,155,5,1,2019,10,20,12,55,28,9,2026
Jet Airways,Kolkata,Banglore,1,590,4,1,2019,8,25,18,15,28,9,2026
Jet Airways,Delhi,Cochin,1,1100,6,3,2019,18,15,12,35,6,4,2026
Air India,Delhi,Cochin,0,185,18,3,2019,18,5,21,10,28,9,2026
Jet Airways,Banglore,Delhi,0,185,18,5,2019,18,55,22,0,28,9,2026
IndiGo,Mumbai,Hyderabad,0,90,18,6,2019,6,25,7,55,28,9,2026
Jet Airways,Mumbai,Hyderabad,0,90,18,3,2019,19,35,21,5,28,9,2026
Jet Airways,Delhi,Cochin,1,1355,5,9,2019,14,0,12,35,5,10,2026
Jet Airways,Delhi,Cochin,1,1415,3,9,2019,19,15,18,50,3,10,2026
IndiGo,Banglore,Delhi,0,170,15,5,2019,8,30,11,20,28,9,2026
IndiGo,Banglore,Delhi,0,180,6,3,2019,21,15,0,15,6,4,2026
Multiple carriers,Delhi,Cochin,1,545,3,9,2019,13,15,22,20,28,9,2026
Jet Airways,Kolkata,Banglore,1,1605,24,3,2019,16,55,19,40,25,3,2026
Jet Airways,Banglore,New Delhi,1,840,21,3,2019,21,25,11,25,19,3,2026
Air India,Kolkata,Banglore,1,545,21,5,2019,9,25,18,30,28,9,2026
Air India,Kolkata,Banglore,2,1345,6,9,2019,7,0,5,25,6,10,2026
IndiGo,Banglore,Delhi,0,170,6,3,2019,22,10,1,0,6,4,2026
Air India,Delhi,Cochin,1,700,6,9,2019,20,0,7,40,6,10,2026
IndiGo,Delhi,Cochin,1,975,6,6,2019,9,15,1,30,6,7,2026
Multiple carriers,Delhi,Cochin,1,375,18,5,2019,13,0,19,15,28,9,2026
IndiGo,Mumbai,Hyderabad,0,90,4,1,2019,9,10,10,40,28,9,2026
Air India,Delhi,Cochin,1,1255,6,12,2019,12,30,9,25,13,6,2026
Jet Airways,Delhi,Cochin,1,1415,6,3,2019,13,0,12,35,6,4,2026
Jet Airways,Kolkata,Banglore,1,1005,15,5,2019,17,0,9,45,16,5,2026
Jet Airways,Delhi,Cochin,2,1475,3,6,2019,19,10,19,45,3,7,2026
Jet Airways,Kolkata,Banglore,1,1500,5,9,2019,17,0,18,0,5,10,2026
Jet Airways,Delhi,Cochin,1,1570,21,3,2019,2,15,4,25,22,3,2026
Jet Airways,Banglore,New Delhi,1,625,18,3,2019,5,45,16,10,28,9,2026
Air India,Delhi,Cochin,1,1255,24,6,2019,12,30,9,25,25,6,2026
GoAir,Delhi,Cochin,1,350,27,3,2019,7,0,12,50,28,9,2026
Jet Airways,Delhi,Cochin,2,1375,6,9,2019,5,30,4,25,6,10,2026
IndiGo,Kolkata,Banglore,0,155,4,9,2019,22,15,0,50,4,10,2026
Air India,Delhi,Cochin,2,1595,18,5,2019,16,40,19,15,19,5,2026
Jet Airways,Delhi,Cochin,2,1430,5,9,2019,19,10,19,0,5,10,2026
Air Asia,Delhi,Cochin,1,870,21,4,2019,7,55,22,25,28,9,2026
Jet Airways,Delhi,Cochin,2,1490,15,6,2019,11,45,12,35,16,6,2026
IndiGo,Delhi,Cochin,1,455,6,3,2019,8,35,16,10,28,9,2026
Air India,Delhi,Cochin,1,765,24,6,2019,20,40,9,25,25,6,2026
SpiceJet,Chennai,Kolkata,0,135,27,6,2019,8,20,10,35,28,9,2026
Multiple carriers,Delhi,Cochin,1,610,3,3,2019,15,25,1,35,3,4,2026
SpiceJet,Mumbai,Hyderabad,0,90,27,5,2019,5,45,7,15,28,9,2026
Jet Airways,Banglore,Delhi,0,185,5,3,2019,18,55,22,0,28,9,2026
Air India,Kolkata,Banglore,2,1830,24,5,2019,12,0,18,30,25,5,2026
Jet Airways,Delhi,Cochin,0,195,18,6,2019,9,50,13,5,28,9,2026
Air Asia,Banglore,New Delhi,0,170,3,9,2019,5,50,8,40,28,9,2026
SpiceJet,Kolkata,Banglore,0,145,24,6,2019,9,0,11,25,28,9,2026
IndiGo,Banglore,Delhi,0,170,27,4,2019,13,0,15,50,28,9,2026
Vistara,Mumbai,Hyderabad,1,750,3,6,2019,10,25,22,55,28,9,2026
Multiple carriers,Delhi,Cochin,1,540,15,5,2019,10,0,19,0,28,9,2026
Jet Airways,Banglore,New Delhi,1,1200,3,6,2019,11,40,7,40,3,7,2026
IndiGo,Banglore,Delhi,0,170,4,9,2019,5,30,8,20,28,9,2026
Jet Airways,Delhi,Cochin,2,1365,27,3,2019,5,40,4,25,28,3,2026
IndiGo,Delhi,Cochin,2,565,3,9,2019,11,55,21,20,28,9,2026
Jet Airways,Banglore,Delhi,0,165,18,6,2019,6,0,8,45,28,9,2026
SpiceJet,Kolkata,Banglore,0,150,15,4,2019,17,10,19,40,28,9,2026
Jet Airways,Delhi,Cochin,2,1320,6,12,2019,14,35,12,35,13,6,2026
Air India,Delhi,Cochin,1,1215,24,5,2019,23,0,19,15,25,5,2026
Jet Airways,Delhi,Cochin,1,660,6,3,2019,8,0,19,0,28,9,2026
Air India,Delhi,Cochin,2,970,3,6,2019,17,15,9,25,3,7,2026
Vistara,Mumbai,Hyderabad,1,1065,3,6,2019,15,40,9,25,3,7,2026
Multiple carriers,Delhi,Cochin,1,630,27,5,2019,8,30,19,0,28,9,2026
Air India,Kolkata,Banglore,2,920,18,5,2019,10,0,1,20,19,5,2026
Air India,Delhi,Cochin,0,180,4,3,2019,14,10,17,10,28,9,2026
Jet Airways,Delhi,Cochin,2,1390,27,6,2019,13,25,12,35,28,6,2026
Jet Airways,Kolkata,Banglore,1,775,6,9,2019,21,10,10,5,6,10,2026
Air India,Kolkata,Banglore,0,150,21,4,2019,14,15,16,45,28,9,2026
Jet Airways,Kolkata,Banglore,1,570,24,5,2019,14,5,23,35,28,9,2026
IndiGo,Banglore,Delhi,0,180,6,3,2019,16,55,19,55,28,9,2026
Jet Airways,Banglore,Delhi,0,180,4,3,2019,7,10,10,10,28,9,2026
SpiceJet,Banglore,Delhi,0,170,15,4,2019,9,30,12,20,28,9,2026
Jet Airways,Delhi,Cochin,1,360,4,6,2019,13,0,19,0,28,9,2026
Jet Airways,Banglore,Delhi,0,180,15,6,2019,8,20,11,20,28,9,2026
Jet Airways,Delhi,Cochin,2,880,3,9,2019,13,45,4,25,3,10,2026
IndiGo,Delhi,Cochin,1,975,6,9,2019,9,15,1,30,6,10,2026
Air India,Delhi,Cochin,1,965,15,5,2019,17,20,9,25,16,5,2026
Air India,Delhi,Cochin,1,375,18,5,2019,13,0,19,15,28,9,2026
Jet Airways,Banglore,Delhi,0,180,4,6,2019,19,50,22,50,28,9,2026
Jet Airways,Kolkata,Banglore,1,425,6,12,2019,16,30,23,35,28,9,2026
Jet Airways,Delhi,Cochin,2,1125,6,1,2019,9,40,4,25,6,2,2026
IndiGo,Delhi,Cochin,1,320,24,6,2019,6,50,12,10,28,9,2026
Jet Airways,Banglore,New Delhi,1,280,15,3,2019,9,45,14,25,28,9,2026
Multiple carriers,Delhi,Cochin,1,765,6,1,2019,9,45,22,30,28,9,2026
Air India,Delhi,Cochin,2,435,3,6,2019,12,0,19,15,28,9,2026
Air India,Kolkata,Banglore,2,1390,21,5,2019,12,0,11,10,22,5,2026
Jet Airways,Kolkata,Banglore,1,365,6,12,2019,16,30,22,35,28,9,2026
IndiGo,Delhi,Cochin,1,630,27,5,2019,15,0,1,30,28,5,2026
Jet Airways,Kolkata,Banglore,1,960,6,9,2019,20,0,12,0,6,10,2026
IndiGo,Chennai,Kolkata,0,140,15,6,2019,7,55,10,15,28,9,2026
Jet Airways,Kolkata,Banglore,1,1695,24,3,2019,13,55,18,10,25,3,2026
Jet Airways,Kolkata,Banglore,1,1540,18,5,2019,20,25,22,5,19,5,2026
Jet Airways,Banglore,New Delhi,1,1475,3,9,2019,8,55,9,30,13,3,2026
Air Asia,Banglore,Delhi,0,170,6,1,2019,23,55,2,45,6,2,2026
Air India,Delhi,Cochin,2,1210,3,9,2019,13,15,9,25,3,10,2026
Jet Airways,Kolkata,Banglore,1,800,15,5,2019,6,30,19,50,28,9,2026
IndiGo,Delhi,Cochin,1,265,3,6,2019,7,35,12,0,28,9,2026
Jet Airways,Delhi,Cochin,2,1325,27,3,2019,6,20,4,25,28,3,2026
IndiGo,Delhi,Cochin,1,305,3,3,2019,20,30,1,35,3,4,2026
Air India,Delhi,Cochin,1,1640,5,9,2019,6,5,9,25,5,10,2026
Air India,Kolkata,Banglore,1,1615,24,5,2019,17,30,20,25,25,5,2026
Multiple carriers,Delhi,Cochin,1,675,6,12,2019,8,0,19,15,28,9,2026
Vistara,Banglore,New Delhi,0,160,24,3,2019,7,0,9,40,28,9,2026
Jet Airways,Delhi,Cochin,1,660,3,9,2019,17,25,4,25,3,10,2026
Jet Airways,Delhi,Cochin,1,1570,24,6,2019,2,15,4,25,25,6,2026
Jet Airways,Delhi,Cochin,2,1125,15,6,2019,9,40,4,25,16,6,2026
Jet Airways,Banglore,New Delhi,1,1400,3,6,2019,5,45,5,5,3,7,2026
IndiGo,Banglore,Delhi,0,170,24,5,2019,13,0,15,50,28,9,2026
Jet Airways,Delhi,Cochin,1,1280,27,3,2019,7,5,4,25,28,3,2026
Jet Airways,Delhi,Cochin,1,1570,21,5,2019,2,15,4,25,22,5,2026
SpiceJet,Chennai,Kolkata,0,135,27,6,2019,8,20,10,35,28,9,2026
Jet Airways,Kolkata,Banglore,1,710,24,3,2019,16,55,4,45,25,3,2026
Jet Airways,Delhi,Cochin,2,1430,24,6,2019,19,10,19,0,25,6,2026
Multiple carriers,Delhi,Cochin,1,660,21,5,2019,8,0,19,0,28,9,2026
Jet Airways,Delhi,Cochin,1,715,5,9,2019,7,5,19,0,28,9,2026
Jet Airways,Kolkata,Banglore,1,975,24,3,2019,19,45,12,0,25,3,2026
Jet Airways,Delhi,Cochin,1,1325,27,5,2019,20,55,19,0,28,5,2026
Air Asia,Kolkata,Banglore,0,155,5,12,2019,10,20,12,55,28,9,2026
Jet Airways,Delhi,Cochin,1,335,18,5,2019,22,50,4,25,19,5,2026
IndiGo,Banglore,Delhi,0,180,5,3,2019,16,55,19,55,28,9,2026
IndiGo,Kolkata,Banglore,0,160,5,3,2019,21,25,0,5,5,4,2026
Jet Airways,Delhi,Cochin,1,1395,27,6,2019,19,45,19,0,28,6,2026
Air Asia,Banglore,Delhi,0,170,21,6,2019,4,55,7,45,28,9,2026
Trujet,Mumbai,Hyderabad,1,195,3,6,2019,13,5,16,20,28,9,2026
SpiceJet,Banglore,Delhi,0,160,15,4,2019,5,55,8,35,28,9,2026
Jet Airways,Banglore,Delhi,0,175,5,12,2019,11,10,14,5,28,9,2026
SpiceJet,Mumbai,Hyderabad,0,90,6,1,2019,5,45,7,15,28,9,2026
Jet Airways,Delhi,Cochin,1,1530,21,5,2019,17,30,19,0,22,5,2026
Jet Airways,Delhi,Cochin,2,1295,24,6,2019,21,25,19,0,25,6,2026
Jet Airways,Delhi,Cochin,1,335,6,9,2019,22,50,4,25,6,10,2026
IndiGo,Kolkata,Banglore,0,155,4,12,2019,17,15,19,50,28,9,2026
SpiceJet,Chennai,Kolkata,0,135,21,5,2019,8,20,10,35,28,9,2026
Vistara,Kolkata,Banglore,1,865,21,5,2019,20,20,10,45,22,5,2026
Air India,Banglore,Delhi,0,170,4,3,2019,21,5,23,55,28,9,2026
Jet Airways,Banglore,New Delhi,1,780,18,3,2019,18,40,7,40,16,3,2026
IndiGo,Banglore,Delhi,0,170,4,1,2019,13,0,15,50,28,9,2026
Jet Airways,Delhi,Cochin,1,1295,27,6,2019,15,0,12,35,28,6,2026
Air Asia,Banglore,Delhi,0,170,27,4,2019,4,55,7,45,28,9,2026
IndiGo,Delhi,Cochin,1,575,5,9,2019,11,25,21,0,28,9,2026
SpiceJet,Chennai,Kolkata,0,135,5,3,2019,8,20,10,35,28,9,2026
Vistara,Chennai,Kolkata,0,140,5,3,2019,17,45,20,5,28,9,2026
Air India,Banglore,New Delhi,1,500,15,3,2019,13,50,22,10,28,9,2026
Multiple carriers,Delhi,Cochin,1,840,21,5,2019,7,0,21,0,28,9,2026
IndiGo,Mumbai,Hyderabad,0,90,4,1,2019,21,20,22,50,28,9,2026
Vistara,Banglore,Delhi,0,170,27,4,2019,21,0,23,50,28,9,2026
Air India,Delhi,Cochin,0,185,6,6,2019,18,5,21,10,28,9,2026
IndiGo,Banglore,New Delhi,0,175,3,1,2019,20,0,22,55,28,9,2026
Jet Airways,Banglore,New Delhi,1,280,15,3,2019,5,45,10,25,28,9,2026
Multiple carriers,Delhi,Cochin,1,570,15,6,2019,11,30,21,0,28,9,2026
Multiple carriers,Delhi,Cochin,1,755,18,5,2019,6,40,19,15,28,9,2026
SpiceJet,Kolkata,Banglore,0,140,21,3,2019,22,20,0,40,22,3,2026
Jet Airways,Kolkata,Banglore,1,730,6,12,2019,21,10,9,20,13,6,2026
IndiGo,Mumbai,Hyderabad,0,95,27,6,2019,20,5,21,40,28,9,2026
Air Asia,Banglore,Delhi,0,170,6,6,2019,23,55,2,45,6,7,2026
IndiGo,Delhi,Cochin,1,290,27,5,2019,15,10,20,0,28,9,2026
IndiGo,Delhi,Cochin,1,405,3,3,2019,4,45,11,30,28,9,2026
Multiple carriers,Delhi,Cochin,1,765,18,5,2019,9,45,22,30,28,9,2026
GoAir,Banglore,New Delhi,1,270,3,1,2019,15,45,20,15,28,9,2026
Jet Airways,Delhi,Cochin,1,1595,24,6,2019,10,0,12,35,25,6,2026
Multiple carriers,Delhi,Cochin,1,730,5,9,2019,7,5,19,15,28,9,2026
Air India,Delhi,Cochin,2,1275,21,5,2019,22,0,19,15,22,5,2026
Jet Airways,Delhi,Cochin,1,1010,6,9,2019,19,45,12,35,6,10,2026
Jet Airways,Kolkata,Banglore,1,1010,5,12,2019,16,30,9,20,13,5,2026
IndiGo,Banglore,Delhi,0,170,5,3,2019,22,10,1,0,5,4,2026
SpiceJet,Kolkata,Banglore,0,155,6,3,2019,6,55,9,30,28,9,2026
Jet Airways,Kolkata,Banglore,1,1410,24,3,2019,21,10,20,40,25,3,2026
Air India,Kolkata,Banglore,0,155,6,1,2019,20,45,23,20,28,9,2026
Jet Airways,Banglore,New Delhi,1,860,3,6,2019,7,0,21,20,28,9,2026
Air Asia,Kolkata,Banglore,1,720,21,5,2019,22,40,10,40,22,5,2026
Multiple carriers,Delhi,Cochin,1,555,6,3,2019,10,0,19,15,28,9,2026
Air India,Delhi,Cochin,2,1275,27,6,2019,22,0,19,15,28,6,2026
Jet Airways,Delhi,Cochin,2,560,6,3,2019,9,40,19,0,28,9,2026
IndiGo,Kolkata,Banglore,1,290,5,1,2019,15,15,20,5,28,9,2026
Jet Airways,Banglore,Delhi,0,180,15,5,2019,7,10,10,10,28,9,2026
IndiGo,Chennai,Kolkata,0,145,5,3,2019,11,35,14,0,28,9,2026
Multiple carriers,Delhi,Cochin,1,555,21,3,2019,10,0,19,15,28,9,2026
Jet Airways,Delhi,Cochin,2,1430,27,6,2019,19,10,19,0,28,6,2026
SpiceJet,Kolkata,Banglore,0,155,4,12,2019,6,55,9,30,28,9,2026
Vistara,Kolkata,Banglore,1,1555,4,1,2019,7,10,9,5,4,2,2026
Air Asia,Delhi,Cochin,1,330,27,6,2019,7,55,13,25,28,9,2026
Jet Airways,Kolkata,Banglore,1,1200,18,5,2019,14,5,10,5,19,5,2026
Jet Airways,Kolkata,Banglore,1,1400,5,12,2019,18,55,18,15,13,5,2026
IndiGo,Kolkata,Banglore,0,165,24,3,2019,10,10,12,55,28,9,2026
Jet Airways,Delhi,Cochin,1,450,6,3,2019,11,30,19,0,28,9,2026
Jet Airways,Kolkata,Banglore,1,665,5,1,2019,21,10,8,15,5,2,2026
Jet Airways,Delhi,Cochin,1,600,15,6,2019,9,0,19,0,28,9,2026
SpiceJet,Chennai,Kolkata,0,135,15,5,2019,8,20,10,35,28,9,2026
Air India,Delhi,Cochin,0,185,3,6,2019,18,5,21,10,28,9,2026
Multiple carriers,Delhi,Cochin,1,490,6,12,2019,12,50,21,0,28,9,2026
Air India,Mumbai,Hyderabad,0,80,6,9,2019,6,20,7,40,28,9,2026
IndiGo,Banglore,New Delhi,0,175,24,3,2019,7,10,10,5,28,9,2026
Air Asia,Delhi,Cochin,1,340,15,6,2019,16,45,22,25,28,9,2026
Air India,Delhi,Cochin,0,185,21,6,2019,18,5,21,10,28,9,2026
Air India,Mumbai,Hyderabad,0,85,21,5,2019,15,0,16,25,28,9,2026
Multiple carriers,Delhi,Cochin,1,630,6,9,2019,8,30,19,0,28,9,2026
Jet Airways,Delhi,Cochin,1,925,21,3,2019,13,0,4,25,22,3,2026
Air India,Banglore,New Delhi,3,1480,3,12,2019,17,25,18,5,13,3,2026
Jet Airways,Kolkata,Banglore,1,1285,18,5,2019,18,55,16,20,19,5,2026
Air Asia,Banglore,Delhi,0,170,4,1,2019,4,55,7,45,28,9,2026
Air India,Delhi,Cochin,2,1395,3,9,2019,20,0,19,15,3,10,2026
Jet Airways,Banglore,New Delhi,1,570,15,3,2019,8,55,18,25,28,9,2026
Air India,Delhi,Cochin,2,500,6,9,2019,10,55,19,15,28,9,2026
Jet Airways,Delhi,Cochin,1,360,6,3,2019,13,0,19,0,28,9,2026
SpiceJet,Chennai,Kolkata,0,155,18,3,2019,9,30,12,5,28,9,2026
SpiceJet,Kolkata,Banglore,0,160,3,3,2019,6,55,9,35,28,9,2026
Jet Airways,Delhi,Cochin,1,925,5,6,2019,13,0,4,25,5,7,2026
Multiple carriers,Delhi,Cochin,1,440,27,5,2019,11,40,19,0,28,9,2026
SpiceJet,Delhi,Cochin,1,270,6,6,2019,8,45,13,15,28,9,2026
Air Asia,Delhi,Cochin,1,870,24,6,2019,7,55,22,25,28,9,2026
Air India,Mumbai,Hyderabad,0,75,24,3,2019,19,30,20,45,28,9,2026
Jet Airways,Kolkata,Banglore,1,910,5,6,2019,18,55,10,5,5,7,2026
IndiGo,Kolkata,Banglore,0,155,18,5,2019,4,40,7,15,28,9,2026
Jet Airways,Kolkata,Banglore,1,660,24,3,2019,21,10,8,10,25,3,2026
Jet Airways,Kolkata,Banglore,1,1075,5,1,2019,17,0,10,55,5,2,2026
IndiGo,Kolkata,Banglore,1,295,15,5,2019,9,20,14,15,28,9,2026
IndiGo,Chennai,Kolkata,0,140,27,3,2019,5,15,7,35,28,9,2026
Jet Airways,Delhi,Cochin,1,1395,15,6,2019,19,45,19,0,16,6,2026
IndiGo,Banglore,Delhi,0,180,15,6,2019,21,15,0,15,16,6,2026
Multiple carriers,Delhi,Cochin,1,600,24,6,2019,9,15,19,15,28,9,2026
Multiple carriers,Delhi,Cochin,1,625,3,3,2019,8,25,18,50,28,9,2026
Multiple carriers,Delhi,Cochin,1,910,6,9,2019,3,50,19,0,28,9,2026
Air India,Delhi,Cochin,1,675,21,3,2019,8,0,19,15,28,9,2026
Air India,Banglore,New Delhi,0,165,15,3,2019,21,10,23,55,28,9,2026
GoAir,Delhi,Cochin,1,455,3,3,2019,5,45,13,20,28,9,2026
IndiGo,Banglore,Delhi,0,170,21,5,2019,8,30,11,20,28,9,2026
Air Asia,Kolkata,Banglore,0,150,15,6,2019,22,50,1,20,16,6,2026
Jet Airways,Kolkata,Banglore,1,1375,18,5,2019,5,45,4,40,19,5,2026
IndiGo,Chennai,Kolkata,0,145,3,1,2019,11,35,14,0,28,9,2026
Jet Airways,Banglore,Delhi,0,175,18,4,2019,11,10,14,5,28,9,2026
GoAir,Kolkata,Banglore,1,495,24,5,2019,23,30,7,45,25,5,2026
Jet Airways,Kolkata,Banglore,1,510,5,1,2019,14,5,22,35,28,9,2026
Air India,Delhi,Cochin,2,1490,6,6,2019,6,50,7,40,6,7,2026
Multiple carriers,Delhi,Cochin,1,690,6,6,2019,7,30,19,0,28,9,2026
Multiple carriers,Delhi,Cochin,1,390,27,5,2019,19,0,1,30,28,5,2026
GoAir,Banglore,Delhi,0,170,24,4,2019,11,40,14,30,28,9,2026
Multiple carriers,Delhi,Cochin,1,535,15,5,2019,10,20,19,15,28,9,2026
IndiGo,Delhi,Cochin,1,415,18,5,2019,18,35,1,30,19,5,2026
Jet Airways,Kolkata,Banglore,1,1170,5,12,2019,16,30,12,0,13,5,2026
Jet Airways,Delhi,Cochin,2,1375,18,5,2019,5,30,4,25,19,5,2026
Jet Airways,Delhi,Cochin,1,1145,27,5,2019,17,30,12,35,28,5,2026
Air India,Kolkata,Banglore,1,675,6,6,2019,9,50,21,5,28,9,2026
Air India,Banglore,New Delhi,1,920,3,1,2019,22,0,13,20,3,2,2026
Jet Airways,Kolkata,Banglore,1,730,18,5,2019,21,10,9,20,19,5,2026
Air Asia,Banglore,Delhi,0,165,27,4,2019,11,10,13,55,28,9,2026
Air India,Delhi,Cochin,2,1490,5,9,2019,6,50,7,40,5,10,2026
Air India,Delhi,Cochin,2,865,24,6,2019,17,15,7,40,25,6,2026
Multiple carriers,Delhi,Cochin,1,720,15,6,2019,9,0,21,0,28,9,2026
Jet Airways,Delhi,Cochin,2,1620,21,5,2019,9,35,12,35,22,5,2026
Jet Airways,Kolkata,Banglore,1,1690,6,12,2019,14,5,18,15,13,6,2026
IndiGo,Delhi,Cochin,1,420,3,3,2019,18,35,1,35,3,4,2026
Vistara,Kolkata,Banglore,1,1550,5,9,2019,17,0,18,50,5,10,2026
Multiple carriers,Delhi,Cochin,1,470,27,5,2019,11,25,19,15,28,9,2026
Jet Airways,Kolkata,Banglore,1,735,5,1,2019,20,0,8,15,5,2,2026
SpiceJet,Banglore,New Delhi,1,475,15,3,2019,10,20,18,15,28,9,2026
SpiceJet,Mumbai,Hyderabad,0,80,21,3,2019,13,10,14,30,28,9,2026
IndiGo,Banglore,Delhi,0,165,27,4,2019,1,30,4,15,28,9,2026
Vistara,Kolkata,Banglore,1,1580,15,5,2019,20,20,22,40,16,5,2026
Vistara,Kolkata,Banglore,1,1640,15,5,2019,17,0,20,20,16,5,2026
Multiple carriers,Delhi,Cochin,1,540,6,1,2019,7,10,16,10,28,9,2026
IndiGo,Delhi,Cochin,1,810,6,3,2019,7,30,21,0,28,9,2026
Jet Airways,Delhi,Cochin,1,455,3,3,2019,20,50,4,25,3,4,2026
Jet Airways,Kolkata,Banglore,1,690,6,12,2019,9,35,21,5,28,9,2026
IndiGo,Banglore,Delhi,0,165,5,6,2019,6,5,8,50,28,9,2026
IndiGo,Delhi,Cochin,0,185,3,6,2019,14,30,17,35,28,9,2026
SpiceJet,Chennai,Kolkata,0,135,18,6,2019,9,45,12,0,28,9,2026
IndiGo,Delhi,Cochin,1,380,18,5,2019,16,10,22,30,28,9,2026
Air India,Kolkata,Banglore,2,1700,15,5,2019,9,25,13,45,16,5,2026
IndiGo,Kolkata,Banglore,0,150,5,12,2019,15,15,17,45,28,9,2026
Jet Airways,Kolkata,Banglore,1,1610,5,12,2019,6,30,9,20,13,5,2026
Jet Airways,Delhi,Cochin,1,1105,6,6,2019,10,0,4,25,6,7,2026
Air India,Banglore,Delhi,0,170,24,5,2019,21,5,23,55,28,9,2026
IndiGo,Kolkata,Banglore,0,155,4,1,2019,4,40,7,15,28,9,2026
Air India,Delhi,Cochin,1,1010,3,3,2019,6,10,23,0,28,9,2026
IndiGo,Kolkata,Banglore,0,170,3,12,2019,5,30,8,20,28,9,2026
IndiGo,Banglore,Delhi,0,175,27,4,2019,18,55,21,50,28,9,2026
Jet Airways,Delhi,Cochin,2,1300,6,12,2019,6,45,4,25,13,6,2026
Jet Airways,Delhi,Cochin,1,885,6,12,2019,21,50,12,35,13,6,2026
IndiGo,Banglore,Delhi,0,170,5,9,2019,4,0,6,50,28,9,2026
Air India,Delhi,Cochin,2,1595,3,3,2019,16,40,19,15,3,4,2026
Air India,Kolkata,Banglore,1,545,6,12,2019,9,25,18,30,28,9,2026
Multiple carriers,Delhi,Cochin,1,510,6,6,2019,17,0,1,30,6,7,2026
IndiGo,Delhi,Cochin,2,825,3,3,2019,7,35,21,20,28,9,2026
Air India,Banglore,New Delhi,2,1705,3,1,2019,6,45,11,10,3,2,2026
Jet Airways,Kolkata,Banglore,1,1720,4,1,2019,18,55,23,35,4,2,2026
IndiGo,Chennai,Kolkata,0,145,6,9,2019,11,35,14,0,28,9,2026
IndiGo,Kolkata,Banglore,0,155,5,3,2019,17,15,19,50,28,9,2026
GoAir,Banglore,Delhi,0,175,4,1,2019,7,45,10,40,28,9,2026
IndiGo,Mumbai,Hyderabad,0,90,6,12,2019,19,5,20,35,28,9,2026
Multiple carriers,Delhi,Cochin,1,660,6,1,2019,8,0,19,0,28,9,2026
Jet Airways,Delhi,Cochin,2,1130,6,12,2019,9,35,4,25,13,6,2026
Multiple carriers,Delhi,Cochin,3,835,15,5,2019,11,35,1,30,16,5,2026
IndiGo,Banglore,Delhi,0,170,15,4,2019,4,0,6,50,28,9,2026
Air India,Delhi,Cochin,1,375,27,6,2019,13,0,19,15,28,9,2026
Vistara,Banglore,Delhi,0,170,4,12,2019,21,0,23,50,28,9,2026
Jet Airways,Kolkata,Banglore,1,1520,18,5,2019,9,35,10,55,19,5,2026
Jet Airways,Delhi,Cochin,2,535,24,6,2019,19,30,4,25,25,6,2026
IndiGo,Delhi,Cochin,1,825,3,3,2019,8,35,22,20,28,9,2026
Air India,Banglore,Delhi,0,165,5,1,2019,10,0,12,45,28,9,2026
Air India,Delhi,Cochin,2,1210,15,6,2019,13,15,9,25,16,6,2026
IndiGo,Delhi,Cochin,1,635,21,3,2019,15,0,1,35,22,3,2026
Multiple carriers,Delhi,Cochin,1,720,24,6,2019,9,0,21,0,28,9,2026
Vistara,Kolkata,Banglore,1,1350,18,5,2019,20,20,18,50,19,5,2026
Jet Airways,Banglore,New Delhi,0,160,24,3,2019,19,55,22,35,28,9,2026
Air Asia,Banglore,New Delhi,0,165,3,9,2019,23,25,2,10,3,10,2026
IndiGo,Kolkata,Banglore,0,165,15,6,2019,20,25,23,10,28,9,2026
IndiGo,Kolkata,Banglore,0,155,4,6,2019,15,30,18,5,28,9,2026
Jet Airways,Delhi,Cochin,2,1600,21,3,2019,16,10,18,50,22,3,2026
Jet Airways,Delhi,Cochin,2,535,6,9,2019,19,30,4,25,6,10,2026
SpiceJet,Delhi,Cochin,1,380,18,5,2019,15,45,22,5,28,9,2026
Jet Airways,Banglore,Delhi,0,180,6,9,2019,19,50,22,50,28,9,2026
Air Asia,Kolkata,Banglore,0,150,21,5,2019,19,55,22,25,28,9,2026
Jet Airways,Delhi,Cochin,1,870,3,3,2019,13,55,4,25,3,4,2026
Jet Airways,Kolkata,Banglore,1,850,18,5,2019,8,25,22,35,28,9,2026
Jet Airways,Kolkata,Banglore,1,1610,21,5,2019,6,30,9,20,22,5,2026
IndiGo,Delhi,Cochin,1,355,3,9,2019,2,35,8,30,28,9,2026
Multiple carriers,Delhi,Cochin,1,510,27,3,2019,10,45,19,15,28,9,2026
IndiGo,Chennai,Kolkata,0,165,15,6,2019,15,40,18,25,28,9,2026
Multiple carriers,Delhi,Cochin,1,845,24,6,2019,4,55,19,0,28,9,2026
IndiGo,Kolkata,Banglore,0,155,24,4,2019,11,30,14,5,28,9,2026
GoAir,Kolkata,Banglore,1,455,5,1,2019,16,40,0,15,5,2,2026
Multiple carriers,Delhi,Cochin,1,835,6,1,2019,7,5,21,0,28,9,2026
Jet Airways,Banglore,Delhi,0,180,18,6,2019,7,10,10,10,28,9,2026
Jet Airways,Kolkata,Banglore,1,1515,24,3,2019,16,55,18,10,25,3,2026
IndiGo,Banglore,Delhi,0,165,15,6,2019,1,30,4,15,28,9,2026
IndiGo,Delhi,Cochin,1,810,21,5,2019,7,30,21,0,28,9,2026
Jet Airways,Delhi,Cochin,1,1260,3,3,2019,21,50,18,50,3,4,2026
IndiGo,Delhi,Cochin,1,380,27,6,2019,16,10,22,30,28,9,2026
IndiGo,Banglore,Delhi,0,175,21,5,2019,0,30,3,25,28,9,2026
Air India,Delhi,Cochin,2,1490,27,6,2019,6,50,7,40,28,6,2026
Jet Airways,Banglore,New Delhi,1,530,3,1,2019,22,50,7,40,3,2,2026
IndiGo,Delhi,Cochin,1,810,3,9,2019,7,30,21,0,28,9,2026
IndiGo,Kolkata,Banglore,1,295,6,12,2019,9,20,14,15,28,9,2026
Multiple carriers,Delhi,Cochin,1,765,6,9,2019,9,45,22,30,28,9,2026
IndiGo,Delhi,Cochin,1,315,27,5,2019,7,15,12,30,28,9,2026
Jet Airways,Delhi,Cochin,2,810,6,12,2019,5,30,19,0,28,9,2026
IndiGo,Kolkata,Banglore,0,165,27,3,2019,10,10,12,55,28,9,2026
Jet Airways,Banglore,Delhi,0,180,24,4,2019,17,45,20,45,28,9,2026
Air India,Delhi,Cochin,1,1255,18,5,2019,12,30,9,25,19,5,2026
Jet Airways,Kolkata,Banglore,1,1170,24,5,2019,16,30,12,0,25,5,2026
Multiple carriers,Delhi,Cochin,1,730,21,5,2019,7,5,19,15,28,9,2026
Multiple carriers,Delhi,Cochin,1,420,21,3,2019,14,0,21,0,28,9,2026
Multiple carriers,Delhi,Cochin,1,780,24,6,2019,8,0,21,0,28,9,2026
Multiple carriers,Delhi,Cochin,1,515,3,6,2019,17,0,1,35,3,7,2026
Jet Airways,Mumbai,Hyderabad,0,90,24,3,2019,10,20,11,50,28,9,2026
Jet Airways,Kolkata,Banglore,1,330,24,5,2019,6,30,12,0,28,9,2026
Multiple carriers,Delhi,Cochin,1,390,21,5,2019,19,0,1,30,22,5,2026
Multiple carriers,Delhi,Cochin,1,510,27,3,2019,10,20,18,50,28,9,2026
IndiGo,Delhi,Cochin,1,750,6,12,2019,8,30,21,0,28,9,2026
SpiceJet,Kolkata,Banglore,0,145,5,6,2019,9,0,11,25,28,9,2026
Jet Airways,Mumbai,Hyderabad,0,85,6,3,2019,7,5,8,30,28,9,2026
Vistara,Kolkata,Banglore,1,1555,5,1,2019,7,10,9,5,5,2,2026
Jet Airways,Kolkata,Banglore,1,800,6,9,2019,18,55,8,15,6,10,2026
Jet Airways,Kolkata,Banglore,1,1450,18,5,2019,9,35,9,45,19,5,2026
Jet Airways,Banglore,New Delhi,1,435,3,1,2019,8,0,15,15,28,9,2026
Jet Airways,Mumbai,Hyderabad,0,90,6,6,2019,10,20,11,50,28,9,2026
Multiple carriers,Delhi,Cochin,1,730,15,6,2019,7,5,19,15,28,9,2026
Jet Airways,Delhi,Cochin,2,1615,21,5,2019,9,40,12,35,22,5,2026
IndiGo,Banglore,New Delhi,0,170,3,3,2019,4,0,6,50,28,9,2026
IndiGo,Banglore,Delhi,0,170,5,9,2019,8,30,11,20,28,9,2026
Vistara,Banglore,Delhi,0,170,18,4,2019,9,45,12,35,28,9,2026
Jet Airways,Banglore,New Delhi,1,1455,3,12,2019,18,55,19,10,13,3,2026
Jet Airways,Delhi,Cochin,1,1270,6,9,2019,21,50,19,0,6,10,2026
IndiGo,Delhi,Cochin,1,845,4,9,2019,11,25,1,30,4,10,2026
Air India,Mumbai,Hyderabad,0,90,24,3,2019,13,55,15,25,28,9,2026
Jet Airways,Banglore,New Delhi,1,1410,3,12,2019,18,55,18,25,13,3,2026
Air India,Kolkata,Banglore,1,1485,5,6,2019,14,35,15,20,5,7,2026
Multiple carriers,Delhi,Cochin,1,840,15,5,2019,7,0,21,0,28,9,2026
GoAir,Banglore,New Delhi,1,270,15,3,2019,15,45,20,15,28,9,2026
Multiple carriers,Delhi,Cochin,1,395,27,5,2019,6,0,12,35,28,9,2026
Jet Airways,Kolkata,Banglore,1,570,18,5,2019,14,5,23,35,28,9,2026
IndiGo,Delhi,Cochin,1,500,6,3,2019,17,10,1,30,6,4,2026
Jet Airways,Kolkata,Banglore,1,845,5,12,2019,20,0,10,5,13,5,2026
IndiGo,Mumbai,Hyderabad,0,90,5,3,2019,21,20,22,50,28,9,2026
IndiGo,Delhi,Cochin,1,300,4,3,2019,16,0,21,0,28,9,2026
IndiGo,Delhi,Cochin,1,705,21,5,2019,9,15,21,0,28,9,2026
Jet Airways,Banglore,Delhi,0,165,18,4,2019,6,0,8,45,28,9,2026
Multiple carriers,Delhi,Cochin,1,555,5,9,2019,13,15,22,30,28,9,2026
SpiceJet,Kolkata,Banglore,1,435,5,12,2019,11,35,18,50,28,9,2026
Jet Airways,Kolkata,Banglore,1,590,5,6,2019,6,30,16,20,28,9,2026
Jet Airways,Kolkata,Banglore,1,945,5,1,2019,16,30,8,15,5,2,2026
Jet Airways,Kolkata,Banglore,1,690,21,5,2019,9,35,21,5,28,9,2026
Jet Airways,Kolkata,Banglore,1,945,18,5,2019,16,30,8,15,19,5,2026
Jet Airways,Kolkata,Banglore,1,705,5,1,2019,6,30,18,15,28,9,2026
Jet Airways,Delhi,Cochin,1,805,6,1,2019,15,0,4,25,6,2,2026
Jet Airways,Delhi,Cochin,1,825,6,1,2019,22,50,12,35,6,2,2026
Jet Airways,Delhi,Cochin,2,1125,21,5,2019,9,40,4,25,22,5,2026
Jet Airways,Delhi,Cochin,1,600,18,5,2019,9,0,19,0,28,9,2026
Multiple carriers Premium economy,Delhi,Cochin,1,705,21,3,2019,7,30,19,15,28,9,2026
Vistara,Chennai,Kolkata,0,140,18,6,2019,17,45,20,5,28,9,2026
SpiceJet,Kolkata,Banglore,1,330,5,1,2019,15,55,21,25,28,9,2026
IndiGo,Banglore,Delhi,0,170,4,3,2019,23,30,2,20,4,4,2026
Jet Airways,Delhi,Cochin,1,600,27,5,2019,9,0,19,0,28,9,2026
Multiple carriers,Delhi,Cochin,1,835,6,12,2019,7,5,21,0,28,9,2026
SpiceJet,Banglore,New Delhi,0,175,24,3,2019,9,35,12,30,28,9,2026
SpiceJet,Banglore,Delhi,0,170,6,6,2019,9,30,12,20,28,9,2026
Air India,Banglore,Delhi,0,165,6,6,2019,10,0,12,45,28,9,2026
Jet Airways,Kolkata,Banglore,1,1010,5,6,2019,16,30,9,20,5,7,2026
Air Asia,Banglore,Delhi,0,165,5,3,2019,11,10,13,55,28,9,2026
Jet Airways,Banglore,New Delhi,1,1035,21,3,2019,5,45,23,0,28,9,2026
IndiGo,Mumbai,Hyderabad,0,85,27,3,2019,12,0,13,25,28,9,2026
Vistara,Kolkata,Banglore,1,1660,24,3,2019,7,10,10,50,25,3,2026
Jet Airways,Kolkata,Banglore,1,1075,15,5,2019,17,0,10,55,16,5,2026
IndiGo,Kolkata,Banglore,1,265,4,3,2019,19,20,23,45,28,9,2026
Multiple carriers,Delhi,Cochin,1,520,21,5,2019,10,35,19,15,28,9,2026
Jet Airways,Banglore,New Delhi,1,305,18,3,2019,14,5,19,10,28,9,2026
Multiple carriers,Delhi,Cochin,1,840,3,6,2019,7,0,21,0,28,9,2026
SpiceJet,Chennai,Kolkata,0,155,3,9,2019,9,30,12,5,28,9,2026
SpiceJet,Chennai,Kolkata,0,140,3,12,2019,17,45,20,5,28,9,2026
Multiple carriers,Delhi,Cochin,1,930,6,9,2019,10,0,1,30,6,10,2026
Multiple carriers,Delhi,Cochin,1,385,6,1,2019,12,50,19,15,28,9,2026
Air India,Delhi,Cochin,2,1855,6,12,2019,12,20,19,15,13,6,2026
SpiceJet,Delhi,Cochin,1,295,15,5,2019,17,55,22,50,28,9,2026
Air India,Delhi,Cochin,2,1100,6,3,2019,13,20,7,40,6,4,2026
Air India,Kolkata,Banglore,2,1555,4,3,2019,9,10,11,5,4,4,2026
Air India,Delhi,Cochin,2,435,27,5,2019,12,0,19,15,28,9,2026
Jet Airways,Banglore,Delhi,0,175,21,6,2019,11,10,14,5,28,9,2026
Multiple carriers,Delhi,Cochin,1,740,6,9,2019,6,40,19,0,28,9,2026
Jet Airways,Kolkata,Banglore,1,910,15,5,2019,8,25,23,35,28,9,2026
GoAir,Banglore,New Delhi,0,175,3,9,2019,20,55,23,50,28,9,2026
IndiGo,Delhi,Cochin,1,290,6,9,2019,15,10,20,0,28,9,2026
IndiGo,Delhi,Cochin,1,845,21,3,2019,11,30,1,35,22,3,2026
Jet Airways,Delhi,Cochin,1,650,27,3,2019,8,0,18,50,28,9,2026
Jet Airways,Delhi,Cochin,2,1615,6,12,2019,9,40,12,35,13,6,2026
Jet Airways,Delhi,Cochin,1,535,3,6,2019,9,55,18,50,28,9,2026
Jet Airways,Banglore,Delhi,0,175,5,1,2019,11,10,14,5,28,9,2026
Jet Airways,Delhi,Cochin,1,1280,21,5,2019,7,5,4,25,22,5,2026
Jet Airways,Banglore,Delhi,0,180,6,1,2019,8,20,11,20,28,9,2026
Jet Airways,Banglore,New Delhi,1,625,3,1,2019,8,0,18,25,28,9,2026
Vistara,Banglore,Delhi,0,170,27,4,2019,9,45,12,35,28,9,2026
Jet Airways,Delhi,Cochin,1,540,18,5,2019,10,0,19,0,28,9,2026
Jet Airways,Kolkata,Banglore,1,1215,6,9,2019,8,25,4,40,6,10,2026
Air Asia,Banglore,Delhi,0,165,21,5,2019,11,10,13,55,28,9,2026
IndiGo,Chennai,Kolkata,0,140,21,6,2019,14,45,17,5,28,9,2026
SpiceJet,Kolkata,Banglore,0,140,6,1,2019,22,20,0,40,6,2,2026
Jet Airways,Delhi,Cochin,2,1025,18,5,2019,19,30,12,35,19,5,2026
IndiGo,Delhi,Cochin,1,965,6,9,2019,4,55,21,0,28,9,2026
Air India,Delhi,Cochin,2,1470,6,3,2019,7,10,7,40,6,4,2026
Jet Airways,Delhi,Cochin,2,1125,6,9,2019,9,40,4,25,6,10,2026
Multiple carriers,Delhi,Cochin,1,505,6,9,2019,10,35,19,0,28,9,2026
Jet Airways,Kolkata,Banglore,1,345,24,5,2019,14,5,19,50,28,9,2026
Jet Airways,Kolkata,Banglore,1,450,6,9,2019,21,10,4,40,6,10,2026
IndiGo,Chennai,Kolkata,0,145,3,1,2019,14,40,17,5,28,9,2026
GoAir,Banglore,Delhi,0,170,15,6,2019,11,40,14,30,28,9,2026
Jet Airways,Delhi,Cochin,1,540,27,6,2019,10,0,19,0,28,9,2026
SpiceJet,Chennai,Kolkata,0,135,6,6,2019,9,45,12,0,28,9,2026
SpiceJet,Chennai,Kolkata,0,155,24,3,2019,9,30,12,5,28,9,2026
Jet Airways,Banglore,New Delhi,1,730,18,3,2019,16,55,5,5,16,3,2026
Air India,Delhi,Cochin,1,1255,21,3,2019,12,30,9,25,22,3,2026
SpiceJet,Kolkata,Banglore,0,150,27,3,2019,17,15,19,45,28,9,2026
GoAir,Banglore,New Delhi,0,175,3,1,2019,20,55,23,50,28,9,2026
Jet Airways,Delhi,Cochin,1,660,6,1,2019,8,0,19,0,28,9,2026
Multiple carriers,Delhi,Cochin,1,720,27,5,2019,9,0,21,0,28,9,2026
Jet Airways,Delhi,Cochin,1,450,18,5,2019,20,55,4,25,19,5,2026
IndiGo,Banglore,Delhi,0,175,6,3,2019,7,10,10,5,28,9,2026
IndiGo,Banglore,Delhi,0,170,15,4,2019,13,0,15,50,28,9,2026
Jet Airways,Kolkata,Banglore,1,590,21,5,2019,6,30,16,20,28,9,2026
Multiple carriers,Delhi,Cochin,1,930,6,6,2019,10,0,1,30,6,7,2026
IndiGo,Banglore,Delhi,0,165,4,9,2019,1,30,4,15,28,9,2026
GoAir,Kolkata,Banglore,1,495,5,1,2019,23,30,7,45,5,2,2026
IndiGo,Delhi,Cochin,1,415,5,9,2019,18,35,1,30,5,10,2026
Jet Airways,Delhi,Cochin,2,1615,27,6,2019,9,40,12,35,28,6,2026
Air India,Delhi,Cochin,1,735,15,6,2019,7,0,19,15,28,9,2026
Air India,Kolkata,Banglore,2,765,21,5,2019,16,50,5,35,22,5,2026
Air India,Banglore,Delhi,0,170,5,1,2019,21,5,23,55,28,9,2026
Jet Airways,Kolkata,Banglore,1,730,21,5,2019,21,10,9,20,22,5,2026
Jet Airways,Kolkata,Banglore,1,510,6,9,2019,14,5,22,35,28,9,2026
GoAir,Delhi,Cochin,1,370,4,1,2019,7,25,13,35,28,9,2026
Jet Airways,Delhi,Cochin,1,1570,21,3,2019,2,15,4,25,22,3,2026
IndiGo,Kolkata,Banglore,1,240,5,9,2019,6,20,10,20,28,9,2026
Jet Airways,Delhi,Cochin,1,1225,3,6,2019,8,0,4,25,3,7,2026
Air India,Kolkata,Banglore,1,1605,4,1,2019,20,30,23,15,4,2,2026
GoAir,Banglore,New Delhi,0,175,3,9,2019,11,40,14,35,28,9,2026
Jet Airways,Delhi,Cochin,2,600,6,6,2019,18,25,4,25,6,7,2026
Jet Airways,Mumbai,Hyderabad,0,85,15,5,2019,2,55,4,20,28,9,2026
Jet Airways,Delhi,Cochin,1,600,15,6,2019,9,0,19,0,28,9,2026
Jet Airways,Delhi,Cochin,2,1390,27,6,2019,13,25,12,35,28,6,2026
Multiple carriers,Delhi,Cochin,1,585,27,6,2019,9,15,19,0,28,9,2026
Jet Airways,Mumbai,Hyderabad,0,90,24,6,2019,8,45,10,15,28,9,2026
Multiple carriers,Delhi,Cochin,1,570,15,5,2019,11,30,21,0,28,9,2026
IndiGo,Kolkata,Banglore,1,240,21,5,2019,6,20,10,20,28,9,2026
Vistara,Kolkata,Banglore,1,1640,6,9,2019,17,0,20,20,6,10,2026
IndiGo,Kolkata,Banglore,1,240,5,6,2019,6,20,10,20,28,9,2026
Jet Airways,Mumbai,Hyderabad,0,90,5,9,2019,10,20,11,50,28,9,2026
Air India,Delhi,Cochin,1,955,6,3,2019,17,40,9,35,6,4,2026
Air India,Banglore,Delhi,0,165,27,6,2019,10,0,12,45,28,9,2026
Jet Airways,Kolkata,Banglore,1,730,5,12,2019,16,30,4,40,13,5,2026
Air Asia,Banglore,Delhi,0,170,5,9,2019,4,55,7,45,28,9,2026
Air India,Kolkata,Banglore,0,150,15,6,2019,14,15,16,45,28,9,2026
Air India,Delhi,Cochin,2,1420,6,3,2019,9,45,9,25,6,4,2026
IndiGo,Delhi,Cochin,1,480,24,6,2019,17,30,1,30,25,6,2026
Jet Airways,Delhi,Cochin,1,1425,5,9,2019,19,15,19,0,5,10,2026
Air India,Kolkata,Banglore,1,675,5,9,2019,9,50,21,5,28,9,2026
IndiGo,Banglore,New Delhi,0,170,24,3,2019,13,0,15,50,28,9,2026
Jet Airways,Banglore,Delhi,0,175,21,4,2019,11,10,14,5,28,9,2026
Jet Airways,Mumbai,Hyderabad,0,90,27,6,2019,10,20,11,50,28,9,2026
Jet Airways,Kolkata,Banglore,1,570,5,9,2019,14,5,23,35,28,9,2026
Jet Airways,Delhi,Cochin,1,825,18,5,2019,22,50,12,35,19,5,2026
Air India,Kolkata,Banglore,0,155,4,3,2019,20,45,23,20,28,9,2026
Jet Airways,Kolkata,Banglore,1,1430,4,1,2019,20,0,19,50,4,2,2026
Jet Airways,Kolkata,Banglore,1,395,15,5,2019,17,0,23,35,28,9,2026
GoAir,Kolkata,Banglore,1,455,5,12,2019,16,40,0,15,13,5,2026
Jet Airways,Kolkata,Banglore,1,1655,24,5,2019,20,0,23,35,25,5,2026
Jet Airways,Banglore,New Delhi,1,435,21,3,2019,8,55,16,10,28,9,2026
Jet Airways,Delhi,Cochin,1,395,6,12,2019,21,50,4,25,13,6,2026
Jet Airways,Kolkata,Banglore,1,1550,6,6,2019,18,55,20,45,6,7,2026
Jet Airways,Delhi,Cochin,1,660,6,3,2019,8,0,19,0,28,9,2026
Jet Airways,Delhi,Cochin,2,910,15,6,2019,21,25,12,35,16,6,2026
Jet Airways,Banglore,Delhi,0,180,24,5,2019,17,45,20,45,28,9,2026
SpiceJet,Chennai,Kolkata,0,140,27,5,2019,17,45,20,5,28,9,2026
Jet Airways,Kolkata,Banglore,1,1500,5,1,2019,17,0,18,0,5,2,2026
Jet Airways,Kolkata,Banglore,1,1365,5,6,2019,20,25,19,10,5,7,2026
IndiGo,Banglore,New Delhi,0,175,3,1,2019,18,25,21,20,28,9,2026
Multiple carriers,Delhi,Cochin,1,420,6,9,2019,14,0,21,0,28,9,2026
IndiGo,Kolkata,Banglore,0,165,24,4,2019,9,35,12,20,28,9,2026
Multiple carriers,Delhi,Cochin,1,465,6,1,2019,11,30,19,15,28,9,2026
Multiple carriers,Delhi,Cochin,1,795,27,6,2019,6,0,19,15,28,9,2026
Jet Airways,Banglore,Delhi,0,180,27,4,2019,17,45,20,45,28,9,2026
Jet Airways,Kolkata,Banglore,1,730,21,5,2019,21,10,9,20,22,5,2026
Jet Airways,Banglore,Delhi,0,180,6,12,2019,8,20,11,20,28,9,2026
IndiGo,Delhi,Cochin,1,415,27,5,2019,18,35,1,30,28,5,2026
IndiGo,Mumbai,Hyderabad,0,85,3,3,2019,21,20,22,45,28,9,2026
Jet Airways,Kolkata,Banglore,1,705,21,5,2019,6,30,18,15,28,9,2026
Jet Airways,Delhi,Cochin,1,745,27,3,2019,16,0,4,25,28,3,2026
Air India,Kolkata,Banglore,0,155,4,9,2019,20,45,23,20,28,9,2026
Jet Airways,Delhi,Cochin,2,1465,21,3,2019,18,25,18,50,22,3,2026
IndiGo,Kolkata,Banglore,0,165,6,9,2019,9,35,12,20,28,9,2026
Jet Airways,Delhi,Cochin,2,1995,3,6,2019,19,10,4,25,3,8,2026
Jet Airways,Banglore,Delhi,0,180,18,6,2019,17,45,20,45,28,9,2026
IndiGo,Kolkata,Banglore,0,150,4,3,2019,15,15,17,45,28,9,2026
Jet Airways,Banglore,Delhi,0,175,6,3,2019,15,15,18,10,28,9,2026
SpiceJet,Banglore,Delhi,0,175,21,5,2019,21,10,0,5,22,5,2026
Vistara,Chennai,Kolkata,0,140,5,1,2019,17,45,20,5,28,9,2026
Air India,Banglore,New Delhi,2,1525,3,12,2019,8,50,10,15,13,3,2026
IndiGo,Banglore,New Delhi,1,285,3,1,2019,16,50,21,35,28,9,2026
IndiGo,Kolkata,Banglore,0,160,3,6,2019,21,25,0,5,3,7,2026
Air India,Delhi,Cochin,2,1490,21,3,2019,6,50,7,40,22,3,2026
Jet Airways,Delhi,Cochin,1,1505,24,6,2019,11,30,12,35,25,6,2026
Jet Airways,Mumbai,Hyderabad,0,85,18,6,2019,2,55,4,20,28,9,2026
Jet Airways,Kolkata,Banglore,1,800,24,5,2019,20,25,9,45,25,5,2026
IndiGo,Kolkata,Banglore,0,165,6,12,2019,9,35,12,20,28,9,2026
Air India,Banglore,New Delhi,1,410,3,3,2019,9,30,16,20,28,9,2026
Jet Airways,Banglore,Delhi,0,175,5,9,2019,11,10,14,5,28,9,2026
Air India,Mumbai,Hyderabad,0,75,15,3,2019,19,30,20,45,28,9,2026
IndiGo,Chennai,Kolkata,0,140,15,6,2019,19,35,21,55,28,9,2026
Jet Airways,Delhi,Cochin,2,1615,5,9,2019,9,40,12,35,5,10,2026
IndiGo,Delhi,Cochin,1,425,27,5,2019,5,5,12,10,28,9,2026
Jet Airways,Kolkata,Banglore,1,1655,5,6,2019,6,30,10,5,5,7,2026
Multiple carriers,Delhi,Cochin,1,455,21,3,2019,18,0,1,35,22,3,2026
IndiGo,Kolkata,Banglore,1,315,6,6,2019,21,0,2,15,6,7,2026
Jet Airways,Delhi,Cochin,1,650,21,3,2019,8,0,18,50,28,9,2026
Air India,Delhi,Cochin,1,555,27,5,2019,10,0,19,15,28,9,2026
Jet Airways,Kolkata,Banglore,1,705,6,9,2019,6,30,18,15,28,9,2026
Vistara,Banglore,Delhi,0,170,6,1,2019,21,0,23,50,28,9,2026
Air India,Delhi,Cochin,2,1410,27,3,2019,19,45,19,15,28,3,2026
Multiple carriers,Delhi,Cochin,1,910,6,3,2019,3,50,19,0,28,9,2026
IndiGo,Delhi,Cochin,0,195,27,5,2019,21,5,0,20,28,5,2026
IndiGo,Chennai,Kolkata,0,140,24,5,2019,7,55,10,15,28,9,2026
Jet Airways,Banglore,New Delhi,1,830,3,6,2019,20,35,10,25,3,7,2026
Air India,Delhi,Cochin,1,570,6,6,2019,13,30,23,0,28,9,2026
Jet Airways,Banglore,New Delhi,1,390,15,3,2019,5,50,12,20,28,9,2026
Jet Airways,Mumbai,Hyderabad,0,90,6,6,2019,19,35,21,5,28,9,2026
Multiple carriers,Delhi,Cochin,1,465,3,6,2019,11,30,19,15,28,9,2026
Jet Airways,Banglore,Delhi,0,180,6,6,2019,8,20,11,20,28,9,2026
Jet Airways,Delhi,Cochin,0,195,21,6,2019,11,0,14,15,28,9,2026
Multiple carriers,Delhi,Cochin,1,450,3,6,2019,8,0,15,30,28,9,2026
IndiGo,Delhi,Cochin,0,195,6,3,2019,5,35,8,50,28,9,2026
Air India,Delhi,Cochin,1,1660,3,1,2019,4,0,7,40,3,2,2026
SpiceJet,Chennai,Kolkata,0,155,3,1,2019,9,30,12,5,28,9,2026
Vistara,Kolkata,Banglore,1,765,15,5,2019,20,20,9,5,16,5,2026
Jet Airways,Delhi,Cochin,1,300,21,5,2019,14,0,19,0,28,9,2026
IndiGo,Banglore,Delhi,0,170,27,4,2019,22,10,1,0,28,4,2026
Jet Airways,Delhi,Cochin,0,195,6,12,2019,11,0,14,15,28,9,2026
Multiple carriers,Delhi,Cochin,1,535,24,6,2019,10,20,19,15,28,9,2026
SpiceJet,Kolkata,Banglore,0,155,15,5,2019,6,55,9,30,28,9,2026
IndiGo,Kolkata,Banglore,0,160,15,3,2019,21,25,0,5,16,3,2026
Jet Airways,Delhi,Cochin,2,1620,27,6,2019,9,35,12,35,28,6,2026
Multiple carriers,Delhi,Cochin,1,510,6,1,2019,17,0,1,30,6,2,2026
Jet Airways,Kolkata,Banglore,1,735,24,5,2019,20,0,8,15,25,5,2026
Multiple carriers,Delhi,Cochin,1,595,3,3,2019,8,55,18,50,28,9,2026
IndiGo,Kolkata,Banglore,0,160,21,3,2019,21,25,0,5,22,3,2026
IndiGo,Delhi,Cochin,1,810,5,6,2019,7,30,21,0,28,9,2026
Air India,Mumbai,Hyderabad,0,80,3,3,2019,21,5,22,25,28,9,2026
Jet Airways,Kolkata,Banglore,1,870,5,9,2019,20,25,10,55,5,10,2026
Multiple carriers,Delhi,Cochin,1,930,27,5,2019,10,0,1,30,28,5,2026
SpiceJet,Chennai,Kolkata,0,140,3,3,2019,17,45,20,5,28,9,2026
Multiple carriers,Delhi,Cochin,1,560,21,5,2019,11,40,21,0,28,9,2026
Air India,Delhi,Cochin,2,1595,24,6,2019,16,40,19,15,25,6,2026
Jet Airways,Mumbai,Hyderabad,0,90,3,3,2019,2,55,4,25,28,9,2026
Jet Airways,Mumbai,Hyderabad,0,90,21,5,2019,10,20,11,50,28,9,2026
Air India,Kolkata,Banglore,2,1700,21,5,2019,9,25,13,45,22,5,2026
Jet Airways,Banglore,Delhi,0,175,27,6,2019,11,10,14,5,28,9,2026
Multiple carriers,Delhi,Cochin,1,455,27,6,2019,11,40,19,15,28,9,2026
Air India,Delhi,Cochin,2,1275,27,6,2019,22,0,19,15,28,6,2026
SpiceJet,Banglore,New Delhi,0,175,3,3,2019,9,35,12,30,28,9,2026
Multiple carriers,Delhi,Cochin,1,515,3,9,2019,17,0,1,35,3,10,2026
Air India,Kolkata,Banglore,2,1045,5,12,2019,5,50,23,15,28,9,2026
Jet Airways,Delhi,Cochin,2,425,6,3,2019,5,30,12,35,28,9,2026
IndiGo,Delhi,Cochin,1,490,5,9,2019,14,20,22,30,28,9,2026
Air India,Banglore,New Delhi,1,495,3,12,2019,0,30,8,45,28,9,2026
IndiGo,Banglore,New Delhi,1,295,3,3,2019,12,10,17,5,28,9,2026
Multiple carriers,Delhi,Cochin,1,375,27,6,2019,13,0,19,15,28,9,2026
GoAir,Banglore,Delhi,0,175,18,4,2019,7,45,10,40,28,9,2026
Jet Airways,Delhi,Cochin,2,505,27,5,2019,20,0,4,25,28,5,2026
SpiceJet,Kolkata,Banglore,0,150,18,5,2019,14,55,17,25,28,9,2026
Jet Airways,Kolkata,Banglore,1,590,5,9,2019,8,25,18,15,28,9,2026
Vistara,Banglore,Delhi,0,160,27,6,2019,7,0,9,40,28,9,2026
Air India,Kolkata,Banglore,2,1415,21,5,2019,8,20,7,55,22,5,2026
Air India,Delhi,Cochin,1,1420,21,3,2019,9,45,9,25,22,3,2026
Jet Airways,Delhi,Cochin,1,335,18,5,2019,22,50,4,25,19,5,2026
Air India,Kolkata,Banglore,1,1185,5,12,2019,20,30,16,15,13,5,2026
Air India,Delhi,Cochin,2,1275,6,1,2019,22,0,19,15,6,2,2026
IndiGo,Delhi,Cochin,1,305,6,3,2019,23,30,4,35,6,4,2026
Jet Airways,Delhi,Cochin,2,830,15,6,2019,14,35,4,25,16,6,2026
SpiceJet,Delhi,Cochin,1,315,6,3,2019,6,5,11,20,28,9,2026
Multiple carriers,Delhi,Cochin,1,645,6,6,2019,8,30,19,15,28,9,2026
Jet Airways,Mumbai,Hyderabad,0,85,21,5,2019,2,55,4,20,28,9,2026
IndiGo,Banglore,Delhi,0,175,21,5,2019,18,25,21,20,28,9,2026
IndiGo,Banglore,New Delhi,0,170,24,3,2019,16,55,19,45,28,9,2026
IndiGo,Delhi,Cochin,1,345,6,1,2019,2,0,7,45,28,9,2026
IndiGo,Banglore,Delhi,0,175,24,4,2019,18,55,21,50,28,9,2026
IndiGo,Delhi,Cochin,1,845,5,6,2019,11,25,1,30,5,7,2026
Jet Airways,Kolkata,Banglore,1,1660,6,6,2019,18,55,22,35,6,7,2026
Multiple carriers,Delhi,Cochin,1,835,15,6,2019,7,5,21,0,28,9,2026
Jet Airways,Kolkata,Banglore,1,365,6,9,2019,16,30,22,35,28,9,2026
Air India,Delhi,Cochin,2,1730,6,6,2019,14,25,19,15,6,7,2026
Jet Airways,Delhi,Cochin,2,440,24,5,2019,11,40,19,0,28,9,2026
Air India,Mumbai,Hyderabad,0,90,3,1,2019,13,55,15,25,28,9,2026
Air India,Delhi,Cochin,1,640,6,6,2019,21,0,7,40,6,7,2026
IndiGo,Delhi,Cochin,1,885,3,3,2019,7,35,22,20,28,9,2026
Jet Airways,Kolkata,Banglore,1,910,5,12,2019,18,55,10,5,13,5,2026
Jet Airways,Kolkata,Banglore,1,425,24,5,2019,16,30,23,35,28,9,2026
Air India,Kolkata,Banglore,2,895,21,5,2019,8,20,23,15,28,9,2026
IndiGo,Banglore,New Delhi,0,170,18,3,2019,22,20,1,10,19,3,2026
Jet Airways,Kolkata,Banglore,1,660,24,3,2019,21,10,8,10,25,3,2026
IndiGo,Banglore,New Delhi,0,170,3,3,2019,13,0,15,50,28,9,2026
Air India,Delhi,Cochin,1,675,15,6,2019,8,0,19,15,28,9,2026
Multiple carriers,Delhi,Cochin,1,930,18,5,2019,10,0,1,30,19,5,2026
IndiGo,Banglore,Delhi,0,165,4,3,2019,1,30,4,15,28,9,2026
Air India,Delhi,Cochin,3,1585,27,6,2019,5,15,7,40,28,6,2026
IndiGo,Banglore,Delhi,0,175,5,6,2019,0,30,3,25,28,9,2026
Air India,Delhi,Cochin,1,1640,21,3,2019,6,5,9,25,22,3,2026
Vistara,Delhi,Cochin,0,190,21,6,2019,14,40,17,50,28,9,2026
IndiGo,Banglore,New Delhi,1,295,3,9,2019,16,55,21,50,28,9,2026
Vistara,Kolkata,Banglore,1,965,5,12,2019,17,0,9,5,13,5,2026
IndiGo,Kolkata,Banglore,0,155,4,6,2019,22,15,0,50,4,7,2026
Air India,Kolkata,Banglore,2,765,6,9,2019,16,50,5,35,6,10,2026
IndiGo,Mumbai,Hyderabad,0,95,6,3,2019,20,5,21,40,28,9,2026
Air India,Delhi,Cochin,1,1125,15,5,2019,13,30,8,15,16,5,2026
Jet Airways,Delhi,Cochin,1,865,18,5,2019,14,0,4,25,19,5,2026
Jet Airways,Banglore,Delhi,0,175,4,6,2019,15,15,18,10,28,9,2026
Jet Airways,Kolkata,Banglore,1,1220,6,6,2019,20,0,16,20,6,7,2026
Jet Airways,Kolkata,Banglore,1,1220,4,1,2019,20,0,16,20,4,2,2026
Jet Airways,Banglore,New Delhi,1,340,3,9,2019,5,45,11,25,28,9,2026
Jet Airways,Mumbai,Hyderabad,0,85,24,5,2019,7,5,8,30,28,9,2026
Jet Airways,Mumbai,Hyderabad,0,85,18,6,2019,7,5,8,30,28,9,2026
Jet Airways,Delhi,Cochin,2,1125,6,6,2019,9,40,4,25,6,7,2026
Jet Airways,Banglore,Delhi,0,180,4,1,2019,17,45,20,45,28,9,2026
Jet Airways,Kolkata,Banglore,1,590,18,5,2019,8,25,18,15,28,9,2026
Vistara,Kolkata,Banglore,1,965,5,1,2019,17,0,9,5,5,2,2026
Jet Airways,Delhi,Cochin,2,440,24,6,2019,11,40,19,0,28,9,2026
IndiGo,Kolkata,Banglore,1,340,24,3,2019,14,30,20,10,28,9,2026
Air Asia,Banglore,Delhi,0,170,15,5,2019,23,55,2,45,16,5,2026
Jet Airways,Banglore,New Delhi,1,1090,15,3,2019,14,5,8,15,16,3,2026
GoAir,Delhi,Cochin,1,540,24,6,2019,10,35,19,35,28,9,2026
Air Asia,Delhi,Cochin,1,865,3,3,2019,16,45,7,10,3,4,2026
Air India,Banglore,Delhi,0,170,24,6,2019,21,5,23,55,28,9,2026
Jet Airways,Delhi,Cochin,2,1195,5,9,2019,23,5,19,0,5,10,2026
SpiceJet,Banglore,Delhi,0,175,24,4,2019,21,10,0,5,25,4,2026
Jet Airways,Banglore,New Delhi,1,1425,3,12,2019,20,35,20,20,13,3,2026
Jet Airways,Banglore,New Delhi,1,1050,21,3,2019,16,55,10,25,19,3,2026
Jet Airways,Delhi,Cochin,2,425,6,6,2019,5,30,12,35,28,9,2026
IndiGo,Delhi,Cochin,1,615,27,3,2019,10,45,21,0,28,9,2026
Multiple carriers,Delhi,Cochin,1,720,6,3,2019,7,0,19,0,28,9,2026
Jet Airways,Banglore,New Delhi,1,1100,3,12,2019,18,55,13,15,13,3,2026
Jet Airways,Delhi,Cochin,1,925,15,6,2019,13,0,4,25,16,6,2026
SpiceJet,Banglore,Delhi,0,175,6,6,2019,21,10,0,5,6,7,2026
Jet Airways,Delhi,Cochin,1,1225,3,6,2019,8,0,4,25,3,7,2026
Air India,Kolkata,Banglore,1,1435,15,5,2019,20,30,20,25,16,5,2026
Multiple carriers,Delhi,Cochin,1,780,27,5,2019,8,0,21,0,28,9,2026
IndiGo,Delhi,Cochin,1,320,15,6,2019,17,5,22,25,28,9,2026
IndiGo,Kolkata,Banglore,0,165,18,3,2019,9,35,12,20,28,9,2026
SpiceJet,Chennai,Kolkata,0,135,21,6,2019,8,20,10,35,28,9,2026
Multiple carriers,Delhi,Cochin,1,915,3,3,2019,7,5,22,20,28,9,2026
Jet Airways,Delhi,Cochin,1,940,21,5,2019,20,55,12,35,22,5,2026
IndiGo,Delhi,Cochin,1,315,6,6,2019,7,15,12,30,28,9,2026
Jet Airways,Delhi,Cochin,2,810,27,6,2019,5,30,19,0,28,9,2026
IndiGo,Delhi,Cochin,1,300,15,5,2019,16,0,21,0,28,9,2026
Jet Airways,Kolkata,Banglore,1,855,4,1,2019,6,30,20,45,28,9,2026
IndiGo,Kolkata,Banglore,0,160,27,5,2019,21,25,0,5,28,5,2026
Jet Airways,Kolkata,Banglore,1,850,24,3,2019,8,25,22,35,28,9,2026
Air India,Delhi,Cochin,1,375,6,3,2019,13,0,19,15,28,9,2026
GoAir,Banglore,New Delhi,0,175,3,1,2019,11,40,14,35,28,9,2026
Jet Airways,Kolkata,Banglore,1,1495,6,6,2019,18,55,19,50,6,7,2026
Air India,Kolkata,Banglore,2,590,5,1,2019,12,0,21,50,28,9,2026
Multiple carriers,Delhi,Cochin,1,570,6,6,2019,16,0,1,30,6,7,2026
IndiGo,Delhi,Cochin,1,325,24,4,2019,2,0,7,25,28,9,2026
Air India,Kolkata,Banglore,2,1165,6,9,2019,10,0,5,25,6,10,2026
Jet Airways,Banglore,New Delhi,1,650,3,9,2019,21,25,8,15,13,3,2026
IndiGo,Chennai,Kolkata,0,145,27,6,2019,5,15,7,40,28,9,2026
IndiGo,Banglore,Delhi,0,180,4,1,2019,16,55,19,55,28,9,2026
Jet Airways,Delhi,Cochin,1,1280,5,9,2019,7,5,4,25,5,10,2026
SpiceJet,Kolkata,Banglore,0,145,4,9,2019,9,0,11,25,28,9,2026
Jet Airways,Kolkata,Banglore,1,775,5,9,2019,21,10,10,5,5,10,2026
Vistara,Banglore,Delhi,0,170,24,6,2019,9,45,12,35,28,9,2026
Jet Airways,Delhi,Cochin,1,1610,3,3,2019,16,0,18,50,3,4,2026
Vistara,Kolkata,Banglore,1,1640,5,9,2019,17,0,20,20,5,10,2026
Jet Airways,Kolkata,Banglore,1,1545,5,6,2019,6,30,8,15,5,7,2026
Air India,Banglore,Delhi,0,165,27,4,2019,10,0,12,45,28,9,2026
Multiple carriers,Delhi,Cochin,1,780,3,9,2019,8,0,21,0,28,9,2026
Vistara,Banglore,Delhi,0,170,15,4,2019,21,0,23,50,28,9,2026
Jet Airways,Delhi,Cochin,2,830,6,6,2019,14,35,4,25,6,7,2026
Air Asia,Banglore,Delhi,0,170,5,1,2019,4,55,7,45,28,9,2026
Jet Airways,Delhi,Cochin,1,1165,24,6,2019,9,0,4,25,25,6,2026
Jet Airways,Kolkata,Banglore,1,330,6,12,2019,6,30,12,0,28,9,2026
Air India,Banglore,Delhi,0,165,24,4,2019,17,0,19,45,28,9,2026
Jet Airways,Banglore,New Delhi,1,1425,3,6,2019,11,40,11,25,3,7,2026
Jet Airways,Delhi,Cochin,1,655,18,5,2019,17,30,4,25,19,5,2026
Jet Airways,Delhi,Cochin,1,1665,27,3,2019,16,0,19,45,28,3,2026
Multiple carriers,Delhi,Cochin,1,780,24,6,2019,6,0,19,0,28,9,2026
IndiGo,Delhi,Cochin,1,320,6,1,2019,17,5,22,25,28,9,2026
IndiGo,Delhi,Cochin,0,195,24,4,2019,5,35,8,50,28,9,2026
Multiple carriers,Delhi,Cochin,1,735,27,5,2019,8,45,21,0,28,9,2026
Jet Airways,Kolkata,Banglore,1,1285,6,6,2019,18,55,16,20,6,7,2026
Jet Airways,Delhi,Cochin,2,1125,18,5,2019,9,40,4,25,19,5,2026
Jet Airways,Mumbai,Hyderabad,0,90,6,9,2019,10,20,11,50,28,9,2026
IndiGo,Delhi,Cochin,1,860,5,9,2019,6,40,21,0,28,9,2026
IndiGo,Kolkata,Banglore,0,155,4,9,2019,4,40,7,15,28,9,2026
Air India,Kolkata,Banglore,2,1100,6,9,2019,7,0,1,20,6,10,2026
IndiGo,Kolkata,Banglore,0,150,24,6,2019,14,25,16,55,28,9,2026
IndiGo,Banglore,Delhi,0,170,18,6,2019,20,0,22,50,28,9,2026
GoAir,Delhi,Cochin,1,440,3,9,2019,6,0,13,20,28,9,2026
Jet Airways,Delhi,Cochin,2,1300,6,9,2019,6,45,4,25,6,10,2026
IndiGo,Chennai,Kolkata,0,140,18,6,2019,7,55,10,15,28,9,2026
Multiple carriers,Delhi,Cochin,1,375,15,6,2019,13,0,19,15,28,9,2026
Jet Airways,Delhi,Cochin,2,1320,27,6,2019,14,35,12,35,28,6,2026
IndiGo,Banglore,New Delhi,0,170,15,3,2019,13,0,15,50,28,9,2026
Multiple carriers,Delhi,Cochin,1,760,15,6,2019,12,50,1,30,16,6,2026
IndiGo,Kolkata,Banglore,0,150,6,6,2019,14,25,16,55,28,9,2026
Air Asia,Banglore,Delhi,0,170,24,5,2019,23,55,2,45,25,5,2026
Jet Airways,Banglore,Delhi,0,180,6,1,2019,17,45,20,45,28,9,2026
Jet Airways,Banglore,New Delhi,1,640,3,1,2019,14,5,0,45,3,2,2026
Jet Airways,Delhi,Cochin,1,330,15,6,2019,7,5,12,35,28,9,2026
Multiple carriers,Delhi,Cochin,1,520,5,9,2019,10,35,19,15,28,9,2026
Jet Airways,Kolkata,Banglore,1,345,5,9,2019,14,5,19,50,28,9,2026
Jet Airways,Mumbai,Hyderabad,0,85,24,5,2019,2,55,4,20,28,9,2026
Multiple carriers,Delhi,Cochin,1,615,15,5,2019,8,45,19,0,28,9,2026
Multiple carriers,Delhi,Cochin,1,630,3,9,2019,15,5,1,35,3,10,2026
Air India,Banglore,New Delhi,2,655,3,3,2019,10,30,21,25,28,9,2026
Air India,Kolkata,Banglore,2,920,4,1,2019,10,0,1,20,4,2,2026
Jet Airways,Delhi,Cochin,1,925,6,6,2019,13,0,4,25,6,7,2026
Jet Airways,Kolkata,Banglore,1,1570,6,9,2019,17,0,19,10,6,10,2026
SpiceJet,Chennai,Kolkata,0,135,6,9,2019,8,20,10,35,28,9,2026
Multiple carriers,Delhi,Cochin,1,510,21,3,2019,10,20,18,50,28,9,2026
SpiceJet,Chennai,Kolkata,0,135,5,6,2019,8,20,10,35,28,9,2026
Jet Airways,Banglore,New Delhi,1,520,21,3,2019,11,40,20,20,28,9,2026
IndiGo,Kolkata,Banglore,0,160,5,12,2019,21,25,0,5,13,5,2026
IndiGo,Delhi,Cochin,1,380,15,5,2019,16,10,22,30,28,9,2026
Jet Airways,Kolkata,Banglore,1,1495,18,5,2019,18,55,19,50,19,5,2026
Multiple carriers,Delhi,Cochin,1,385,27,6,2019,12,50,19,15,28,9,2026
Vistara,Banglore,New Delhi,0,160,3,3,2019,7,0,9,40,28,9,2026
Jet Airways,Kolkata,Banglore,1,910,5,1,2019,18,55,10,5,5,2,2026
IndiGo,Banglore,Delhi,0,170,24,5,2019,23,30,2,20,25,5,2026
Air India,Mumbai,Hyderabad,0,75,3,1,2019,19,30,20,45,28,9,2026
IndiGo,Kolkata,Banglore,0,155,18,6,2019,17,15,19,50,28,9,2026
Jet Airways,Kolkata,Banglore,1,1295,4,1,2019,20,25,18,0,4,2,2026
Jet Airways,Kolkata,Banglore,1,1540,5,1,2019,20,25,22,5,5,2,2026
Jet Airways,Kolkata,Banglore,1,520,6,9,2019,20,0,4,40,6,10,2026
Jet Airways,Kolkata,Banglore,1,390,24,3,2019,16,55,23,25,28,9,2026
Jet Airways,Banglore,Delhi,0,165,5,12,2019,6,0,8,45,28,9,2026
Jet Airways,Delhi,Cochin,2,1615,6,1,2019,9,40,12,35,6,2,2026
Jet Airways,Banglore,Delhi,0,185,24,4,2019,18,55,22,0,28,9,2026
IndiGo,Delhi,Cochin,1,810,5,1,2019,7,30,21,0,28,9,2026
Jet Airways,Banglore,New Delhi,1,365,3,1,2019,18,40,0,45,3,2,2026
Vistara,Kolkata,Banglore,1,1550,6,6,2019,17,0,18,50,6,7,2026
Multiple carriers,Delhi,Cochin,1,435,6,1,2019,18,15,1,30,6,2,2026
Multiple carriers,Delhi,Cochin,3,565,15,5,2019,11,35,21,0,28,9,2026
Air India,Delhi,Cochin,2,1470,6,12,2019,7,10,7,40,13,6,2026
Jet Airways,Delhi,Cochin,2,1390,18,5,2019,13,25,12,35,19,5,2026
SpiceJet,Kolkata,Banglore,0,155,5,6,2019,6,55,9,30,28,9,2026
Jet Airways,Delhi,Cochin,2,1125,27,5,2019,9,40,4,25,28,5,2026
Jet Airways,Banglore,Delhi,0,185,6,1,2019,18,55,22,0,28,9,2026
Jet Airways,Kolkata,Banglore,1,910,15,5,2019,18,55,10,5,16,5,2026
Air India,Delhi,Cochin,2,1245,6,3,2019,10,55,7,40,6,4,2026
IndiGo,Banglore,Delhi,0,170,4,3,2019,10,10,13,0,28,9,2026
Jet Airways,Delhi,Cochin,2,425,24,6,2019,5,30,12,35,28,9,2026
IndiGo,Chennai,Kolkata,0,140,27,5,2019,7,55,10,15,28,9,2026
SpiceJet,Kolkata,Banglore,1,435,18,5,2019,11,35,18,50,28,9,2026
Air India,Delhi,Cochin,1,1535,27,4,2019,5,15,6,50,28,4,2026
Jet Airways,Kolkata,Banglore,1,1655,18,5,2019,20,0,23,35,19,5,2026
Air India,Delhi,Cochin,1,615,27,6,2019,9,0,19,15,28,9,2026
Jet Airways,Mumbai,Hyderabad,0,90,18,3,2019,15,50,17,20,28,9,2026
Jet Airways,Kolkata,Banglore,1,750,6,12,2019,9,35,22,5,28,9,2026
SpiceJet,Chennai,Kolkata,0,140,5,3,2019,17,45,20,5,28,9,2026
Jet Airways,Delhi,Cochin,2,440,6,6,2019,11,40,19,0,28,9,2026
Jet Airways,Banglore,Delhi,0,165,6,1,2019,6,0,8,45,28,9,2026
Air India,Kolkata,Banglore,0,155,15,5,2019,20,45,23,20,28,9,2026
Multiple carriers,Delhi,Cochin,1,710,3,6,2019,7,0,18,50,28,9,2026
Jet Airways,Kolkata,Banglore,1,570,5,6,2019,14,5,23,35,28,9,2026
IndiGo,Delhi,Cochin,1,575,27,3,2019,16,0,1,35,28,3,2026
Jet Airways,Mumbai,Hyderabad,0,90,24,3,2019,19,35,21,5,28,9,2026
Air Asia,Kolkata,Banglore,1,710,6,12,2019,7,35,19,25,28,9,2026
Jet Airways,Delhi,Cochin,1,1570,3,9,2019,2,15,4,25,3,10,2026
SpiceJet,Kolkata,Banglore,1,315,4,9,2019,15,5,20,20,28,9,2026
Jet Airways,Delhi,Cochin,1,1280,18,5,2019,7,5,4,25,19,5,2026
IndiGo,Chennai,Kolkata,0,145,6,1,2019,11,35,14,0,28,9,2026
Jet Airways,Delhi,Cochin,1,1015,21,5,2019,11,30,4,25,22,5,2026
Air India,Delhi,Cochin,1,735,3,9,2019,7,0,19,15,28,9,2026
Jet Airways,Mumbai,Hyderabad,0,90,18,3,2019,10,20,11,50,28,9,2026
Air India,Delhi,Cochin,1,795,18,5,2019,9,45,23,0,28,9,2026
SpiceJet,Chennai,Kolkata,0,140,6,9,2019,17,45,20,5,28,9,2026
Jet Airways,Delhi,Cochin,1,1165,6,1,2019,9,0,4,25,6,2,2026
Multiple carriers,Delhi,Cochin,1,520,5,9,2019,10,20,19,0,28,9,2026
Air India,Mumbai,Hyderabad,0,80,5,12,2019,6,20,7,40,28,9,2026
Jet Airways,Delhi,Cochin,2,1320,6,1,2019,14,35,12,35,6,2,2026
Jet Airways,Delhi,Cochin,2,535,27,5,2019,19,30,4,25,28,5,2026
SpiceJet,Delhi,Cochin,1,270,5,9,2019,8,45,13,15,28,9,2026
Air India,Delhi,Cochin,1,1125,3,6,2019,13,30,8,15,3,7,2026
IndiGo,Mumbai,Hyderabad,0,90,27,6,2019,2,35,4,5,28,9,2026
Jet Airways,Mumbai,Hyderabad,0,90,5,1,2019,19,35,21,5,28,9,2026
Jet Airways,Kolkata,Banglore,1,1315,5,6,2019,14,5,12,0,5,7,2026
IndiGo,Kolkata,Banglore,0,150,21,4,2019,15,15,17,45,28,9,2026
Jet Airways,Delhi,Cochin,1,1570,27,5,2019,2,15,4,25,28,5,2026
Jet Airways,Banglore,Delhi,0,180,5,1,2019,17,45,20,45,28,9,2026
Air Asia,Delhi,Cochin,1,330,5,9,2019,7,55,13,25,28,9,2026
Air Asia,Banglore,Delhi,0,170,24,5,2019,4,55,7,45,28,9,2026
Multiple carriers,Delhi,Cochin,1,540,21,3,2019,7,10,16,10,28,9,2026
Jet Airways,Delhi,Cochin,2,425,6,9,2019,5,30,12,35,28,9,2026
Jet Airways,Banglore,Delhi,0,180,21,6,2019,8,20,11,20,28,9,2026
Jet Airways,Kolkata,Banglore,1,475,5,1,2019,8,25,16,20,28,9,2026
Jet Airways,Kolkata,Banglore,2,1495,6,6,2019,6,30,7,25,6,7,2026
SpiceJet,Delhi,Cochin,1,270,6,6,2019,8,45,13,15,28,9,2026
Jet Airways,Banglore,New Delhi,1,1290,18,3,2019,22,50,20,20,16,3,2026
Air India,Delhi,Cochin,2,1560,3,3,2019,17,15,19,15,3,4,2026
Vistara,Chennai,Kolkata,0,135,24,5,2019,7,5,9,20,28,9,2026
Jet Airways,Delhi,Cochin,2,1300,15,6,2019,6,45,4,25,16,6,2026
Vistara,Banglore,Delhi,0,160,15,6,2019,7,0,9,40,28,9,2026
Air India,Mumbai,Hyderabad,1,1440,3,6,2019,9,15,9,15,3,7,2026
SpiceJet,Kolkata,Banglore,0,145,6,1,2019,9,0,11,25,28,9,2026
Multiple carriers,Delhi,Cochin,1,780,6,12,2019,8,0,21,0,28,9,2026
Multiple carriers,Delhi,Cochin,1,390,24,6,2019,19,0,1,30,25,6,2026
Air India,Delhi,Cochin,2,1275,6,9,2019,22,0,19,15,6,10,2026
Jet Airways,Delhi,Cochin,1,1270,24,6,2019,21,50,19,0,25,6,2026
Vistara,Kolkata,Banglore,1,1595,4,1,2019,20,20,22,55,4,2,2026
SpiceJet,Kolkata,Banglore,0,160,21,3,2019,6,55,9,35,28,9,2026
Air India,Delhi,Cochin,2,1410,18,5,2019,19,45,19,15,19,5,2026
Air India,Banglore,Delhi,0,165,21,6,2019,6,10,8,55,28,9,2026
Air Asia,Kolkata,Banglore,0,155,15,4,2019,10,20,12,55,28,9,2026
IndiGo,Banglore,Delhi,0,180,18,6,2019,16,55,19,55,28,9,2026
IndiGo,Mumbai,Hyderabad,0,90,5,12,2019,2,35,4,5,28,9,2026
Air India,Delhi,Cochin,2,1275,6,12,2019,22,0,19,15,13,6,2026
IndiGo,Banglore,New Delhi,0,170,24,3,2019,18,55,21,45,28,9,2026
Vistara,Banglore,Delhi,0,170,4,1,2019,9,45,12,35,28,9,2026
Jet Airways,Kolkata,Banglore,1,1545,5,12,2019,6,30,8,15,13,5,2026
Air Asia,Kolkata,Banglore,0,150,4,12,2019,22,50,1,20,13,4,2026
Vistara,Kolkata,Banglore,1,700,6,12,2019,7,10,18,50,28,9,2026
Air India,Kolkata,Banglore,1,745,15,5,2019,9,25,21,50,28,9,2026
IndiGo,Banglore,New Delhi,0,165,24,3,2019,0,40,3,25,28,9,2026
Multiple carriers,Delhi,Cochin,1,375,5,9,2019,13,0,19,15,28,9,2026
Jet Airways,Banglore,New Delhi,1,1210,3,6,2019,8,55,5,5,3,7,2026
Air India,Kolkata,Banglore,1,965,24,3,2019,19,0,11,5,25,3,2026
Air India,Delhi,Cochin,2,1410,6,9,2019,19,45,19,15,6,10,2026
Jet Airways,Delhi,Cochin,2,1325,27,3,2019,6,20,4,25,28,3,2026
Air Asia,Banglore,New Delhi,0,165,24,3,2019,23,25,2,10,28,3,2026
Jet Airways,Kolkata,Banglore,1,1005,6,12,2019,17,0,9,45,13,6,2026
Multiple carriers,Delhi,Cochin,1,575,3,6,2019,16,0,1,35,3,7,2026
Jet Airways,Kolkata,Banglore,1,735,4,1,2019,20,0,8,15,4,2,2026
Jet Airways,Kolkata,Banglore,1,1660,6,12,2019,18,55,22,35,13,6,2026
Jet Airways,Delhi,Cochin,1,655,3,3,2019,17,30,4,25,3,4,2026
Jet Airways,Delhi,Cochin,2,2040,21,3,2019,18,25,4,25,23,3,2026
Multiple carriers,Delhi,Cochin,1,845,21,3,2019,4,45,18,50,28,9,2026
IndiGo,Chennai,Kolkata,0,145,15,5,2019,5,15,7,40,28,9,2026
Jet Airways,Kolkata,Banglore,1,1285,5,9,2019,17,0,14,25,5,10,2026
Air India,Delhi,Cochin,1,320,24,6,2019,17,40,23,0,28,9,2026
Air India,Delhi,Cochin,1,675,6,6,2019,8,0,19,15,28,9,2026
Jet Airways,Delhi,Cochin,1,1395,6,3,2019,19,45,19,0,6,4,2026
Multiple carriers,Delhi,Cochin,1,570,27,3,2019,11,30,21,0,28,9,2026
IndiGo,Banglore,Delhi,0,175,5,1,2019,18,25,21,20,28,9,2026
Jet Airways,Kolkata,Banglore,1,800,6,12,2019,18,55,8,15,13,6,2026
Air India,Banglore,Delhi,0,165,24,6,2019,6,10,8,55,28,9,2026
Multiple carriers,Delhi,Cochin,1,635,21,3,2019,15,0,1,35,22,3,2026
Air India,Banglore,New Delhi,1,985,21,3,2019,6,55,23,20,28,9,2026
Jet Airways,Delhi,Cochin,0,195,5,12,2019,11,0,14,15,28,9,2026
Air India,Kolkata,Banglore,2,1840,5,1,2019,5,50,12,30,5,2,2026
Jet Airways,Banglore,New Delhi,1,390,15,3,2019,5,50,12,20,28,9,2026
Jet Airways,Kolkata,Banglore,1,1335,21,5,2019,20,0,18,15,22,5,2026
Jet Airways,Delhi,Cochin,2,1295,27,6,2019,21,25,19,0,28,6,2026
Air India,Delhi,Cochin,2,1180,6,12,2019,12,0,7,40,13,6,2026
Jet Airways,Delhi,Cochin,1,600,6,3,2019,9,0,19,0,28,9,2026
SpiceJet,Kolkata,Banglore,0,145,5,3,2019,9,0,11,25,28,9,2026
Jet Airways,Delhi,Cochin,1,620,6,12,2019,2,15,12,35,28,9,2026
Multiple carriers,Delhi,Cochin,1,760,6,12,2019,12,50,1,30,13,6,2026
Multiple carriers,Delhi,Cochin,1,555,27,6,2019,10,0,19,15,28,9,2026
Multiple carriers,Delhi,Cochin,1,450,21,3,2019,8,0,15,30,28,9,2026
Air India,Delhi,Cochin,0,185,5,12,2019,18,5,21,10,28,9,2026
Jet Airways,Banglore,Delhi,0,165,15,4,2019,6,0,8,45,28,9,2026
IndiGo,Banglore,New Delhi,0,175,3,3,2019,10,5,13,0,28,9,2026
Air Asia,Banglore,Delhi,0,165,6,12,2019,11,10,13,55,28,9,2026
Air India,Banglore,Delhi,0,170,5,12,2019,13,20,16,10,28,9,2026
Multiple carriers,Delhi,Cochin,1,690,27,5,2019,14,0,1,30,28,5,2026
Multiple carriers,Delhi,Cochin,1,765,6,3,2019,9,45,22,30,28,9,2026
Multiple carriers,Delhi,Cochin,1,660,6,9,2019,10,0,21,0,28,9,2026
IndiGo,Delhi,Cochin,1,505,27,3,2019,17,10,1,35,28,3,2026
Multiple carriers,Delhi,Cochin,1,600,21,5,2019,9,15,19,15,28,9,2026
Jet Airways,Kolkata,Banglore,1,735,15,5,2019,20,0,8,15,16,5,2026
Jet Airways,Delhi,Cochin,2,560,15,6,2019,9,40,19,0,28,9,2026
Jet Airways,Delhi,Cochin,1,1505,4,6,2019,11,30,12,35,4,7,2026
IndiGo,Delhi,Cochin,1,355,27,3,2019,7,45,13,40,28,9,2026
Multiple carriers,Delhi,Cochin,1,645,6,12,2019,8,30,19,15,28,9,2026
GoAir,Banglore,Delhi,0,175,24,5,2019,7,45,10,40,28,9,2026
IndiGo,Banglore,Delhi,0,175,4,3,2019,7,10,10,5,28,9,2026
Multiple carriers,Delhi,Cochin,1,660,24,6,2019,10,0,21,0,28,9,2026
Multiple carriers,Delhi,Cochin,1,520,27,5,2019,10,20,19,0,28,9,2026
Jet Airways,Banglore,New Delhi,1,1435,3,6,2019,21,25,21,20,3,7,2026
Multiple carriers,Delhi,Cochin,1,910,6,3,2019,10,20,1,30,6,4,2026
Multiple carriers,Delhi,Cochin,1,615,15,6,2019,8,45,19,0,28,9,2026
Vistara,Kolkata,Banglore,1,975,5,9,2019,7,10,23,25,28,9,2026
Jet Airways,Delhi,Cochin,2,810,5,9,2019,23,5,12,35,5,10,2026
Multiple carriers,Delhi,Cochin,1,910,15,6,2019,3,50,19,0,28,9,2026
Jet Airways,Banglore,Delhi,0,180,5,12,2019,17,45,20,45,28,9,2026
Jet Airways,Delhi,Cochin,2,560,21,5,2019,9,40,19,0,28,9,2026
IndiGo,Kolkata,Banglore,0,160,3,6,2019,17,15,19,55,28,9,2026
Jet Airways,Delhi,Cochin,2,1045,27,6,2019,19,10,12,35,28,6,2026
Jet Airways,Delhi,Cochin,1,1165,27,3,2019,9,0,4,25,28,3,2026
Jet Airways,Kolkata,Banglore,1,400,5,9,2019,14,5,20,45,28,9,2026
Multiple carriers,Delhi,Cochin,1,760,15,5,2019,12,50,1,30,16,5,2026
IndiGo,Banglore,New Delhi,0,165,3,3,2019,0,40,3,25,28,9,2026
Jet Airways,Delhi,Cochin,1,925,6,1,2019,13,0,4,25,6,2,2026
